dataset_name,algorithm,use_asymmetric_transformation,use_hnsw_pruning_rule_on_X,k,num_threads_build,num_threads_search,run_timestamp_utc,git_commit,git_dirty,hostname,hnsw_m,hnsw_ef_construction,hnsw_ef_search,hnsw_learn_insert_order,hnsw_num_learn_queries,roargraph_m_sq,roargraph_m_pjbp,roargraph_l_pjpq,roargraph_l_pq,roargraph_learn_neighbors_rows_hdf5,roargraph_learn_neighbors_cols_hdf5,roargraph_num_learn_queries,roargraph_learn_neighbors_k,roargraph_learn_query_source,roargraph_learn_query_sample_seed,roargraph_database_rows,roargraph_learn_neighbors_rows_actual,roargraph_learn_neighbors_dropped_rows,nsg_r,nsg_l,nsg_c,nsg_search_l,build_time_ms,rss_before_build_bytes,rss_after_build_bytes,rss_build_delta_bytes,index_size_bytes,recall_X_avg_at_k,recall_X_min,recall_X_p50,recall_X_p95,recall_X_p99,recall_X_std,recall_X_frac_at_0,recall_X_frac_at_1,recall_X_asymmetric_avg_at_k,recall_X_asymmetric_min,recall_X_asymmetric_p50,recall_X_asymmetric_p95,recall_X_asymmetric_p99,recall_X_asymmetric_std,recall_X_asymmetric_frac_at_0,recall_X_asymmetric_frac_at_1,num_queries,queries_per_sec,search_time_X_ms,top_candidates_avg_X,top_candidates_median_X,selected_neighbors_avg_X,selected_neighbors_median_X,degree_lowest_layer_avg_X,degree_lowest_layer_median_X,degree_lowest_layer_max_X,degree_avg_X,degree_median_X,degree_max_X,search_time_X_asymmetric_ms,top_candidates_avg_X_asymmetric,top_candidates_median_X_asymmetric,selected_neighbors_avg_X_asymmetric,selected_neighbors_median_X_asymmetric,degree_lowest_layer_avg_X_asymmetric,degree_lowest_layer_median_X_asymmetric,degree_lowest_layer_max_X_asymmetric,degree_avg_X_asymmetric,degree_median_X_asymmetric,degree_max_X_asymmetric
yi-128-ip,hnsw-hnswlib,False,True,10,1,1,2026-06-01T18:09:50.880764+00:00,49eec5d,True,reference-machine,96,500,10,none,0,,,,,,,,,,,,,,,,,,328486.5895030089,541704192,830730240,289026048,244207820,0.12330000102519989,0.0,0.0,0.5,0.800000011920929,0.19101598858833313,0.565,0.002,,,,,,,,,1000,20825.016012353095,48.0191707611084,498.64662525618127,500.0,1.61832809116629,1.0,2.391992248846111,1.0,192,2.4776382404454784,1.0,279,,,,,,,,,,,
yi-128-ip,hnsw-hnswlib,False,True,10,1,1,2026-06-01T18:09:51.006221+00:00,49eec5d,True,reference-machine,96,500,20,none,0,,,,,,,,,,,,,,,,,,328486.5895030089,541704192,830730240,289026048,244207820,0.1656000018119812,0.0,0.10000000149011612,0.6000000238418579,0.8999999761581421,0.21329942345619202,0.435,0.002,,,,,,,,,1000,10227.465362275727,97.77593612670898,498.64662525618127,500.0,1.61832809116629,1.0,2.391992248846111,1.0,192,2.4776382404454784,1.0,279,,,,,,,,,,,
yi-128-ip,hnsw-hnswlib,False,True,10,1,1,2026-06-01T18:09:51.166500+00:00,49eec5d,True,reference-machine,96,500,30,none,0,,,,,,,,,,,,,,,,,,328486.5895030089,541704192,830730240,289026048,244207820,0.19300000369548798,0.0,0.10000000149011612,0.699999988079071,0.8999999761581421,0.22536858916282654,0.368,0.005,,,,,,,,,1000,7445.369081768866,134.31167602539062,498.64662525618127,500.0,1.61832809116629,1.0,2.391992248846111,1.0,192,2.4776382404454784,1.0,279,,,,,,,,,,,
yi-128-ip,hnsw-hnswlib,False,True,10,1,1,2026-06-01T18:09:51.358503+00:00,49eec5d,True,reference-machine,96,500,40,none,0,,,,,,,,,,,,,,,,,,328486.5895030089,541704192,830730240,289026048,244207820,0.21570001542568207,0.0,0.10000000149011612,0.699999988079071,0.8999999761581421,0.2326875776052475,0.321,0.006,,,,,,,,,1000,6015.7971357472225,166.2290096282959,498.64662525618127,500.0,1.61832809116629,1.0,2.391992248846111,1.0,192,2.4776382404454784,1.0,279,,,,,,,,,,,
yi-128-ip,hnsw-hnswlib,False,True,10,1,1,2026-06-01T18:09:51.578946+00:00,49eec5d,True,reference-machine,96,500,50,none,0,,,,,,,,,,,,,,,,,,328486.5895030089,541704192,830730240,289026048,244207820,0.2328999936580658,0.0,0.20000000298023224,0.699999988079071,0.8999999761581421,0.24184207618236542,0.299,0.009,,,,,,,,,1000,5141.767149014628,194.48566436767578,498.64662525618127,500.0,1.61832809116629,1.0,2.391992248846111,1.0,192,2.4776382404454784,1.0,279,,,,,,,,,,,
yi-128-ip,hnsw-hnswlib,False,True,10,1,1,2026-06-01T18:09:51.823369+00:00,49eec5d,True,reference-machine,96,500,60,none,0,,,,,,,,,,,,,,,,,,328486.5895030089,541704192,830730240,289026048,244207820,0.24960000813007355,0.0,0.20000000298023224,0.800000011920929,0.9009999763965597,0.246210977435112,0.262,0.01,,,,,,,,,1000,4582.902010146338,218.2023525238037,498.64662525618127,500.0,1.61832809116629,1.0,2.391992248846111,1.0,192,2.4776382404454784,1.0,279,,,,,,,,,,,
yi-128-ip,hnsw-hnswlib,False,True,10,1,1,2026-06-01T18:09:52.117627+00:00,49eec5d,True,reference-machine,96,500,80,none,0,,,,,,,,,,,,,,,,,,328486.5895030089,541704192,830730240,289026048,244207820,0.2743999660015106,0.0,0.20000000298023224,0.800000011920929,1.0,0.2523977756500244,0.231,0.012,,,,,,,,,1000,3723.3421720052306,268.57590675354004,498.64662525618127,500.0,1.61832809116629,1.0,2.391992248846111,1.0,192,2.4776382404454784,1.0,279,,,,,,,,,,,
yi-128-ip,hnsw-hnswlib,False,True,10,1,1,2026-06-01T18:09:52.458804+00:00,49eec5d,True,reference-machine,96,500,100,none,0,,,,,,,,,,,,,,,,,,328486.5895030089,541704192,830730240,289026048,244207820,0.2914000153541565,0.0,0.20000000298023224,0.800000011920929,1.0,0.2537440359592438,0.197,0.012,,,,,,,,,1000,3169.385082602818,315.5186176300049,498.64662525618127,500.0,1.61832809116629,1.0,2.391992248846111,1.0,192,2.4776382404454784,1.0,279,,,,,,,,,,,
yi-128-ip,hnsw-hnswlib,False,True,10,1,1,2026-06-01T18:09:52.907668+00:00,49eec5d,True,reference-machine,96,500,150,none,0,,,,,,,,,,,,,,,,,,328486.5895030089,541704192,830730240,289026048,244207820,0.3269999921321869,0.0,0.30000001192092896,0.800000011920929,1.0,0.25851693749427795,0.154,0.016,,,,,,,,,1000,2365.4242228052326,422.7571487426758,498.64662525618127,500.0,1.61832809116629,1.0,2.391992248846111,1.0,192,2.4776382404454784,1.0,279,,,,,,,,,,,
yi-128-ip,hnsw-hnswlib,False,True,10,1,1,2026-06-01T18:09:53.451937+00:00,49eec5d,True,reference-machine,96,500,200,none,0,,,,,,,,,,,,,,,,,,328486.5895030089,541704192,830730240,289026048,244207820,0.3463999927043915,0.0,0.30000001192092896,0.8999999761581421,1.0,0.26227280497550964,0.136,0.017,,,,,,,,,1000,1929.0116302600159,518.4001922607422,498.64662525618127,500.0,1.61832809116629,1.0,2.391992248846111,1.0,192,2.4776382404454784,1.0,279,,,,,,,,,,,
yi-128-ip,hnsw-hnswlib,False,True,10,1,1,2026-06-01T18:09:54.188754+00:00,49eec5d,True,reference-machine,96,500,300,none,0,,,,,,,,,,,,,,,,,,328486.5895030089,541704192,830730240,289026048,244207820,0.3720000088214874,0.0,0.30000001192092896,0.8999999761581421,1.0,0.2616027593612671,0.11,0.019,,,,,,,,,1000,1406.2665858865191,711.1027240753174,498.64662525618127,500.0,1.61832809116629,1.0,2.391992248846111,1.0,192,2.4776382404454784,1.0,279,,,,,,,,,,,
yi-128-ip,hnsw-hnswlib,False,True,10,1,1,2026-06-01T18:09:55.089175+00:00,49eec5d,True,reference-machine,96,500,400,none,0,,,,,,,,,,,,,,,,,,328486.5895030089,541704192,830730240,289026048,244207820,0.3919999897480011,0.0,0.4000000059604645,0.8999999761581421,1.0,0.2608371078968048,0.089,0.026,,,,,,,,,1000,1143.427296216713,874.5636940002441,498.64662525618127,500.0,1.61832809116629,1.0,2.391992248846111,1.0,192,2.4776382404454784,1.0,279,,,,,,,,,,,
yi-128-ip,hnsw-hnswlib,False,True,10,1,1,2026-06-01T18:09:56.159887+00:00,49eec5d,True,reference-machine,96,500,500,none,0,,,,,,,,,,,,,,,,,,328486.5895030089,541704192,830730240,289026048,244207820,0.4059000015258789,0.0,0.4000000059604645,0.8999999761581421,1.0,0.2606438100337982,0.08,0.027,,,,,,,,,1000,956.8656866918618,1045.0787544250488,498.64662525618127,500.0,1.61832809116629,1.0,2.391992248846111,1.0,192,2.4776382404454784,1.0,279,,,,,,,,,,,
yi-128-ip,hnsw-hnswlib,False,True,10,1,1,2026-06-01T18:09:57.392666+00:00,49eec5d,True,reference-machine,96,500,600,none,0,,,,,,,,,,,,,,,,,,328486.5895030089,541704192,830730240,289026048,244207820,0.41940000653266907,0.0,0.4000000059604645,0.8999999761581421,1.0,0.25873467326164246,0.073,0.03,,,,,,,,,1000,828.6701460123979,1206.7527770996094,498.64662525618127,500.0,1.61832809116629,1.0,2.391992248846111,1.0,192,2.4776382404454784,1.0,279,,,,,,,,,,,
yi-128-ip,hnsw-hnswlib,False,True,10,1,1,2026-06-01T18:09:58.953080+00:00,49eec5d,True,reference-machine,96,500,800,none,0,,,,,,,,,,,,,,,,,,328486.5895030089,541704192,830730240,289026048,244207820,0.4382999837398529,0.0,0.4000000059604645,0.8999999761581421,1.0,0.2606206238269806,0.064,0.034,,,,,,,,,1000,651.5077567917945,1534.9011421203613,498.64662525618127,500.0,1.61832809116629,1.0,2.391992248846111,1.0,192,2.4776382404454784,1.0,279,,,,,,,,,,,
yi-128-ip,hnsw-hnswlib,False,True,10,1,1,2026-06-01T18:10:00.691778+00:00,49eec5d,True,reference-machine,96,500,1000,none,0,,,,,,,,,,,,,,,,,,328486.5895030089,541704192,830730240,289026048,244207820,0.4537999927997589,0.0,0.5,0.8999999761581421,1.0,0.2612385153770447,0.055,0.039,,,,,,,,,1000,583.7947051124823,1712.9309177398682,498.64662525618127,500.0,1.61832809116629,1.0,2.391992248846111,1.0,192,2.4776382404454784,1.0,279,,,,,,,,,,,
llama-128-ip,hnsw-hnswlib,False,True,10,1,1,2026-06-01T18:19:13.931272+00:00,49eec5d,True,reference-machine,96,500,10,none,0,,,,,,,,,,,,,,,,,,548311.5000482649,719069184,1115148288,396079104,334011880,0.041099999099969864,0.0,0.0,0.20000000298023224,0.5,0.09818752110004425,0.782,0.0,,,,,,,,,1000,25726.71790373728,38.87009620666504,498.9617918059814,500.0,1.1542734318423444,1.0,1.401014319576835,1.0,192,1.4488850658373587,1.0,210,,,,,,,,,,,
llama-128-ip,hnsw-hnswlib,False,True,10,1,1,2026-06-01T18:19:14.015795+00:00,49eec5d,True,reference-machine,96,500,20,none,0,,,,,,,,,,,,,,,,,,548311.5000482649,719069184,1115148288,396079104,334011880,0.049000002443790436,0.0,0.0,0.30000001192092896,0.5,0.11117103695869446,0.752,0.0,,,,,,,,,1000,17287.045547280395,57.846784591674805,498.9617918059814,500.0,1.1542734318423444,1.0,1.401014319576835,1.0,192,1.4488850658373587,1.0,210,,,,,,,,,,,
llama-128-ip,hnsw-hnswlib,False,True,10,1,1,2026-06-01T18:19:14.115235+00:00,49eec5d,True,reference-machine,96,500,30,none,0,,,,,,,,,,,,,,,,,,548311.5000482649,719069184,1115148288,396079104,334011880,0.05509999766945839,0.0,0.0,0.30000001192092896,0.6000000238418579,0.12030790001153946,0.733,0.0,,,,,,,,,1000,13382.161601659089,74.72634315490723,498.9617918059814,500.0,1.1542734318423444,1.0,1.401014319576835,1.0,192,1.4488850658373587,1.0,210,,,,,,,,,,,
llama-128-ip,hnsw-hnswlib,False,True,10,1,1,2026-06-01T18:19:14.229534+00:00,49eec5d,True,reference-machine,96,500,40,none,0,,,,,,,,,,,,,,,,,,548311.5000482649,719069184,1115148288,396079104,334011880,0.057999998331069946,0.0,0.0,0.30000001192092896,0.6000000238418579,0.12383860349655151,0.721,0.0,,,,,,,,,1000,11116.89385646623,89.95318412780762,498.9617918059814,500.0,1.1542734318423444,1.0,1.401014319576835,1.0,192,1.4488850658373587,1.0,210,,,,,,,,,,,
llama-128-ip,hnsw-hnswlib,False,True,10,1,1,2026-06-01T18:19:14.357918+00:00,49eec5d,True,reference-machine,96,500,50,none,0,,,,,,,,,,,,,,,,,,548311.5000482649,719069184,1115148288,396079104,334011880,0.06040000170469284,0.0,0.0,0.30000001192092896,0.6000000238418579,0.12582464516162872,0.71,0.0,,,,,,,,,1000,9616.434336023478,103.9886474609375,498.9617918059814,500.0,1.1542734318423444,1.0,1.401014319576835,1.0,192,1.4488850658373587,1.0,210,,,,,,,,,,,
llama-128-ip,hnsw-hnswlib,False,True,10,1,1,2026-06-01T18:19:14.498157+00:00,49eec5d,True,reference-machine,96,500,60,none,0,,,,,,,,,,,,,,,,,,548311.5000482649,719069184,1115148288,396079104,334011880,0.06260000169277191,0.0,0.0,0.30000001192092896,0.6000000238418579,0.1293879598379135,0.704,0.0,,,,,,,,,1000,8643.433712718363,115.69476127624512,498.9617918059814,500.0,1.1542734318423444,1.0,1.401014319576835,1.0,192,1.4488850658373587,1.0,210,,,,,,,,,,,
llama-128-ip,hnsw-hnswlib,False,True,10,1,1,2026-06-01T18:19:14.663916+00:00,49eec5d,True,reference-machine,96,500,80,none,0,,,,,,,,,,,,,,,,,,548311.5000482649,719069184,1115148288,396079104,334011880,0.06940000504255295,0.0,0.0,0.30000001192092896,0.699999988079071,0.13770852982997894,0.678,0.0,,,,,,,,,1000,7119.00470152927,140.46907424926758,498.9617918059814,500.0,1.1542734318423444,1.0,1.401014319576835,1.0,192,1.4488850658373587,1.0,210,,,,,,,,,,,
llama-128-ip,hnsw-hnswlib,False,True,10,1,1,2026-06-01T18:19:14.851446+00:00,49eec5d,True,reference-machine,96,500,100,none,0,,,,,,,,,,,,,,,,,,548311.5000482649,719069184,1115148288,396079104,334011880,0.0754999965429306,0.0,0.0,0.4000000059604645,0.699999988079071,0.14272262156009674,0.65,0.0,,,,,,,,,1000,6121.739942698596,163.35225105285645,498.9617918059814,500.0,1.1542734318423444,1.0,1.401014319576835,1.0,192,1.4488850658373587,1.0,210,,,,,,,,,,,
llama-128-ip,hnsw-hnswlib,False,True,10,1,1,2026-06-01T18:19:15.107190+00:00,49eec5d,True,reference-machine,96,500,150,none,0,,,,,,,,,,,,,,,,,,548311.5000482649,719069184,1115148288,396079104,334011880,0.09360000491142273,0.0,0.0,0.4000000059604645,0.800000011920929,0.16043391823768616,0.589,0.001,,,,,,,,,1000,4317.361762311155,231.62293434143066,498.9617918059814,500.0,1.1542734318423444,1.0,1.401014319576835,1.0,192,1.4488850658373587,1.0,210,,,,,,,,,,,
llama-128-ip,hnsw-hnswlib,False,True,10,1,1,2026-06-01T18:19:15.462854+00:00,49eec5d,True,reference-machine,96,500,200,none,0,,,,,,,,,,,,,,,,,,548311.5000482649,719069184,1115148288,396079104,334011880,0.11520000547170639,0.0,0.10000000149011612,0.5,0.800000011920929,0.16385650634765625,0.466,0.001,,,,,,,,,1000,3018.29918143384,331.3124179840088,498.9617918059814,500.0,1.1542734318423444,1.0,1.401014319576835,1.0,192,1.4488850658373587,1.0,210,,,,,,,,,,,
llama-128-ip,hnsw-hnswlib,False,True,10,1,1,2026-06-01T18:19:15.973536+00:00,49eec5d,True,reference-machine,96,500,300,none,0,,,,,,,,,,,,,,,,,,548311.5000482649,719069184,1115148288,396079104,334011880,0.14180000126361847,0.0,0.10000000149011612,0.5,0.800000011920929,0.16832339763641357,0.349,0.001,,,,,,,,,1000,2055.2163382266544,486.56678199768066,498.9617918059814,500.0,1.1542734318423444,1.0,1.401014319576835,1.0,192,1.4488850658373587,1.0,210,,,,,,,,,,,
llama-128-ip,hnsw-hnswlib,False,True,10,1,1,2026-06-01T18:19:16.627434+00:00,49eec5d,True,reference-machine,96,500,400,none,0,,,,,,,,,,,,,,,,,,548311.5000482649,719069184,1115148288,396079104,334011880,0.15839999914169312,0.0,0.10000000149011612,0.5,0.800000011920929,0.17242227494716644,0.3,0.001,,,,,,,,,1000,1588.0104436111633,629.7187805175781,498.9617918059814,500.0,1.1542734318423444,1.0,1.401014319576835,1.0,192,1.4488850658373587,1.0,210,,,,,,,,,,,
llama-128-ip,hnsw-hnswlib,False,True,10,1,1,2026-06-01T18:19:17.418942+00:00,49eec5d,True,reference-machine,96,500,500,none,0,,,,,,,,,,,,,,,,,,548311.5000482649,719069184,1115148288,396079104,334011880,0.1712999939918518,0.0,0.10000000149011612,0.5,0.800000011920929,0.17287656664848328,0.262,0.001,,,,,,,,,1000,1302.4579394646273,767.7791118621826,498.9617918059814,500.0,1.1542734318423444,1.0,1.401014319576835,1.0,192,1.4488850658373587,1.0,210,,,,,,,,,,,
llama-128-ip,hnsw-hnswlib,False,True,10,1,1,2026-06-01T18:19:18.321607+00:00,49eec5d,True,reference-machine,96,500,600,none,0,,,,,,,,,,,,,,,,,,548311.5000482649,719069184,1115148288,396079104,334011880,0.18440000712871552,0.0,0.10000000149011612,0.5,0.800000011920929,0.17554669082164764,0.229,0.001,,,,,,,,,1000,1138.6182129333201,878.2575130462646,498.9617918059814,500.0,1.1542734318423444,1.0,1.401014319576835,1.0,192,1.4488850658373587,1.0,210,,,,,,,,,,,
llama-128-ip,hnsw-hnswlib,False,True,10,1,1,2026-06-01T18:19:19.449580+00:00,49eec5d,True,reference-machine,96,500,800,none,0,,,,,,,,,,,,,,,,,,548311.5000482649,719069184,1115148288,396079104,334011880,0.20319999754428864,0.0,0.20000000298023224,0.6000000238418579,0.800000011920929,0.17790380120277405,0.186,0.001,,,,,,,,,1000,906.4283239833621,1103.2311916351318,498.9617918059814,500.0,1.1542734318423444,1.0,1.401014319576835,1.0,192,1.4488850658373587,1.0,210,,,,,,,,,,,
llama-128-ip,hnsw-hnswlib,False,True,10,1,1,2026-06-01T18:19:20.792264+00:00,49eec5d,True,reference-machine,96,500,1000,none,0,,,,,,,,,,,,,,,,,,548311.5000482649,719069184,1115148288,396079104,334011880,0.2199999988079071,0.0,0.20000000298023224,0.6000000238418579,0.800000011920929,0.1792205423116684,0.16,0.001,,,,,,,,,1000,758.4949252880589,1318.4003829956055,498.9617918059814,500.0,1.1542734318423444,1.0,1.401014319576835,1.0,192,1.4488850658373587,1.0,210,,,,,,,,,,,
yi-128-ip,hnsw-hnswlib,True,True,10,1,1,2026-06-01T18:22:39.944600+00:00,49eec5d,True,reference-machine,96,500,10,none,0,,,,,,,,,,,,,,,,,,194325.6602231413,549605376,846635008,297029632,244959192,,,,,,,,,0.31279999017715454,0.0,0.30000001192092896,0.800000011920929,1.0,0.27132299542427063,0.216,0.015,1000,15451.991408814438,,,,,,,,,,,,64.71657752990723,498.64662525618127,500.0,13.489939780935371,12.0,27.036365475423626,23.0,189,27.213209967898724,23.0,189
yi-128-ip,hnsw-hnswlib,True,True,10,1,1,2026-06-01T18:22:40.080566+00:00,49eec5d,True,reference-machine,96,500,20,none,0,,,,,,,,,,,,,,,,,,194325.6602231413,549605376,846635008,297029632,244959192,,,,,,,,,0.43140000104904175,0.0,0.4000000059604645,0.8999999761581421,1.0,0.2933156192302704,0.113,0.045,1000,9081.803930399536,,,,,,,,,,,,110.11028289794922,498.64662525618127,500.0,13.489939780935371,12.0,27.036365475423626,23.0,189,27.213209967898724,23.0,189
yi-128-ip,hnsw-hnswlib,True,True,10,1,1,2026-06-01T18:22:40.256885+00:00,49eec5d,True,reference-machine,96,500,30,none,0,,,,,,,,,,,,,,,,,,194325.6602231413,549605376,846635008,297029632,244959192,,,,,,,,,0.5060999989509583,0.0,0.5,1.0,1.0,0.29771262407302856,0.075,0.072,1000,6528.4755697993505,,,,,,,,,,,,153.17511558532715,498.64662525618127,500.0,13.489939780935371,12.0,27.036365475423626,23.0,189,27.213209967898724,23.0,189
yi-128-ip,hnsw-hnswlib,True,True,10,1,1,2026-06-01T18:22:40.474910+00:00,49eec5d,True,reference-machine,96,500,40,none,0,,,,,,,,,,,,,,,,,,194325.6602231413,549605376,846635008,297029632,244959192,,,,,,,,,0.5619999766349792,0.0,0.6000000238418579,1.0,1.0,0.29150640964508057,0.055,0.096,1000,5209.513068794372,,,,,,,,,,,,191.9565200805664,498.64662525618127,500.0,13.489939780935371,12.0,27.036365475423626,23.0,189,27.213209967898724,23.0,189
yi-128-ip,hnsw-hnswlib,True,True,10,1,1,2026-06-01T18:22:40.729694+00:00,49eec5d,True,reference-machine,96,500,50,none,0,,,,,,,,,,,,,,,,,,194325.6602231413,549605376,846635008,297029632,244959192,,,,,,,,,0.6079000234603882,0.0,0.6000000238418579,1.0,1.0,0.28054875135421753,0.04,0.119,1000,4327.214389988497,,,,,,,,,,,,231.095552444458,498.64662525618127,500.0,13.489939780935371,12.0,27.036365475423626,23.0,189,27.213209967898724,23.0,189
yi-128-ip,hnsw-hnswlib,True,True,10,1,1,2026-06-01T18:22:41.019232+00:00,49eec5d,True,reference-machine,96,500,60,none,0,,,,,,,,,,,,,,,,,,194325.6602231413,549605376,846635008,297029632,244959192,,,,,,,,,0.6417999863624573,0.0,0.699999988079071,1.0,1.0,0.27486860752105713,0.034,0.143,1000,3760.6822893130484,,,,,,,,,,,,265.90919494628906,498.64662525618127,500.0,13.489939780935371,12.0,27.036365475423626,23.0,189,27.213209967898724,23.0,189
yi-128-ip,hnsw-hnswlib,True,True,10,1,1,2026-06-01T18:22:41.383654+00:00,49eec5d,True,reference-machine,96,500,80,none,0,,,,,,,,,,,,,,,,,,194325.6602231413,549605376,846635008,297029632,244959192,,,,,,,,,0.6934999823570251,0.0,0.699999988079071,1.0,1.0,0.25602293014526367,0.022,0.183,1000,2933.9660652728658,,,,,,,,,,,,340.8355712890625,498.64662525618127,500.0,13.489939780935371,12.0,27.036365475423626,23.0,189,27.213209967898724,23.0,189
yi-128-ip,hnsw-hnswlib,True,True,10,1,1,2026-06-01T18:22:41.832652+00:00,49eec5d,True,reference-machine,96,500,100,none,0,,,,,,,,,,,,,,,,,,194325.6602231413,549605376,846635008,297029632,244959192,,,,,,,,,0.7335999608039856,0.0,0.800000011920929,1.0,1.0,0.2394390106201172,0.016,0.216,1000,2349.60666267438,,,,,,,,,,,,425.60315132141113,498.64662525618127,500.0,13.489939780935371,12.0,27.036365475423626,23.0,189,27.213209967898724,23.0,189
yi-128-ip,hnsw-hnswlib,True,True,10,1,1,2026-06-01T18:22:42.442749+00:00,49eec5d,True,reference-machine,96,500,150,none,0,,,,,,,,,,,,,,,,,,194325.6602231413,549605376,846635008,297029632,244959192,,,,,,,,,0.798799991607666,0.0,0.8999999761581421,1.0,1.0,0.20923326909542084,0.007,0.29,1000,1703.820033748953,,,,,,,,,,,,586.916446685791,498.64662525618127,500.0,13.489939780935371,12.0,27.036365475423626,23.0,189,27.213209967898724,23.0,189
yi-128-ip,hnsw-hnswlib,True,True,10,1,1,2026-06-01T18:22:43.207981+00:00,49eec5d,True,reference-machine,96,500,200,none,0,,,,,,,,,,,,,,,,,,194325.6602231413,549605376,846635008,297029632,244959192,,,,,,,,,0.8416000008583069,0.0,0.8999999761581421,1.0,1.0,0.18533602356910706,0.005,0.368,1000,1347.9308960712622,,,,,,,,,,,,741.8777942657471,498.64662525618127,500.0,13.489939780935371,12.0,27.036365475423626,23.0,189,27.213209967898724,23.0,189
yi-128-ip,hnsw-hnswlib,True,True,10,1,1,2026-06-01T18:22:44.301926+00:00,49eec5d,True,reference-machine,96,500,300,none,0,,,,,,,,,,,,,,,,,,194325.6602231413,549605376,846635008,297029632,244959192,,,,,,,,,0.8920999765396118,0.10000000149011612,0.8999999761581421,1.0,1.0,0.1430649757385254,0.0,0.468,1000,934.1063984545824,,,,,,,,,,,,1070.5418586730957,498.64662525618127,500.0,13.489939780935371,12.0,27.036365475423626,23.0,189,27.213209967898724,23.0,189
yi-128-ip,hnsw-hnswlib,True,True,10,1,1,2026-06-01T18:22:45.707176+00:00,49eec5d,True,reference-machine,96,500,400,none,0,,,,,,,,,,,,,,,,,,194325.6602231413,549605376,846635008,297029632,244959192,,,,,,,,,0.9178999662399292,0.20000000298023224,1.0,1.0,1.0,0.11768428236246109,0.0,0.539,1000,723.5912643987502,,,,,,,,,,,,1381.995677947998,498.64662525618127,500.0,13.489939780935371,12.0,27.036365475423626,23.0,189,27.213209967898724,23.0,189
yi-128-ip,hnsw-hnswlib,True,True,10,1,1,2026-06-01T18:22:47.425312+00:00,49eec5d,True,reference-machine,96,500,500,none,0,,,,,,,,,,,,,,,,,,194325.6602231413,549605376,846635008,297029632,244959192,,,,,,,,,0.9318000078201294,0.20000000298023224,1.0,1.0,1.0,0.10549293458461761,0.0,0.594,1000,589.8478980562447,,,,,,,,,,,,1695.35231590271,498.64662525618127,500.0,13.489939780935371,12.0,27.036365475423626,23.0,189,27.213209967898724,23.0,189
yi-128-ip,hnsw-hnswlib,True,True,10,1,1,2026-06-01T18:22:49.442396+00:00,49eec5d,True,reference-machine,96,500,600,none,0,,,,,,,,,,,,,,,,,,194325.6602231413,549605376,846635008,297029632,244959192,,,,,,,,,0.9433999061584473,0.20000000298023224,1.0,1.0,1.0,0.0932547003030777,0.0,0.634,1000,501.6748193880274,,,,,,,,,,,,1993.3230876922607,498.64662525618127,500.0,13.489939780935371,12.0,27.036365475423626,23.0,189,27.213209967898724,23.0,189
yi-128-ip,hnsw-hnswlib,True,True,10,1,1,2026-06-01T18:22:52.070739+00:00,49eec5d,True,reference-machine,96,500,800,none,0,,,,,,,,,,,,,,,,,,194325.6602231413,549605376,846635008,297029632,244959192,,,,,,,,,0.9595999717712402,0.4000000059604645,1.0,1.0,1.0,0.07230380922555923,0.0,0.701,1000,383.83068016108007,,,,,,,,,,,,2605.3154468536377,498.64662525618127,500.0,13.489939780935371,12.0,27.036365475423626,23.0,189,27.213209967898724,23.0,189
yi-128-ip,hnsw-hnswlib,True,True,10,1,1,2026-06-01T18:22:55.268382+00:00,49eec5d,True,reference-machine,96,500,1000,none,0,,,,,,,,,,,,,,,,,,194325.6602231413,549605376,846635008,297029632,244959192,,,,,,,,,0.9688999652862549,0.4000000059604645,1.0,1.0,1.0,0.06389672309160233,0.0,0.76,1000,315.0135038919448,,,,,,,,,,,,3174.467086791992,498.64662525618127,500.0,13.489939780935371,12.0,27.036365475423626,23.0,189,27.213209967898724,23.0,189
llama-128-ip,hnsw-hnswlib,True,True,10,1,1,2026-06-01T18:31:03.024958+00:00,49eec5d,True,reference-machine,96,500,10,none,0,,,,,,,,,,,,,,,,,,480127.88786087185,723361792,1122041856,398680064,335039564,,,,,,,,,0.2264000028371811,0.0,0.20000000298023224,0.6000000238418579,0.800000011920929,0.19794705510139465,0.22,0.002,1000,11824.66705008063,,,,,,,,,,,,84.56897735595703,498.99202246498515,500.0,22.407462905039985,20.0,44.973789608478874,40.0,192,45.20037676951281,40.0,236
llama-128-ip,hnsw-hnswlib,True,True,10,1,1,2026-06-01T18:31:03.197753+00:00,49eec5d,True,reference-machine,96,500,20,none,0,,,,,,,,,,,,,,,,,,480127.88786087185,723361792,1122041856,398680064,335039564,,,,,,,,,0.34620001912117004,0.0,0.30000001192092896,0.800000011920929,0.8999999761581421,0.2320033609867096,0.104,0.007,1000,6855.443013561156,,,,,,,,,,,,145.86949348449707,498.99202246498515,500.0,22.407462905039985,20.0,44.973789608478874,40.0,192,45.20037676951281,40.0,236
llama-128-ip,hnsw-hnswlib,True,True,10,1,1,2026-06-01T18:31:03.422876+00:00,49eec5d,True,reference-machine,96,500,30,none,0,,,,,,,,,,,,,,,,,,480127.88786087185,723361792,1122041856,398680064,335039564,,,,,,,,,0.424699991941452,0.0,0.4000000059604645,0.800000011920929,1.0,0.24425378441810608,0.065,0.011,1000,4983.181496319318,,,,,,,,,,,,200.67501068115234,498.99202246498515,500.0,22.407462905039985,20.0,44.973789608478874,40.0,192,45.20037676951281,40.0,236
llama-128-ip,hnsw-hnswlib,True,True,10,1,1,2026-06-01T18:31:03.696080+00:00,49eec5d,True,reference-machine,96,500,40,none,0,,,,,,,,,,,,,,,,,,480127.88786087185,723361792,1122041856,398680064,335039564,,,,,,,,,0.48239997029304504,0.0,0.5,0.8999999761581421,1.0,0.2494598925113678,0.05,0.021,1000,4019.6155287366346,,,,,,,,,,,,248.7800121307373,498.99202246498515,500.0,22.407462905039985,20.0,44.973789608478874,40.0,192,45.20037676951281,40.0,236
llama-128-ip,hnsw-hnswlib,True,True,10,1,1,2026-06-01T18:31:04.014957+00:00,49eec5d,True,reference-machine,96,500,50,none,0,,,,,,,,,,,,,,,,,,480127.88786087185,723361792,1122041856,398680064,335039564,,,,,,,,,0.5301999449729919,0.0,0.5,0.8999999761581421,1.0,0.24909427762031555,0.041,0.033,1000,3396.7338972550324,,,,,,,,,,,,294.4004535675049,498.99202246498515,500.0,22.407462905039985,20.0,44.973789608478874,40.0,192,45.20037676951281,40.0,236
llama-128-ip,hnsw-hnswlib,True,True,10,1,1,2026-06-01T18:31:04.388813+00:00,49eec5d,True,reference-machine,96,500,60,none,0,,,,,,,,,,,,,,,,,,480127.88786087185,723361792,1122041856,398680064,335039564,,,,,,,,,0.5690000057220459,0.0,0.6000000238418579,0.8999999761581421,1.0,0.24669617414474487,0.031,0.041,1000,2856.0094076695386,,,,,,,,,,,,350.13890266418457,498.99202246498515,500.0,22.407462905039985,20.0,44.973789608478874,40.0,192,45.20037676951281,40.0,236
llama-128-ip,hnsw-hnswlib,True,True,10,1,1,2026-06-01T18:31:04.855637+00:00,49eec5d,True,reference-machine,96,500,80,none,0,,,,,,,,,,,,,,,,,,480127.88786087185,723361792,1122041856,398680064,335039564,,,,,,,,,0.6215000152587891,0.0,0.6500000059604645,1.0,1.0,0.2421729862689972,0.025,0.07,1000,2260.1884323813997,,,,,,,,,,,,442.4409866333008,498.99202246498515,500.0,22.407462905039985,20.0,44.973789608478874,40.0,192,45.20037676951281,40.0,236
llama-128-ip,hnsw-hnswlib,True,True,10,1,1,2026-06-01T18:31:05.408346+00:00,49eec5d,True,reference-machine,96,500,100,none,0,,,,,,,,,,,,,,,,,,480127.88786087185,723361792,1122041856,398680064,335039564,,,,,,,,,0.6654000282287598,0.0,0.699999988079071,1.0,1.0,0.23656466603279114,0.018,0.093,1000,1891.49794065348,,,,,,,,,,,,528.6815166473389,498.99202246498515,500.0,22.407462905039985,20.0,44.973789608478874,40.0,192,45.20037676951281,40.0,236
llama-128-ip,hnsw-hnswlib,True,True,10,1,1,2026-06-01T18:31:06.193344+00:00,49eec5d,True,reference-machine,96,500,150,none,0,,,,,,,,,,,,,,,,,,480127.88786087185,723361792,1122041856,398680064,335039564,,,,,,,,,0.7364000082015991,0.0,0.800000011920929,1.0,1.0,0.22319282591342926,0.01,0.161,1000,1315.1702071885743,,,,,,,,,,,,760.3578567504883,498.99202246498515,500.0,22.407462905039985,20.0,44.973789608478874,40.0,192,45.20037676951281,40.0,236
llama-128-ip,hnsw-hnswlib,True,True,10,1,1,2026-06-01T18:31:07.199507+00:00,49eec5d,True,reference-machine,96,500,200,none,0,,,,,,,,,,,,,,,,,,480127.88786087185,723361792,1122041856,398680064,335039564,,,,,,,,,0.7818999886512756,0.0,0.800000011920929,1.0,1.0,0.20809224247932434,0.008,0.214,1000,1018.3881739564524,,,,,,,,,,,,981.9438457489014,498.99202246498515,500.0,22.407462905039985,20.0,44.973789608478874,40.0,192,45.20037676951281,40.0,236
llama-128-ip,hnsw-hnswlib,True,True,10,1,1,2026-06-01T18:31:08.665455+00:00,49eec5d,True,reference-machine,96,500,300,none,0,,,,,,,,,,,,,,,,,,480127.88786087185,723361792,1122041856,398680064,335039564,,,,,,,,,0.8411999344825745,0.0,0.8999999761581421,1.0,1.0,0.1734432429075241,0.004,0.305,1000,693.7525937337542,,,,,,,,,,,,1441.4360523223877,498.99202246498515,500.0,22.407462905039985,20.0,44.973789608478874,40.0,192,45.20037676951281,40.0,236
llama-128-ip,hnsw-hnswlib,True,True,10,1,1,2026-06-01T18:31:10.553969+00:00,49eec5d,True,reference-machine,96,500,400,none,0,,,,,,,,,,,,,,,,,,480127.88786087185,723361792,1122041856,398680064,335039564,,,,,,,,,0.8835999965667725,0.0,0.8999999761581421,1.0,1.0,0.1422358602285385,0.002,0.396,1000,536.5025536386921,,,,,,,,,,,,1863.9240264892578,498.99202246498515,500.0,22.407462905039985,20.0,44.973789608478874,40.0,192,45.20037676951281,40.0,236
llama-128-ip,hnsw-hnswlib,True,True,10,1,1,2026-06-01T18:31:12.867479+00:00,49eec5d,True,reference-machine,96,500,500,none,0,,,,,,,,,,,,,,,,,,480127.88786087185,723361792,1122041856,398680064,335039564,,,,,,,,,0.9078999757766724,0.0,0.8999999761581421,1.0,1.0,0.11911167204380035,0.001,0.464,1000,436.852742656245,,,,,,,,,,,,2289.1008853912354,498.99202246498515,500.0,22.407462905039985,20.0,44.973789608478874,40.0,192,45.20037676951281,40.0,236
llama-128-ip,hnsw-hnswlib,True,True,10,1,1,2026-06-01T18:31:15.579925+00:00,49eec5d,True,reference-machine,96,500,600,none,0,,,,,,,,,,,,,,,,,,480127.88786087185,723361792,1122041856,398680064,335039564,,,,,,,,,0.9248998761177063,0.30000001192092896,1.0,1.0,1.0,0.10271314531564713,0.0,0.526,1000,372.0567159974212,,,,,,,,,,,,2687.7622604370117,498.99202246498515,500.0,22.407462905039985,20.0,44.973789608478874,40.0,192,45.20037676951281,40.0,236
llama-128-ip,hnsw-hnswlib,True,True,10,1,1,2026-06-01T18:31:19.092948+00:00,49eec5d,True,reference-machine,96,500,800,none,0,,,,,,,,,,,,,,,,,,480127.88786087185,723361792,1122041856,398680064,335039564,,,,,,,,,0.946399986743927,0.5,1.0,1.0,1.0,0.08066622912883759,0.0,0.617,1000,286.70758253780707,,,,,,,,,,,,3487.8742694854736,498.99202246498515,500.0,22.407462905039985,20.0,44.973789608478874,40.0,192,45.20037676951281,40.0,236
llama-128-ip,hnsw-hnswlib,True,True,10,1,1,2026-06-01T18:31:23.381383+00:00,49eec5d,True,reference-machine,96,500,1000,none,0,,,,,,,,,,,,,,,,,,480127.88786087185,723361792,1122041856,398680064,335039564,,,,,,,,,0.9581999778747559,0.5,1.0,1.0,1.0,0.07206080853939056,0.0,0.685,1000,234.5090963253735,,,,,,,,,,,,4264.226913452148,498.99202246498515,500.0,22.407462905039985,20.0,44.973789608478874,40.0,192,45.20037676951281,40.0,236
yi-128-ip,flatnav,False,False,10,1,1,2026-06-01T18:34:44.085187+00:00,49eec5d,True,reference-machine,96,500,10,none,0,,,,,,,,,,,,,,,,,,197592.35577424988,554328064,731316224,176988160,169058756,0.08820000290870667,0.0,0.0,0.4000000059604645,0.699999988079071,0.15244920551776886,0.637,0.0,,,,,,,,,1000,26001.19024003174,38.45977783203125,,,,,,,,,,,,,,,,,,,,,
yi-128-ip,flatnav,False,False,10,1,1,2026-06-01T18:34:44.159847+00:00,49eec5d,True,reference-machine,96,500,20,none,0,,,,,,,,,,,,,,,,,,197592.35577424988,554328064,731316224,176988160,169058756,0.13650000095367432,0.0,0.0,0.5,0.800000011920929,0.19020450115203857,0.503,0.0,,,,,,,,,1000,17675.856546841416,56.574344635009766,,,,,,,,,,,,,,,,,,,,,
yi-128-ip,flatnav,False,False,10,1,1,2026-06-01T18:34:44.249802+00:00,49eec5d,True,reference-machine,96,500,30,none,0,,,,,,,,,,,,,,,,,,197592.35577424988,554328064,731316224,176988160,169058756,0.16180001199245453,0.0,0.10000000149011612,0.6000000238418579,0.800000011920929,0.20528215169906616,0.436,0.0,,,,,,,,,1000,14068.7554716247,71.07949256896973,,,,,,,,,,,,,,,,,,,,,
yi-128-ip,flatnav,False,False,10,1,1,2026-06-01T18:34:44.351598+00:00,49eec5d,True,reference-machine,96,500,40,none,0,,,,,,,,,,,,,,,,,,197592.35577424988,554328064,731316224,176988160,169058756,0.18490001559257507,0.0,0.10000000149011612,0.699999988079071,0.800000011920929,0.21799540519714355,0.387,0.002,,,,,,,,,1000,11868.801801980255,84.25450325012207,,,,,,,,,,,,,,,,,,,,,
yi-128-ip,flatnav,False,False,10,1,1,2026-06-01T18:34:44.467671+00:00,49eec5d,True,reference-machine,96,500,50,none,0,,,,,,,,,,,,,,,,,,197592.35577424988,554328064,731316224,176988160,169058756,0.20420001447200775,0.0,0.10000000149011612,0.699999988079071,0.8999999761581421,0.2273375391960144,0.351,0.004,,,,,,,,,1000,10241.150129164896,97.64528274536133,,,,,,,,,,,,,,,,,,,,,
yi-128-ip,flatnav,False,False,10,1,1,2026-06-01T18:34:44.595700+00:00,49eec5d,True,reference-machine,96,500,60,none,0,,,,,,,,,,,,,,,,,,197592.35577424988,554328064,731316224,176988160,169058756,0.2191000133752823,0.0,0.10000000149011612,0.699999988079071,0.8999999761581421,0.2325192391872406,0.316,0.005,,,,,,,,,1000,9130.497438900415,109.52305793762207,,,,,,,,,,,,,,,,,,,,,
yi-128-ip,flatnav,False,False,10,1,1,2026-06-01T18:34:44.747371+00:00,49eec5d,True,reference-machine,96,500,80,none,0,,,,,,,,,,,,,,,,,,197592.35577424988,554328064,731316224,176988160,169058756,0.24250000715255737,0.0,0.20000000298023224,0.699999988079071,0.8999999761581421,0.24050727486610413,0.275,0.007,,,,,,,,,1000,7497.593936577169,133.3761215209961,,,,,,,,,,,,,,,,,,,,,
yi-128-ip,flatnav,False,False,10,1,1,2026-06-01T18:34:44.923766+00:00,49eec5d,True,reference-machine,96,500,100,none,0,,,,,,,,,,,,,,,,,,197592.35577424988,554328064,731316224,176988160,169058756,0.2643999755382538,0.0,0.20000000298023224,0.699999988079071,0.8999999761581421,0.2436239868402481,0.237,0.007,,,,,,,,,1000,6309.966286100275,158.4794521331787,,,,,,,,,,,,,,,,,,,,,
yi-128-ip,flatnav,False,False,10,1,1,2026-06-01T18:34:45.158426+00:00,49eec5d,True,reference-machine,96,500,150,none,0,,,,,,,,,,,,,,,,,,197592.35577424988,554328064,731316224,176988160,169058756,0.29839998483657837,0.0,0.20000000298023224,0.800000011920929,0.8999999761581421,0.2516295611858368,0.185,0.009,,,,,,,,,1000,4618.133171846183,216.5377140045166,,,,,,,,,,,,,,,,,,,,,
yi-128-ip,flatnav,False,False,10,1,1,2026-06-01T18:34:45.446566+00:00,49eec5d,True,reference-machine,96,500,200,none,0,,,,,,,,,,,,,,,,,,197592.35577424988,554328064,731316224,176988160,169058756,0.31960001587867737,0.0,0.30000001192092896,0.800000011920929,1.0,0.25549137592315674,0.158,0.014,,,,,,,,,1000,3713.9558112023346,269.2546844482422,,,,,,,,,,,,,,,,,,,,,
yi-128-ip,flatnav,False,False,10,1,1,2026-06-01T18:34:45.838112+00:00,49eec5d,True,reference-machine,96,500,300,none,0,,,,,,,,,,,,,,,,,,197592.35577424988,554328064,731316224,176988160,169058756,0.3476000130176544,0.0,0.30000001192092896,0.800000011920929,1.0,0.2530498802661896,0.117,0.017,,,,,,,,,1000,2678.5791148557128,373.33226203918457,,,,,,,,,,,,,,,,,,,,,
yi-128-ip,flatnav,False,False,10,1,1,2026-06-01T18:34:46.341771+00:00,49eec5d,True,reference-machine,96,500,400,none,0,,,,,,,,,,,,,,,,,,197592.35577424988,554328064,731316224,176988160,169058756,0.3675000071525574,0.0,0.30000001192092896,0.800000011920929,1.0,0.2548602521419525,0.099,0.02,,,,,,,,,1000,2061.527769381208,485.0771427154541,,,,,,,,,,,,,,,,,,,,,
yi-128-ip,flatnav,False,False,10,1,1,2026-06-01T18:34:46.941753+00:00,49eec5d,True,reference-machine,96,500,500,none,0,,,,,,,,,,,,,,,,,,197592.35577424988,554328064,731316224,176988160,169058756,0.38290002942085266,0.0,0.4000000059604645,0.8050000101327851,1.0,0.25431790947914124,0.084,0.022,,,,,,,,,1000,1717.0067136073358,582.4089050292969,,,,,,,,,,,,,,,,,,,,,
yi-128-ip,flatnav,False,False,10,1,1,2026-06-01T18:34:47.656494+00:00,49eec5d,True,reference-machine,96,500,600,none,0,,,,,,,,,,,,,,,,,,197592.35577424988,554328064,731316224,176988160,169058756,0.3939000070095062,0.0,0.4000000059604645,0.8999999761581421,1.0,0.2549368143081665,0.077,0.023,,,,,,,,,1000,1434.501326321636,697.1063613891602,,,,,,,,,,,,,,,,,,,,,
yi-128-ip,flatnav,False,False,10,1,1,2026-06-01T18:34:48.566819+00:00,49eec5d,True,reference-machine,96,500,800,none,0,,,,,,,,,,,,,,,,,,197592.35577424988,554328064,731316224,176988160,169058756,0.4099000096321106,0.0,0.4000000059604645,0.8999999761581421,1.0,0.25661641359329224,0.067,0.025,,,,,,,,,1000,1121.2659923874926,891.8490409851074,,,,,,,,,,,,,,,,,,,,,
yi-128-ip,flatnav,False,False,10,1,1,2026-06-01T18:34:49.680073+00:00,49eec5d,True,reference-machine,96,500,1000,none,0,,,,,,,,,,,,,,,,,,197592.35577424988,554328064,731316224,176988160,169058756,0.42339998483657837,0.0,0.4000000059604645,0.8999999761581421,1.0,0.25375664234161377,0.061,0.025,,,,,,,,,1000,913.5837265807676,1094.590425491333,,,,,,,,,,,,,,,,,,,,,
llama-128-ip,flatnav,False,False,10,1,1,2026-06-01T18:39:29.451662+00:00,49eec5d,True,reference-machine,96,500,10,none,0,,,,,,,,,,,,,,,,,,275636.98083907366,724213760,970190848,245977088,231228956,0.027400000020861626,0.0,0.0,0.20000000298023224,0.30000001192092896,0.07077598571777344,0.822,0.0,,,,,,,,,1000,28048.415787291524,35.65263748168945,,,,,,,,,,,,,,,,,,,,,
llama-128-ip,flatnav,False,False,10,1,1,2026-06-01T18:39:29.517684+00:00,49eec5d,True,reference-machine,96,500,20,none,0,,,,,,,,,,,,,,,,,,275636.98083907366,724213760,970190848,245977088,231228956,0.03970000147819519,0.0,0.0,0.20000000298023224,0.4000000059604645,0.08952044695615768,0.76,0.0,,,,,,,,,1000,20901.395817033852,47.84369468688965,,,,,,,,,,,,,,,,,,,,,
llama-128-ip,flatnav,False,False,10,1,1,2026-06-01T18:39:29.686104+00:00,49eec5d,True,reference-machine,96,500,30,none,0,,,,,,,,,,,,,,,,,,275636.98083907366,724213760,970190848,245977088,231228956,0.0471000000834465,0.0,0.0,0.20000000298023224,0.4000000059604645,0.09440121054649353,0.71,0.0,,,,,,,,,1000,14429.531263438548,69.30232048034668,,,,,,,,,,,,,,,,,,,,,
llama-128-ip,flatnav,False,False,10,1,1,2026-06-01T18:39:29.774858+00:00,49eec5d,True,reference-machine,96,500,40,none,0,,,,,,,,,,,,,,,,,,275636.98083907366,724213760,970190848,245977088,231228956,0.05400000140070915,0.0,0.0,0.20500000342726252,0.5,0.10160709172487259,0.673,0.0,,,,,,,,,1000,14289.52415994658,69.98133659362793,,,,,,,,,,,,,,,,,,,,,
llama-128-ip,flatnav,False,False,10,1,1,2026-06-01T18:39:29.875872+00:00,49eec5d,True,reference-machine,96,500,50,none,0,,,,,,,,,,,,,,,,,,275636.98083907366,724213760,970190848,245977088,231228956,0.060600001364946365,0.0,0.0,0.30000001192092896,0.6000000238418579,0.11030703037977219,0.647,0.0,,,,,,,,,1000,12098.663012908344,82.65376091003418,,,,,,,,,,,,,,,,,,,,,
llama-128-ip,flatnav,False,False,10,1,1,2026-06-01T18:39:29.984107+00:00,49eec5d,True,reference-machine,96,500,60,none,0,,,,,,,,,,,,,,,,,,275636.98083907366,724213760,970190848,245977088,231228956,0.0649000033736229,0.0,0.0,0.30000001192092896,0.6000000238418579,0.11383317410945892,0.627,0.0,,,,,,,,,1000,11096.805600385213,90.11602401733398,,,,,,,,,,,,,,,,,,,,,
llama-128-ip,flatnav,False,False,10,1,1,2026-06-01T18:39:30.109982+00:00,49eec5d,True,reference-machine,96,500,80,none,0,,,,,,,,,,,,,,,,,,275636.98083907366,724213760,970190848,245977088,231228956,0.07610000669956207,0.0,0.0,0.30000001192092896,0.6000000238418579,0.12336445599794388,0.579,0.0,,,,,,,,,1000,9213.876489402834,108.53195190429688,,,,,,,,,,,,,,,,,,,,,
llama-128-ip,flatnav,False,False,10,1,1,2026-06-01T18:39:30.259436+00:00,49eec5d,True,reference-machine,96,500,100,none,0,,,,,,,,,,,,,,,,,,275636.98083907366,724213760,970190848,245977088,231228956,0.08390001207590103,0.0,0.0,0.30000001192092896,0.6000000238418579,0.12740013003349304,0.544,0.0,,,,,,,,,1000,7576.977341168692,131.97875022888184,,,,,,,,,,,,,,,,,,,,,
llama-128-ip,flatnav,False,False,10,1,1,2026-06-01T18:39:30.455188+00:00,49eec5d,True,reference-machine,96,500,150,none,0,,,,,,,,,,,,,,,,,,275636.98083907366,724213760,970190848,245977088,231228956,0.10170000791549683,0.0,0.10000000149011612,0.4000000059604645,0.6010000234842291,0.13618777692317963,0.468,0.0,,,,,,,,,1000,5622.873812230539,177.84500122070312,,,,,,,,,,,,,,,,,,,,,
llama-128-ip,flatnav,False,False,10,1,1,2026-06-01T18:39:30.693053+00:00,49eec5d,True,reference-machine,96,500,200,none,0,,,,,,,,,,,,,,,,,,275636.98083907366,724213760,970190848,245977088,231228956,0.11270001530647278,0.0,0.10000000149011612,0.4000000059604645,0.699999988079071,0.14116908609867096,0.429,0.0,,,,,,,,,1000,4551.629688712364,219.70152854919434,,,,,,,,,,,,,,,,,,,,,
llama-128-ip,flatnav,False,False,10,1,1,2026-06-01T18:39:31.014457+00:00,49eec5d,True,reference-machine,96,500,300,none,0,,,,,,,,,,,,,,,,,,275636.98083907366,724213760,970190848,245977088,231228956,0.13330000638961792,0.0,0.10000000149011612,0.4000000059604645,0.699999988079071,0.14792264997959137,0.36,0.0,,,,,,,,,1000,3291.299718054774,303.8313388824463,,,,,,,,,,,,,,,,,,,,,
llama-128-ip,flatnav,False,False,10,1,1,2026-06-01T18:39:31.422090+00:00,49eec5d,True,reference-machine,96,500,400,none,0,,,,,,,,,,,,,,,,,,275636.98083907366,724213760,970190848,245977088,231228956,0.15120001137256622,0.0,0.10000000149011612,0.4000000059604645,0.699999988079071,0.15276964008808136,0.309,0.0,,,,,,,,,1000,2568.3474427077754,389.3554210662842,,,,,,,,,,,,,,,,,,,,,
llama-128-ip,flatnav,False,False,10,1,1,2026-06-01T18:39:31.923306+00:00,49eec5d,True,reference-machine,96,500,500,none,0,,,,,,,,,,,,,,,,,,275636.98083907366,724213760,970190848,245977088,231228956,0.1656000018119812,0.0,0.10000000149011612,0.5,0.699999988079071,0.15676939487457275,0.271,0.0,,,,,,,,,1000,2078.8693832093654,481.0307025909424,,,,,,,,,,,,,,,,,,,,,
llama-128-ip,flatnav,False,False,10,1,1,2026-06-01T18:39:32.491142+00:00,49eec5d,True,reference-machine,96,500,600,none,0,,,,,,,,,,,,,,,,,,275636.98083907366,724213760,970190848,245977088,231228956,0.17649999260902405,0.0,0.10000000149011612,0.5,0.699999988079071,0.15886393189430237,0.248,0.0,,,,,,,,,1000,1819.5709871910447,549.5800971984863,,,,,,,,,,,,,,,,,,,,,
llama-128-ip,flatnav,False,False,10,1,1,2026-06-01T18:39:33.220550+00:00,49eec5d,True,reference-machine,96,500,800,none,0,,,,,,,,,,,,,,,,,,275636.98083907366,724213760,970190848,245977088,231228956,0.19529999792575836,0.0,0.20000000298023224,0.5,0.699999988079071,0.16336435079574585,0.207,0.0,,,,,,,,,1000,1406.1590936597013,711.1570835113525,,,,,,,,,,,,,,,,,,,,,
llama-128-ip,flatnav,False,False,10,1,1,2026-06-01T18:39:34.104479+00:00,49eec5d,True,reference-machine,96,500,1000,none,0,,,,,,,,,,,,,,,,,,275636.98083907366,724213760,970190848,245977088,231228956,0.20910000801086426,0.0,0.20000000298023224,0.5,0.699999988079071,0.16458187997341156,0.182,0.0,,,,,,,,,1000,1155.468061502589,865.4501438140869,,,,,,,,,,,,,,,,,,,,,
yi-128-ip,flatnav,True,False,10,1,1,2026-06-01T18:42:47.429396+00:00,49eec5d,True,reference-machine,96,500,10,none,0,,,,,,,,,,,,,,,,,,190205.64486831427,553050112,732119040,179068928,169810128,,,,,,,,,0.27399998903274536,0.0,0.20000000298023224,0.800000011920929,0.9009999763965597,0.25962281227111816,0.256,0.01,1000,14477.295006143948,,,,,,,,,,,,69.07367706298828,,,,,,,,,,
yi-128-ip,flatnav,True,False,10,1,1,2026-06-01T18:42:47.551022+00:00,49eec5d,True,reference-machine,96,500,20,none,0,,,,,,,,,,,,,,,,,,190205.64486831427,553050112,732119040,179068928,169810128,,,,,,,,,0.39820000529289246,0.0,0.4000000059604645,0.8999999761581421,1.0,0.2912331521511078,0.137,0.035,1000,9698.732134144508,,,,,,,,,,,,103.10626029968262,,,,,,,,,,
yi-128-ip,flatnav,True,False,10,1,1,2026-06-01T18:42:47.762804+00:00,49eec5d,True,reference-machine,96,500,30,none,0,,,,,,,,,,,,,,,,,,190205.64486831427,553050112,732119040,179068928,169810128,,,,,,,,,0.4854000210762024,0.0,0.5,1.0,1.0,0.2981054186820984,0.085,0.06,1000,7058.016595401684,,,,,,,,,,,,141.68286323547363,,,,,,,,,,
yi-128-ip,flatnav,True,False,10,1,1,2026-06-01T18:42:47.948078+00:00,49eec5d,True,reference-machine,96,500,40,none,0,,,,,,,,,,,,,,,,,,190205.64486831427,553050112,732119040,179068928,169810128,,,,,,,,,0.5447999835014343,0.0,0.6000000238418579,1.0,1.0,0.29409685730934143,0.059,0.081,1000,6006.940277238727,,,,,,,,,,,,166.4741039276123,,,,,,,,,,
yi-128-ip,flatnav,True,False,10,1,1,2026-06-01T18:42:48.160784+00:00,49eec5d,True,reference-machine,96,500,50,none,0,,,,,,,,,,,,,,,,,,190205.64486831427,553050112,732119040,179068928,169810128,,,,,,,,,0.589400053024292,0.0,0.6000000238418579,1.0,1.0,0.2898406982421875,0.045,0.108,1000,5140.053235033161,,,,,,,,,,,,194.5505142211914,,,,,,,,,,
yi-128-ip,flatnav,True,False,10,1,1,2026-06-01T18:42:48.400372+00:00,49eec5d,True,reference-machine,96,500,60,none,0,,,,,,,,,,,,,,,,,,190205.64486831427,553050112,732119040,179068928,169810128,,,,,,,,,0.625,0.0,0.699999988079071,1.0,1.0,0.28494736552238464,0.039,0.13,1000,4520.664319195695,,,,,,,,,,,,221.2064266204834,,,,,,,,,,
yi-128-ip,flatnav,True,False,10,1,1,2026-06-01T18:42:48.697122+00:00,49eec5d,True,reference-machine,96,500,80,none,0,,,,,,,,,,,,,,,,,,190205.64486831427,553050112,732119040,179068928,169810128,,,,,,,,,0.6776999831199646,0.0,0.699999988079071,1.0,1.0,0.2705784738063812,0.025,0.179,1000,3606.3747554867696,,,,,,,,,,,,277.2867679595947,,,,,,,,,,
yi-128-ip,flatnav,True,False,10,1,1,2026-06-01T18:42:49.045829+00:00,49eec5d,True,reference-machine,96,500,100,none,0,,,,,,,,,,,,,,,,,,190205.64486831427,553050112,732119040,179068928,169810128,,,,,,,,,0.7200000286102295,0.0,0.800000011920929,1.0,1.0,0.2551470398902893,0.017,0.212,1000,3028.6823009673894,,,,,,,,,,,,330.17659187316895,,,,,,,,,,
yi-128-ip,flatnav,True,False,10,1,1,2026-06-01T18:42:49.527728+00:00,49eec5d,True,reference-machine,96,500,150,none,0,,,,,,,,,,,,,,,,,,190205.64486831427,553050112,732119040,179068928,169810128,,,,,,,,,0.7950000166893005,0.0,0.8999999761581421,1.0,1.0,0.21839183568954468,0.009,0.298,1000,2158.639774661341,,,,,,,,,,,,463.2546901702881,,,,,,,,,,
yi-128-ip,flatnav,True,False,10,1,1,2026-06-01T18:42:50.129434+00:00,49eec5d,True,reference-machine,96,500,200,none,0,,,,,,,,,,,,,,,,,,190205.64486831427,553050112,732119040,179068928,169810128,,,,,,,,,0.8366000652313232,0.0,0.8999999761581421,1.0,1.0,0.1919386386871338,0.006,0.364,1000,1715.6329711431324,,,,,,,,,,,,582.8752517700195,,,,,,,,,,
yi-128-ip,flatnav,True,False,10,1,1,2026-06-01T18:42:50.999394+00:00,49eec5d,True,reference-machine,96,500,300,none,0,,,,,,,,,,,,,,,,,,190205.64486831427,553050112,732119040,179068928,169810128,,,,,,,,,0.8870999813079834,0.10000000149011612,0.8999999761581421,1.0,1.0,0.1473892480134964,0.0,0.459,1000,1173.8642972409752,,,,,,,,,,,,851.8872261047363,,,,,,,,,,
yi-128-ip,flatnav,True,False,10,1,1,2026-06-01T18:42:52.097061+00:00,49eec5d,True,reference-machine,96,500,400,none,0,,,,,,,,,,,,,,,,,,190205.64486831427,553050112,732119040,179068928,169810128,,,,,,,,,0.9142999649047852,0.20000000298023224,1.0,1.0,1.0,0.12403834611177444,0.0,0.534,1000,926.3400976584111,,,,,,,,,,,,1079.517126083374,,,,,,,,,,
yi-128-ip,flatnav,True,False,10,1,1,2026-06-01T18:42:53.433031+00:00,49eec5d,True,reference-machine,96,500,500,none,0,,,,,,,,,,,,,,,,,,190205.64486831427,553050112,732119040,179068928,169810128,,,,,,,,,0.929099977016449,0.20000000298023224,1.0,1.0,1.0,0.10901004821062088,0.0,0.58,1000,759.3546930566446,,,,,,,,,,,,1316.9076442718506,,,,,,,,,,
yi-128-ip,flatnav,True,False,10,1,1,2026-06-01T18:42:55.016705+00:00,49eec5d,True,reference-machine,96,500,600,none,0,,,,,,,,,,,,,,,,,,190205.64486831427,553050112,732119040,179068928,169810128,,,,,,,,,0.9407999515533447,0.20000000298023224,1.0,1.0,1.0,0.09703277051448822,0.0,0.621,1000,638.8973133070654,,,,,,,,,,,,1565.1967525482178,,,,,,,,,,
yi-128-ip,flatnav,True,False,10,1,1,2026-06-01T18:42:57.070098+00:00,49eec5d,True,reference-machine,96,500,800,none,0,,,,,,,,,,,,,,,,,,190205.64486831427,553050112,732119040,179068928,169810128,,,,,,,,,0.9574999809265137,0.4000000059604645,1.0,1.0,1.0,0.07539065182209015,0.0,0.69,1000,491.35729547680637,,,,,,,,,,,,2035.1788997650146,,,,,,,,,,
yi-128-ip,flatnav,True,False,10,1,1,2026-06-01T18:42:59.598434+00:00,49eec5d,True,reference-machine,96,500,1000,none,0,,,,,,,,,,,,,,,,,,190205.64486831427,553050112,732119040,179068928,169810128,,,,,,,,,0.9670999646186829,0.4000000059604645,1.0,1.0,1.0,0.0668400377035141,0.0,0.75,1000,398.2726815472864,,,,,,,,,,,,2510.8425617218018,,,,,,,,,,
llama-128-ip,flatnav,True,False,10,1,1,2026-06-01T18:50:25.087593+00:00,49eec5d,True,reference-machine,96,500,10,none,0,,,,,,,,,,,,,,,,,,441304.9286273308,724242432,971030528,246788096,232256640,,,,,,,,,0.2290000021457672,0.0,0.20000000298023224,0.6000000238418579,0.800000011920929,0.20410537719726562,0.227,0.001,1000,12589.042863874707,,,,,,,,,,,,79.43415641784668,,,,,,,,,,
llama-128-ip,flatnav,True,False,10,1,1,2026-06-01T18:50:25.228415+00:00,49eec5d,True,reference-machine,96,500,20,none,0,,,,,,,,,,,,,,,,,,441304.9286273308,724242432,971030528,246788096,232256640,,,,,,,,,0.34040001034736633,0.0,0.30000001192092896,0.699999988079071,0.8999999761581421,0.23479318618774414,0.121,0.009,1000,8205.301563080775,,,,,,,,,,,,121.8724250793457,,,,,,,,,,
llama-128-ip,flatnav,True,False,10,1,1,2026-06-01T18:50:25.406665+00:00,49eec5d,True,reference-machine,96,500,30,none,0,,,,,,,,,,,,,,,,,,441304.9286273308,724242432,971030528,246788096,232256640,,,,,,,,,0.41669997572898865,0.0,0.4000000059604645,0.800000011920929,0.8999999761581421,0.2431688904762268,0.067,0.009,1000,6247.3248969281,,,,,,,,,,,,160.06851196289062,,,,,,,,,,
llama-128-ip,flatnav,True,False,10,1,1,2026-06-01T18:50:25.623719+00:00,49eec5d,True,reference-machine,96,500,40,none,0,,,,,,,,,,,,,,,,,,441304.9286273308,724242432,971030528,246788096,232256640,,,,,,,,,0.48010000586509705,0.0,0.5,0.8999999761581421,1.0,0.2464020997285843,0.046,0.019,1000,5033.299692431757,,,,,,,,,,,,198.67682456970215,,,,,,,,,,
llama-128-ip,flatnav,True,False,10,1,1,2026-06-01T18:50:25.886949+00:00,49eec5d,True,reference-machine,96,500,50,none,0,,,,,,,,,,,,,,,,,,441304.9286273308,724242432,971030528,246788096,232256640,,,,,,,,,0.523900032043457,0.0,0.5,0.8999999761581421,1.0,0.24726258218288422,0.03,0.029,1000,4080.6338631092294,,,,,,,,,,,,245.05996704101562,,,,,,,,,,
llama-128-ip,flatnav,True,False,10,1,1,2026-06-01T18:50:26.177364+00:00,49eec5d,True,reference-machine,96,500,60,none,0,,,,,,,,,,,,,,,,,,441304.9286273308,724242432,971030528,246788096,232256640,,,,,,,,,0.5649000406265259,0.0,0.6000000238418579,0.8999999761581421,1.0,0.24669411778450012,0.025,0.042,1000,3673.105081373435,,,,,,,,,,,,272.2492218017578,,,,,,,,,,
llama-128-ip,flatnav,True,False,10,1,1,2026-06-01T18:50:26.543375+00:00,49eec5d,True,reference-machine,96,500,80,none,0,,,,,,,,,,,,,,,,,,441304.9286273308,724242432,971030528,246788096,232256640,,,,,,,,,0.6204000115394592,0.0,0.6500000059604645,1.0,1.0,0.23996633291244507,0.017,0.071,1000,2868.321838766041,,,,,,,,,,,,348.6359119415283,,,,,,,,,,
llama-128-ip,flatnav,True,False,10,1,1,2026-06-01T18:50:26.980046+00:00,49eec5d,True,reference-machine,96,500,100,none,0,,,,,,,,,,,,,,,,,,441304.9286273308,724242432,971030528,246788096,232256640,,,,,,,,,0.6644999980926514,0.0,0.699999988079071,1.0,1.0,0.2341575175523758,0.012,0.097,1000,2393.995468062397,,,,,,,,,,,,417.7117347717285,,,,,,,,,,
llama-128-ip,flatnav,True,False,10,1,1,2026-06-01T18:50:27.599098+00:00,49eec5d,True,reference-machine,96,500,150,none,0,,,,,,,,,,,,,,,,,,441304.9286273308,724242432,971030528,246788096,232256640,,,,,,,,,0.7387999892234802,0.0,0.800000011920929,1.0,1.0,0.21884824335575104,0.009,0.163,1000,1662.1314716485256,,,,,,,,,,,,601.6371250152588,,,,,,,,,,
llama-128-ip,flatnav,True,False,10,1,1,2026-06-01T18:50:28.398932+00:00,49eec5d,True,reference-machine,96,500,200,none,0,,,,,,,,,,,,,,,,,,441304.9286273308,724242432,971030528,246788096,232256640,,,,,,,,,0.7913999557495117,0.0,0.800000011920929,1.0,1.0,0.19490006566047668,0.006,0.22,1000,1279.9558608971308,,,,,,,,,,,,781.2769412994385,,,,,,,,,,
llama-128-ip,flatnav,True,False,10,1,1,2026-06-01T18:50:29.556514+00:00,49eec5d,True,reference-machine,96,500,300,none,0,,,,,,,,,,,,,,,,,,441304.9286273308,724242432,971030528,246788096,232256640,,,,,,,,,0.8472999930381775,0.0,0.8999999761581421,1.0,1.0,0.1622735559940338,0.001,0.312,1000,877.4327433998577,,,,,,,,,,,,1139.688491821289,,,,,,,,,,
llama-128-ip,flatnav,True,False,10,1,1,2026-06-01T18:50:31.070804+00:00,49eec5d,True,reference-machine,96,500,400,none,0,,,,,,,,,,,,,,,,,,441304.9286273308,724242432,971030528,246788096,232256640,,,,,,,,,0.8865000009536743,0.0,0.8999999761581421,1.0,1.0,0.13611666858196259,0.001,0.397,1000,669.0120266692187,,,,,,,,,,,,1494.741439819336,,,,,,,,,,
llama-128-ip,flatnav,True,False,10,1,1,2026-06-01T18:50:32.908747+00:00,49eec5d,True,reference-machine,96,500,500,none,0,,,,,,,,,,,,,,,,,,441304.9286273308,724242432,971030528,246788096,232256640,,,,,,,,,0.9091999530792236,0.20000000298023224,0.8999999761581421,1.0,1.0,0.1148710548877716,0.0,0.462,1000,549.4531608100349,,,,,,,,,,,,1819.9913501739502,,,,,,,,,,
llama-128-ip,flatnav,True,False,10,1,1,2026-06-01T18:50:35.082869+00:00,49eec5d,True,reference-machine,96,500,600,none,0,,,,,,,,,,,,,,,,,,441304.9286273308,724242432,971030528,246788096,232256640,,,,,,,,,0.9247999787330627,0.30000001192092896,1.0,1.0,1.0,0.10268865525722504,0.0,0.524,1000,464.1663848375336,,,,,,,,,,,,2154.399871826172,,,,,,,,,,
llama-128-ip,flatnav,True,False,10,1,1,2026-06-01T18:50:37.904822+00:00,49eec5d,True,reference-machine,96,500,800,none,0,,,,,,,,,,,,,,,,,,441304.9286273308,724242432,971030528,246788096,232256640,,,,,,,,,0.9466999769210815,0.5,1.0,1.0,1.0,0.08203115314245224,0.0,0.624,1000,356.68040163690324,,,,,,,,,,,,2803.6303520202637,,,,,,,,,,
llama-128-ip,flatnav,True,False,10,1,1,2026-06-01T18:50:41.356726+00:00,49eec5d,True,reference-machine,96,500,1000,none,0,,,,,,,,,,,,,,,,,,441304.9286273308,724242432,971030528,246788096,232256640,,,,,,,,,0.9582999348640442,0.5,1.0,1.0,1.0,0.0723264142870903,0.0,0.687,1000,291.20724774386287,,,,,,,,,,,,3433.9804649353027,,,,,,,,,,
yi-128-ip,nsg-faiss,False,False,10,1,1,2026-06-01T18:57:11.038260+00:00,49eec5d,True,reference-machine,,,,none,0,,,,,,,,,,,,,,96,500,500,10,386685.23197295144,553070592,996634624,443564032,98529724,0.023400001227855682,0.0,0.0,0.10000000149011612,0.5,0.08951223641633987,0.894,0.0,,,,,,,,,1000,47945.86191129401,20.856857299804688,,,,,,,,,,,,,,,,,,,,,
yi-128-ip,nsg-faiss,False,False,10,1,1,2026-06-01T18:57:11.121441+00:00,49eec5d,True,reference-machine,,,,none,0,,,,,,,,,,,,,,96,500,500,20,386685.23197295144,553070592,996634624,443564032,98529724,0.052400000393390656,0.0,0.0,0.30000001192092896,0.699999988079071,0.13384407758712769,0.787,0.0,,,,,,,,,1000,23680.310746265288,42.22917556762695,,,,,,,,,,,,,,,,,,,,,
yi-128-ip,nsg-faiss,False,False,10,1,1,2026-06-01T18:57:11.200669+00:00,49eec5d,True,reference-machine,,,,none,0,,,,,,,,,,,,,,96,500,500,30,386685.23197295144,553070592,996634624,443564032,98529724,0.07030000537633896,0.0,0.0,0.4000000059604645,0.699999988079071,0.15227577090263367,0.727,0.001,,,,,,,,,1000,16494.37053408157,60.62674522399902,,,,,,,,,,,,,,,,,,,,,
yi-128-ip,nsg-faiss,False,False,10,1,1,2026-06-01T18:57:11.298390+00:00,49eec5d,True,reference-machine,,,,none,0,,,,,,,,,,,,,,96,500,500,40,386685.23197295144,553070592,996634624,443564032,98529724,0.0828000009059906,0.0,0.0,0.5,0.800000011920929,0.16847600042819977,0.697,0.003,,,,,,,,,1000,12714.789799803562,78.64856719970703,,,,,,,,,,,,,,,,,,,,,
yi-128-ip,nsg-faiss,False,False,10,1,1,2026-06-01T18:57:11.411723+00:00,49eec5d,True,reference-machine,,,,none,0,,,,,,,,,,,,,,96,500,500,50,386685.23197295144,553070592,996634624,443564032,98529724,0.09930000454187393,0.0,0.0,0.5,0.800000011920929,0.18327440321445465,0.65,0.003,,,,,,,,,1000,10533.529556538904,94.93494033813477,,,,,,,,,,,,,,,,,,,,,
yi-128-ip,nsg-faiss,False,False,10,1,1,2026-06-01T18:57:11.541750+00:00,49eec5d,True,reference-machine,,,,none,0,,,,,,,,,,,,,,96,500,500,60,386685.23197295144,553070592,996634624,443564032,98529724,0.11430000513792038,0.0,0.0,0.6000000238418579,0.800000011920929,0.1987096071243286,0.618,0.003,,,,,,,,,1000,8991.602871787836,111.21487617492676,,,,,,,,,,,,,,,,,,,,,
yi-128-ip,nsg-faiss,False,False,10,1,1,2026-06-01T18:57:11.703712+00:00,49eec5d,True,reference-machine,,,,none,0,,,,,,,,,,,,,,96,500,500,80,386685.23197295144,553070592,996634624,443564032,98529724,0.13050000369548798,0.0,0.0,0.6000000238418579,0.8010000115633001,0.21349413692951202,0.582,0.004,,,,,,,,,1000,6983.12782826147,143.2023048400879,,,,,,,,,,,,,,,,,,,,,
yi-128-ip,nsg-faiss,False,False,10,1,1,2026-06-01T18:57:11.897986+00:00,49eec5d,True,reference-machine,,,,none,0,,,,,,,,,,,,,,96,500,500,100,386685.23197295144,553070592,996634624,443564032,98529724,0.15370000898838043,0.0,0.0,0.699999988079071,0.8999999761581421,0.23234955966472626,0.533,0.005,,,,,,,,,1000,5693.182250069225,175.64868927001953,,,,,,,,,,,,,,,,,,,,,
yi-128-ip,nsg-faiss,False,False,10,1,1,2026-06-01T18:57:12.150655+00:00,49eec5d,True,reference-machine,,,,none,0,,,,,,,,,,,,,,96,500,500,150,386685.23197295144,553070592,996634624,443564032,98529724,0.20399999618530273,0.0,0.10000000149011612,0.800000011920929,0.8999999761581421,0.2558593451976776,0.416,0.009,,,,,,,,,1000,4273.5788883794385,233.99591445922852,,,,,,,,,,,,,,,,,,,,,
yi-128-ip,nsg-faiss,False,False,10,1,1,2026-06-01T18:57:12.457582+00:00,49eec5d,True,reference-machine,,,,none,0,,,,,,,,,,,,,,96,500,500,200,386685.23197295144,553070592,996634624,443564032,98529724,0.2417999804019928,0.0,0.10000000149011612,0.800000011920929,1.0,0.27414003014564514,0.342,0.016,,,,,,,,,1000,3463.8248954486294,288.6981964111328,,,,,,,,,,,,,,,,,,,,,
yi-128-ip,nsg-faiss,False,False,10,1,1,2026-06-01T18:57:12.885983+00:00,49eec5d,True,reference-machine,,,,none,0,,,,,,,,,,,,,,96,500,500,300,386685.23197295144,553070592,996634624,443564032,98529724,0.27709999680519104,0.0,0.20000000298023224,0.8999999761581421,1.0,0.29217392206192017,0.3,0.028,,,,,,,,,1000,2440.004328163195,409.8353385925293,,,,,,,,,,,,,,,,,,,,,
yi-128-ip,nsg-faiss,False,False,10,1,1,2026-06-01T18:57:13.459857+00:00,49eec5d,True,reference-machine,,,,none,0,,,,,,,,,,,,,,96,500,500,400,386685.23197295144,553070592,996634624,443564032,98529724,0.31049999594688416,0.0,0.20000000298023224,0.8999999761581421,1.0,0.30179423093795776,0.247,0.04,,,,,,,,,1000,1806.6164577980603,553.520917892456,,,,,,,,,,,,,,,,,,,,,
yi-128-ip,nsg-faiss,False,False,10,1,1,2026-06-01T18:57:14.160534+00:00,49eec5d,True,reference-machine,,,,none,0,,,,,,,,,,,,,,96,500,500,500,386685.23197295144,553070592,996634624,443564032,98529724,0.34170001745224,0.0,0.30000001192092896,1.0,1.0,0.3085305690765381,0.199,0.052,,,,,,,,,1000,1465.896608306495,682.1763515472412,,,,,,,,,,,,,,,,,,,,,
yi-128-ip,nsg-faiss,False,False,10,1,1,2026-06-01T18:57:15.017456+00:00,49eec5d,True,reference-machine,,,,none,0,,,,,,,,,,,,,,96,500,500,600,386685.23197295144,553070592,996634624,443564032,98529724,0.35679998993873596,0.0,0.30000001192092896,1.0,1.0,0.31105268001556396,0.187,0.062,,,,,,,,,1000,1192.7825109920564,838.3758068084717,,,,,,,,,,,,,,,,,,,,,
yi-128-ip,nsg-faiss,False,False,10,1,1,2026-06-01T18:57:16.201556+00:00,49eec5d,True,reference-machine,,,,none,0,,,,,,,,,,,,,,96,500,500,800,386685.23197295144,553070592,996634624,443564032,98529724,0.3889000117778778,0.0,0.30000001192092896,1.0,1.0,0.31636494398117065,0.153,0.079,,,,,,,,,1000,858.5474650838661,1164.7579669952393,,,,,,,,,,,,,,,,,,,,,
yi-128-ip,nsg-faiss,False,False,10,1,1,2026-06-01T18:57:17.730603+00:00,49eec5d,True,reference-machine,,,,none,0,,,,,,,,,,,,,,96,500,500,1000,386685.23197295144,553070592,996634624,443564032,98529724,0.4097999930381775,0.0,0.4000000059604645,1.0,1.0,0.31897327303886414,0.131,0.091,,,,,,,,,1000,661.9457395342348,1510.697841644287,,,,,,,,,,,,,,,,,,,,,
llama-128-ip,nsg-faiss,False,False,10,1,1,2026-06-01T19:04:40.042403+00:00,49eec5d,True,reference-machine,,,,none,0,,,,,,,,,,,,,,96,500,500,10,438151.7551871948,828932096,1348919296,519987200,134637892,0.04800000041723251,0.0,0.0,0.20000000298023224,0.5,0.09682974964380264,0.704,0.0,,,,,,,,,1000,24179.401150657766,41.35751724243164,,,,,,,,,,,,,,,,,,,,,
llama-128-ip,nsg-faiss,False,False,10,1,1,2026-06-01T19:04:40.156802+00:00,49eec5d,True,reference-machine,,,,none,0,,,,,,,,,,,,,,96,500,500,20,438151.7551871948,828932096,1348919296,519987200,134637892,0.05900000035762787,0.0,0.0,0.30000001192092896,0.5,0.10285426676273346,0.638,0.0,,,,,,,,,1000,14701.690186263995,68.01939010620117,,,,,,,,,,,,,,,,,,,,,
llama-128-ip,nsg-faiss,False,False,10,1,1,2026-06-01T19:04:40.277487+00:00,49eec5d,True,reference-machine,,,,none,0,,,,,,,,,,,,,,96,500,500,30,438151.7551871948,828932096,1348919296,519987200,134637892,0.0723000019788742,0.0,0.0,0.30000001192092896,0.5,0.11359009891748428,0.58,0.0,,,,,,,,,1000,9779.64516963913,102.25319862365723,,,,,,,,,,,,,,,,,,,,,
llama-128-ip,nsg-faiss,False,False,10,1,1,2026-06-01T19:04:40.418700+00:00,49eec5d,True,reference-machine,,,,none,0,,,,,,,,,,,,,,96,500,500,40,438151.7551871948,828932096,1348919296,519987200,134637892,0.08220000565052032,0.0,0.0,0.30000001192092896,0.5010000002384176,0.11942847818136215,0.525,0.0,,,,,,,,,1000,8279.320963284643,120.78285217285156,,,,,,,,,,,,,,,,,,,,,
llama-128-ip,nsg-faiss,False,False,10,1,1,2026-06-01T19:04:40.579169+00:00,49eec5d,True,reference-machine,,,,none,0,,,,,,,,,,,,,,96,500,500,50,438151.7551871948,828932096,1348919296,519987200,134637892,0.09300000220537186,0.0,0.10000000149011612,0.30000001192092896,0.6000000238418579,0.12486392259597778,0.474,0.0,,,,,,,,,1000,7126.3103882996975,140.32506942749023,,,,,,,,,,,,,,,,,,,,,
llama-128-ip,nsg-faiss,False,False,10,1,1,2026-06-01T19:04:40.759607+00:00,49eec5d,True,reference-machine,,,,none,0,,,,,,,,,,,,,,96,500,500,60,438151.7551871948,828932096,1348919296,519987200,134637892,0.0999000072479248,0.0,0.10000000149011612,0.30000001192092896,0.6000000238418579,0.1276322454214096,0.446,0.0,,,,,,,,,1000,6183.334217866388,161.72504425048828,,,,,,,,,,,,,,,,,,,,,
llama-128-ip,nsg-faiss,False,False,10,1,1,2026-06-01T19:04:40.980564+00:00,49eec5d,True,reference-machine,,,,none,0,,,,,,,,,,,,,,96,500,500,80,438151.7551871948,828932096,1348919296,519987200,134637892,0.11310000717639923,0.0,0.10000000149011612,0.4000000059604645,0.6000000238418579,0.13068431615829468,0.389,0.0,,,,,,,,,1000,4951.85923288344,201.94435119628906,,,,,,,,,,,,,,,,,,,,,
llama-128-ip,nsg-faiss,False,False,10,1,1,2026-06-01T19:04:41.243059+00:00,49eec5d,True,reference-machine,,,,none,0,,,,,,,,,,,,,,96,500,500,100,438151.7551871948,828932096,1348919296,519987200,134637892,0.12350000441074371,0.0,0.10000000149011612,0.4000000059604645,0.6000000238418579,0.13761450350284576,0.355,0.001,,,,,,,,,1000,4093.2618316848593,244.30394172668457,,,,,,,,,,,,,,,,,,,,,
llama-128-ip,nsg-faiss,False,False,10,1,1,2026-06-01T19:04:41.612867+00:00,49eec5d,True,reference-machine,,,,none,0,,,,,,,,,,,,,,96,500,500,150,438151.7551871948,828932096,1348919296,519987200,134637892,0.1469999998807907,0.0,0.10000000149011612,0.4000000059604645,0.699999988079071,0.14856311678886414,0.282,0.001,,,,,,,,,1000,2851.6772956582045,350.67081451416016,,,,,,,,,,,,,,,,,,,,,
llama-128-ip,nsg-faiss,False,False,10,1,1,2026-06-01T19:04:42.091211+00:00,49eec5d,True,reference-machine,,,,none,0,,,,,,,,,,,,,,96,500,500,200,438151.7551871948,828932096,1348919296,519987200,134637892,0.16930000483989716,0.0,0.10000000149011612,0.5,0.800000011920929,0.15914618968963623,0.234,0.001,,,,,,,,,1000,2177.8557101221413,459.1672420501709,,,,,,,,,,,,,,,,,,,,,
llama-128-ip,nsg-faiss,False,False,10,1,1,2026-06-01T19:04:42.783129+00:00,49eec5d,True,reference-machine,,,,none,0,,,,,,,,,,,,,,96,500,500,300,438151.7551871948,828932096,1348919296,519987200,134637892,0.20629999041557312,0.0,0.20000000298023224,0.5,0.800000011920929,0.1750723123550415,0.167,0.002,,,,,,,,,1000,1485.5733794911519,673.1407642364502,,,,,,,,,,,,,,,,,,,,,
llama-128-ip,nsg-faiss,False,False,10,1,1,2026-06-01T19:04:43.687409+00:00,49eec5d,True,reference-machine,,,,none,0,,,,,,,,,,,,,,96,500,500,400,438151.7551871948,828932096,1348919296,519987200,134637892,0.2305999994277954,0.0,0.20000000298023224,0.6000000238418579,0.8999999761581421,0.18650373816490173,0.14,0.002,,,,,,,,,1000,1129.3526671820277,885.4629993438721,,,,,,,,,,,,,,,,,,,,,
llama-128-ip,nsg-faiss,False,False,10,1,1,2026-06-01T19:04:44.854549+00:00,49eec5d,True,reference-machine,,,,none,0,,,,,,,,,,,,,,96,500,500,500,438151.7551871948,828932096,1348919296,519987200,134637892,0.2514999806880951,0.0,0.20000000298023224,0.6000000238418579,0.8999999761581421,0.19374661147594452,0.121,0.004,,,,,,,,,1000,870.8444793624402,1148.310661315918,,,,,,,,,,,,,,,,,,,,,
llama-128-ip,nsg-faiss,False,False,10,1,1,2026-06-01T19:04:46.234045+00:00,49eec5d,True,reference-machine,,,,none,0,,,,,,,,,,,,,,96,500,500,600,438151.7551871948,828932096,1348919296,519987200,134637892,0.26820001006126404,0.0,0.20000000298023224,0.699999988079071,0.8999999761581421,0.19947120547294617,0.101,0.007,,,,,,,,,1000,734.7986195056149,1360.917091369629,,,,,,,,,,,,,,,,,,,,,
llama-128-ip,nsg-faiss,False,False,10,1,1,2026-06-01T19:04:48.110905+00:00,49eec5d,True,reference-machine,,,,none,0,,,,,,,,,,,,,,96,500,500,800,438151.7551871948,828932096,1348919296,519987200,134637892,0.30079999566078186,0.0,0.30000001192092896,0.699999988079071,0.9009999763965597,0.2050350308418274,0.076,0.01,,,,,,,,,1000,538.1250101837331,1858.3042621612549,,,,,,,,,,,,,,,,,,,,,
llama-128-ip,nsg-faiss,False,False,10,1,1,2026-06-01T19:04:50.507825+00:00,49eec5d,True,reference-machine,,,,none,0,,,,,,,,,,,,,,96,500,500,1000,438151.7551871948,828932096,1348919296,519987200,134637892,0.32259997725486755,0.0,0.30000001192092896,0.699999988079071,0.9009999763965597,0.20671051740646362,0.06,0.01,,,,,,,,,1000,420.5660123465381,2377.7480125427246,,,,,,,,,,,,,,,,,,,,,
yi-128-ip,nsg-faiss,True,False,10,1,1,2026-06-01T19:13:13.327225+00:00,49eec5d,True,reference-machine,,,,none,0,,,,,,,,,,,,,,96,500,500,10,499500.99435215816,577024000,1078857728,501833728,113063484,,,,,,,,,0.11419999599456787,0.0,0.0,0.5,0.8999999761581421,0.19426363706588745,0.597,0.007,1000,15024.246961517934,,,,,,,,,,,,66.5590763092041,,,,,,,,,,
yi-128-ip,nsg-faiss,True,False,10,1,1,2026-06-01T19:13:13.478694+00:00,49eec5d,True,reference-machine,,,,none,0,,,,,,,,,,,,,,96,500,500,20,499500.99435215816,577024000,1078857728,501833728,113063484,,,,,,,,,0.21379998326301575,0.0,0.10000000149011612,0.800000011920929,1.0,0.2703508138656616,0.419,0.021,1000,9505.310939833522,,,,,,,,,,,,105.20434379577637,,,,,,,,,,
yi-128-ip,nsg-faiss,True,False,10,1,1,2026-06-01T19:13:13.640892+00:00,49eec5d,True,reference-machine,,,,none,0,,,,,,,,,,,,,,96,500,500,30,499500.99435215816,577024000,1078857728,501833728,113063484,,,,,,,,,0.2750000059604645,0.0,0.10000000149011612,0.8999999761581421,1.0,0.30818015336990356,0.355,0.037,1000,6974.500188733523,,,,,,,,,,,,143.37944984436035,,,,,,,,,,
yi-128-ip,nsg-faiss,True,False,10,1,1,2026-06-01T19:13:13.817435+00:00,49eec5d,True,reference-machine,,,,none,0,,,,,,,,,,,,,,96,500,500,40,499500.99435215816,577024000,1078857728,501833728,113063484,,,,,,,,,0.35190001130104065,0.0,0.30000001192092896,1.0,1.0,0.3267359733581543,0.255,0.057,1000,6361.772673358633,,,,,,,,,,,,157.18889236450195,,,,,,,,,,
yi-128-ip,nsg-faiss,True,False,10,1,1,2026-06-01T19:13:14.009375+00:00,49eec5d,True,reference-machine,,,,none,0,,,,,,,,,,,,,,96,500,500,50,499500.99435215816,577024000,1078857728,501833728,113063484,,,,,,,,,0.39890000224113464,0.0,0.30000001192092896,1.0,1.0,0.33058854937553406,0.202,0.073,1000,5797.441514910674,,,,,,,,,,,,172.48988151550293,,,,,,,,,,
yi-128-ip,nsg-faiss,True,False,10,1,1,2026-06-01T19:13:14.223461+00:00,49eec5d,True,reference-machine,,,,none,0,,,,,,,,,,,,,,96,500,500,60,499500.99435215816,577024000,1078857728,501833728,113063484,,,,,,,,,0.4417000114917755,0.0,0.4000000059604645,1.0,1.0,0.33453118801116943,0.167,0.083,1000,5124.441349313981,,,,,,,,,,,,195.1432228088379,,,,,,,,,,
yi-128-ip,nsg-faiss,True,False,10,1,1,2026-06-01T19:13:14.477575+00:00,49eec5d,True,reference-machine,,,,none,0,,,,,,,,,,,,,,96,500,500,80,499500.99435215816,577024000,1078857728,501833728,113063484,,,,,,,,,0.46980002522468567,0.0,0.5,1.0,1.0,0.332216739654541,0.161,0.078,1000,4266.610243801708,,,,,,,,,,,,234.37809944152832,,,,,,,,,,
yi-128-ip,nsg-faiss,True,False,10,1,1,2026-06-01T19:13:14.779623+00:00,49eec5d,True,reference-machine,,,,none,0,,,,,,,,,,,,,,96,500,500,100,499500.99435215816,577024000,1078857728,501833728,113063484,,,,,,,,,0.49779999256134033,0.0,0.5,1.0,1.0,0.33483603596687317,0.142,0.096,1000,3530.4608542018614,,,,,,,,,,,,283.2491397857666,,,,,,,,,,
yi-128-ip,nsg-faiss,True,False,10,1,1,2026-06-01T19:13:15.140253+00:00,49eec5d,True,reference-machine,,,,none,0,,,,,,,,,,,,,,96,500,500,150,499500.99435215816,577024000,1078857728,501833728,113063484,,,,,,,,,0.6557000875473022,0.0,0.699999988079071,1.0,1.0,0.30021244287490845,0.05,0.204,1000,2922.9210366767247,,,,,,,,,,,,342.12350845336914,,,,,,,,,,
yi-128-ip,nsg-faiss,True,False,10,1,1,2026-06-01T19:13:15.615927+00:00,49eec5d,True,reference-machine,,,,none,0,,,,,,,,,,,,,,96,500,500,200,499500.99435215816,577024000,1078857728,501833728,113063484,,,,,,,,,0.6965000033378601,0.0,0.800000011920929,1.0,1.0,0.2854781150817871,0.044,0.23,1000,2190.598553077166,,,,,,,,,,,,456.4962387084961,,,,,,,,,,
yi-128-ip,nsg-faiss,True,False,10,1,1,2026-06-01T19:13:16.321763+00:00,49eec5d,True,reference-machine,,,,none,0,,,,,,,,,,,,,,96,500,500,300,499500.99435215816,577024000,1078857728,501833728,113063484,,,,,,,,,0.7696999311447144,0.0,0.8499999940395355,1.0,1.0,0.24837855994701385,0.022,0.283,1000,1459.4208460756638,,,,,,,,,,,,685.2033138275146,,,,,,,,,,
yi-128-ip,nsg-faiss,True,False,10,1,1,2026-06-01T19:13:17.264345+00:00,49eec5d,True,reference-machine,,,,none,0,,,,,,,,,,,,,,96,500,500,400,499500.99435215816,577024000,1078857728,501833728,113063484,,,,,,,,,0.8043000102043152,0.0,0.8999999761581421,1.0,1.0,0.23864515125751495,0.022,0.334,1000,1082.5423913419404,,,,,,,,,,,,923.7513542175293,,,,,,,,,,
yi-128-ip,nsg-faiss,True,False,10,1,1,2026-06-01T19:13:18.470370+00:00,49eec5d,True,reference-machine,,,,none,0,,,,,,,,,,,,,,96,500,500,500,499500.99435215816,577024000,1078857728,501833728,113063484,,,,,,,,,0.8445000052452087,0.0,0.8999999761581421,1.0,1.0,0.2066633552312851,0.013,0.403,1000,842.3572565002813,,,,,,,,,,,,1187.1447563171387,,,,,,,,,,
yi-128-ip,nsg-faiss,True,False,10,1,1,2026-06-01T19:13:19.928763+00:00,49eec5d,True,reference-machine,,,,none,0,,,,,,,,,,,,,,96,500,500,600,499500.99435215816,577024000,1078857728,501833728,113063484,,,,,,,,,0.8796999454498291,0.0,0.8999999761581421,1.0,1.0,0.16479657590389252,0.001,0.458,1000,694.5598740410751,,,,,,,,,,,,1439.760684967041,,,,,,,,,,
yi-128-ip,nsg-faiss,True,False,10,1,1,2026-06-01T19:13:21.947723+00:00,49eec5d,True,reference-machine,,,,none,0,,,,,,,,,,,,,,96,500,500,800,499500.99435215816,577024000,1078857728,501833728,113063484,,,,,,,,,0.9137999415397644,0.10000000149011612,1.0,1.0,1.0,0.12469786405563354,0.0,0.531,1000,499.89541572873543,,,,,,,,,,,,2000.4184246063232,,,,,,,,,,
yi-128-ip,nsg-faiss,True,False,10,1,1,2026-06-01T19:13:24.534347+00:00,49eec5d,True,reference-machine,,,,none,0,,,,,,,,,,,,,,96,500,500,1000,499500.99435215816,577024000,1078857728,501833728,113063484,,,,,,,,,0.9311999678611755,0.10000000149011612,1.0,1.0,1.0,0.10633230954408646,0.0,0.582,1000,389.44522098810893,,,,,,,,,,,,2567.7552223205566,,,,,,,,,,
llama-128-ip,nsg-faiss,True,False,10,1,1,2026-06-01T19:29:02.346746+00:00,49eec5d,True,reference-machine,,,,none,0,,,,,,,,,,,,,,96,500,500,10,933109.5636975951,858361856,1522216960,663855104,172509820,,,,,,,,,0.2590000033378601,0.0,0.20000000298023224,0.699999988079071,0.800000011920929,0.21725331246852875,0.215,0.002,1000,12925.077578742037,,,,,,,,,,,,77.36897468566895,,,,,,,,,,
llama-128-ip,nsg-faiss,True,False,10,1,1,2026-06-01T19:29:02.529488+00:00,49eec5d,True,reference-machine,,,,none,0,,,,,,,,,,,,,,96,500,500,20,933109.5636975951,858361856,1522216960,663855104,172509820,,,,,,,,,0.3828999996185303,0.0,0.4000000059604645,0.800000011920929,1.0,0.24506650865077972,0.097,0.011,1000,8402.438413628834,,,,,,,,,,,,119.01307106018066,,,,,,,,,,
llama-128-ip,nsg-faiss,True,False,10,1,1,2026-06-01T19:29:02.716162+00:00,49eec5d,True,reference-machine,,,,none,0,,,,,,,,,,,,,,96,500,500,30,933109.5636975951,858361856,1522216960,663855104,172509820,,,,,,,,,0.4657999873161316,0.0,0.5,0.8999999761581421,1.0,0.24958036839962006,0.055,0.023,1000,5948.329582214734,,,,,,,,,,,,168.11442375183105,,,,,,,,,,
llama-128-ip,nsg-faiss,True,False,10,1,1,2026-06-01T19:29:02.940145+00:00,49eec5d,True,reference-machine,,,,none,0,,,,,,,,,,,,,,96,500,500,40,933109.5636975951,858361856,1522216960,663855104,172509820,,,,,,,,,0.5224000215530396,0.0,0.5,0.8999999761581421,1.0,0.25226619839668274,0.035,0.036,1000,4879.6509801640395,,,,,,,,,,,,204.93268966674805,,,,,,,,,,
llama-128-ip,nsg-faiss,True,False,10,1,1,2026-06-01T19:29:03.205992+00:00,49eec5d,True,reference-machine,,,,none,0,,,,,,,,,,,,,,96,500,500,50,933109.5636975951,858361856,1522216960,663855104,172509820,,,,,,,,,0.5644000172615051,0.0,0.6000000238418579,1.0,1.0,0.25344157218933105,0.029,0.051,1000,4044.870311222207,,,,,,,,,,,,247.22671508789062,,,,,,,,,,
llama-128-ip,nsg-faiss,True,False,10,1,1,2026-06-01T19:29:03.509815+00:00,49eec5d,True,reference-machine,,,,none,0,,,,,,,,,,,,,,96,500,500,60,933109.5636975951,858361856,1522216960,663855104,172509820,,,,,,,,,0.6004999876022339,0.0,0.6000000238418579,1.0,1.0,0.2529619634151459,0.023,0.073,1000,3506.090073401873,,,,,,,,,,,,285.2180004119873,,,,,,,,,,
llama-128-ip,nsg-faiss,True,False,10,1,1,2026-06-01T19:29:03.892327+00:00,49eec5d,True,reference-machine,,,,none,0,,,,,,,,,,,,,,96,500,500,80,933109.5636975951,858361856,1522216960,663855104,172509820,,,,,,,,,0.6577999591827393,0.0,0.699999988079071,1.0,1.0,0.2468990832567215,0.018,0.117,1000,2749.9232909619705,,,,,,,,,,,,363.6465072631836,,,,,,,,,,
llama-128-ip,nsg-faiss,True,False,10,1,1,2026-06-01T19:29:04.356565+00:00,49eec5d,True,reference-machine,,,,none,0,,,,,,,,,,,,,,96,500,500,100,933109.5636975951,858361856,1522216960,663855104,172509820,,,,,,,,,0.7038000226020813,0.0,0.699999988079071,1.0,1.0,0.23644354939460754,0.012,0.148,1000,2248.260993783693,,,,,,,,,,,,444.78821754455566,,,,,,,,,,
llama-128-ip,nsg-faiss,True,False,10,1,1,2026-06-01T19:29:05.015523+00:00,49eec5d,True,reference-machine,,,,none,0,,,,,,,,,,,,,,96,500,500,150,933109.5636975951,858361856,1522216960,663855104,172509820,,,,,,,,,0.7777999639511108,0.0,0.800000011920929,1.0,1.0,0.20704385638237,0.005,0.235,1000,1563.6105527488323,,,,,,,,,,,,639.5454406738281,,,,,,,,,,
llama-128-ip,nsg-faiss,True,False,10,1,1,2026-06-01T19:29:05.872568+00:00,49eec5d,True,reference-machine,,,,none,0,,,,,,,,,,,,,,96,500,500,200,933109.5636975951,858361856,1522216960,663855104,172509820,,,,,,,,,0.8292999267578125,0.0,0.8999999761581421,1.0,1.0,0.18075262010097504,0.003,0.312,1000,1194.3479600454925,,,,,,,,,,,,837.2769355773926,,,,,,,,,,
llama-128-ip,nsg-faiss,True,False,10,1,1,2026-06-01T19:29:07.092633+00:00,49eec5d,True,reference-machine,,,,none,0,,,,,,,,,,,,,,96,500,500,300,933109.5636975951,858361856,1522216960,663855104,172509820,,,,,,,,,0.8699000477790833,0.0,0.8999999761581421,1.0,1.0,0.16469362378120422,0.002,0.412,1000,880.8628049561638,,,,,,,,,,,,1135.2505683898926,,,,,,,,,,
llama-128-ip,nsg-faiss,True,False,10,1,1,2026-06-01T19:29:08.664721+00:00,49eec5d,True,reference-machine,,,,none,0,,,,,,,,,,,,,,96,500,500,400,933109.5636975951,858361856,1522216960,663855104,172509820,,,,,,,,,0.9099000096321106,0.10000000149011612,1.0,1.0,1.0,0.12716913223266602,0.0,0.514,1000,645.6193193966221,,,,,,,,,,,,1548.9003658294678,,,,,,,,,,
llama-128-ip,nsg-faiss,True,False,10,1,1,2026-06-01T19:29:10.634601+00:00,49eec5d,True,reference-machine,,,,none,0,,,,,,,,,,,,,,96,500,500,500,933109.5636975951,858361856,1522216960,663855104,172509820,,,,,,,,,0.931399941444397,0.20000000298023224,1.0,1.0,1.0,0.10234275460243225,0.0,0.573,1000,512.5735793459307,,,,,,,,,,,,1950.939416885376,,,,,,,,,,
llama-128-ip,nsg-faiss,True,False,10,1,1,2026-06-01T19:29:13.054431+00:00,49eec5d,True,reference-machine,,,,none,0,,,,,,,,,,,,,,96,500,500,600,933109.5636975951,858361856,1522216960,663855104,172509820,,,,,,,,,0.9459999799728394,0.30000001192092896,1.0,1.0,1.0,0.08799999952316284,0.0,0.638,1000,416.63262857260924,,,,,,,,,,,,2400.196075439453,,,,,,,,,,
llama-128-ip,nsg-faiss,True,False,10,1,1,2026-06-01T19:29:16.355559+00:00,49eec5d,True,reference-machine,,,,none,0,,,,,,,,,,,,,,96,500,500,800,933109.5636975951,858361856,1522216960,663855104,172509820,,,,,,,,,0.9645999670028687,0.5,1.0,1.0,1.0,0.06653450429439545,0.0,0.73,1000,304.73606458483226,,,,,,,,,,,,3281.5282344818115,,,,,,,,,,
llama-128-ip,nsg-faiss,True,False,10,1,1,2026-06-01T19:29:20.575207+00:00,49eec5d,True,reference-machine,,,,none,0,,,,,,,,,,,,,,96,500,500,1000,933109.5636975951,858361856,1522216960,663855104,172509820,,,,,,,,,0.9729999899864197,0.5,1.0,1.0,1.0,0.056488942354917526,0.0,0.778,1000,238.05703237840447,,,,,,,,,,,,4200.674057006836,,,,,,,,,,
yi-128-ip,roargraph,False,False,10,1,1,2026-06-01T19:32:31.145519+00:00,49eec5d,True,reference-machine,,,,,,10,96,500,10,,,187843,10,database_objects,42,187843,187843,0,,,,,115148.82120396942,738570240,1172426752,433856512,2070280,0.033400002866983414,0.0,0.0,0.30000001192092896,0.5,0.10071961581707001,0.858,0.0,,,,,,,,,1000,43155.27157864411,23.17214012145996,,,,,,,,,,,,,,,,,,,,,
yi-128-ip,roargraph,False,False,10,1,1,2026-06-01T19:32:31.199945+00:00,49eec5d,True,reference-machine,,,,,,10,96,500,20,,,187843,10,database_objects,42,187843,187843,0,,,,,115148.82120396942,738570240,1172426752,433856512,2070280,0.05140000209212303,0.0,0.0,0.30000001192092896,0.6000000238418579,0.12376606464385986,0.788,0.0,,,,,,,,,1000,29180.405880183946,34.26957130432129,,,,,,,,,,,,,,,,,,,,,
yi-128-ip,roargraph,False,False,10,1,1,2026-06-01T19:32:31.264507+00:00,49eec5d,True,reference-machine,,,,,,10,96,500,30,,,187843,10,database_objects,42,187843,187843,0,,,,,115148.82120396942,738570240,1172426752,433856512,2070280,0.06400000303983688,0.0,0.0,0.4000000059604645,0.699999988079071,0.13828955590724945,0.743,0.0,,,,,,,,,1000,21636.071949942485,46.2191104888916,,,,,,,,,,,,,,,,,,,,,
yi-128-ip,roargraph,False,False,10,1,1,2026-06-01T19:32:31.338319+00:00,49eec5d,True,reference-machine,,,,,,10,96,500,40,,,187843,10,database_objects,42,187843,187843,0,,,,,115148.82120396942,738570240,1172426752,433856512,2070280,0.07430000603199005,0.0,0.0,0.4000000059604645,0.699999988079071,0.14902855455875397,0.707,0.0,,,,,,,,,1000,18078.896551724138,55.3131103515625,,,,,,,,,,,,,,,,,,,,,
yi-128-ip,roargraph,False,False,10,1,1,2026-06-01T19:32:31.420992+00:00,49eec5d,True,reference-machine,,,,,,10,96,500,50,,,187843,10,database_objects,42,187843,187843,0,,,,,115148.82120396942,738570240,1172426752,433856512,2070280,0.08340001106262207,0.0,0.0,0.4000000059604645,0.699999988079071,0.1553204506635666,0.67,0.0,,,,,,,,,1000,15665.995600094124,63.83252143859863,,,,,,,,,,,,,,,,,,,,,
yi-128-ip,roargraph,False,False,10,1,1,2026-06-01T19:32:31.514846+00:00,49eec5d,True,reference-machine,,,,,,10,96,500,60,,,187843,10,database_objects,42,187843,187843,0,,,,,115148.82120396942,738570240,1172426752,433856512,2070280,0.09220000356435776,0.0,0.0,0.5,0.699999988079071,0.1633375734090805,0.645,0.0,,,,,,,,,1000,13493.015924079138,74.1124153137207,,,,,,,,,,,,,,,,,,,,,
yi-128-ip,roargraph,False,False,10,1,1,2026-06-01T19:32:31.627649+00:00,49eec5d,True,reference-machine,,,,,,10,96,500,80,,,187843,10,database_objects,42,187843,187843,0,,,,,115148.82120396942,738570240,1172426752,433856512,2070280,0.10750000178813934,0.0,0.0,0.5,0.699999988079071,0.17167921364307404,0.585,0.0,,,,,,,,,1000,10816.138964676029,92.45443344116211,,,,,,,,,,,,,,,,,,,,,
yi-128-ip,roargraph,False,False,10,1,1,2026-06-01T19:32:31.760599+00:00,49eec5d,True,reference-machine,,,,,,10,96,500,100,,,187843,10,database_objects,42,187843,187843,0,,,,,115148.82120396942,738570240,1172426752,433856512,2070280,0.12330000102519989,0.0,0.0,0.5,0.7009999883174887,0.18062976002693176,0.54,0.0,,,,,,,,,1000,8827.307529606378,113.28482627868652,,,,,,,,,,,,,,,,,,,,,
yi-128-ip,roargraph,False,False,10,1,1,2026-06-01T19:32:31.941035+00:00,49eec5d,True,reference-machine,,,,,,10,96,500,150,,,187843,10,database_objects,42,187843,187843,0,,,,,115148.82120396942,738570240,1172426752,433856512,2070280,0.14579999446868896,0.0,0.10000000149011612,0.6000000238418579,0.800000011920929,0.1917351335287094,0.465,0.001,,,,,,,,,1000,6211.4555581389495,160.99286079406738,,,,,,,,,,,,,,,,,,,,,
yi-128-ip,roargraph,False,False,10,1,1,2026-06-01T19:32:32.169276+00:00,49eec5d,True,reference-machine,,,,,,10,96,500,200,,,187843,10,database_objects,42,187843,187843,0,,,,,115148.82120396942,738570240,1172426752,433856512,2070280,0.17329999804496765,0.0,0.10000000149011612,0.6000000238418579,0.800000011920929,0.2074538767337799,0.408,0.001,,,,,,,,,1000,4784.812003828485,208.99462699890137,,,,,,,,,,,,,,,,,,,,,
yi-128-ip,roargraph,False,False,10,1,1,2026-06-01T19:32:32.492815+00:00,49eec5d,True,reference-machine,,,,,,10,96,500,300,,,187843,10,database_objects,42,187843,187843,0,,,,,115148.82120396942,738570240,1172426752,433856512,2070280,0.2085999995470047,0.0,0.10000000149011612,0.699999988079071,0.8999999761581421,0.2236650288105011,0.335,0.003,,,,,,,,,1000,3286.3741321396474,304.2867183685303,,,,,,,,,,,,,,,,,,,,,
yi-128-ip,roargraph,False,False,10,1,1,2026-06-01T19:32:32.912314+00:00,49eec5d,True,reference-machine,,,,,,10,96,500,400,,,187843,10,database_objects,42,187843,187843,0,,,,,115148.82120396942,738570240,1172426752,433856512,2070280,0.23320001363754272,0.0,0.20000000298023224,0.699999988079071,0.8999999761581421,0.22990815341472626,0.289,0.003,,,,,,,,,1000,2498.6188297851427,400.2211093902588,,,,,,,,,,,,,,,,,,,,,
yi-128-ip,roargraph,False,False,10,1,1,2026-06-01T19:32:33.438855+00:00,49eec5d,True,reference-machine,,,,,,10,96,500,500,,,187843,10,database_objects,42,187843,187843,0,,,,,115148.82120396942,738570240,1172426752,433856512,2070280,0.2533999979496002,0.0,0.20000000298023224,0.699999988079071,0.8999999761581421,0.23483705520629883,0.246,0.004,,,,,,,,,1000,1970.541737549818,507.4746608734131,,,,,,,,,,,,,,,,,,,,,
yi-128-ip,roargraph,False,False,10,1,1,2026-06-01T19:32:34.061199+00:00,49eec5d,True,reference-machine,,,,,,10,96,500,600,,,187843,10,database_objects,42,187843,187843,0,,,,,115148.82120396942,738570240,1172426752,433856512,2070280,0.2692999839782715,0.0,0.20000000298023224,0.699999988079071,0.8999999761581421,0.23951515555381775,0.224,0.007,,,,,,,,,1000,1655.9328357472377,603.8892269134521,,,,,,,,,,,,,,,,,,,,,
yi-128-ip,roargraph,False,False,10,1,1,2026-06-01T19:32:34.934175+00:00,49eec5d,True,reference-machine,,,,,,10,96,500,800,,,187843,10,database_objects,42,187843,187843,0,,,,,115148.82120396942,738570240,1172426752,433856512,2070280,0.29659998416900635,0.0,0.20000000298023224,0.800000011920929,0.9009999763965597,0.24780727922916412,0.186,0.01,,,,,,,,,1000,1170.6224642189202,854.2463779449463,,,,,,,,,,,,,,,,,,,,,
yi-128-ip,roargraph,False,False,10,1,1,2026-06-01T19:32:36.041084+00:00,49eec5d,True,reference-machine,,,,,,10,96,500,1000,,,187843,10,database_objects,42,187843,187843,0,,,,,115148.82120396942,738570240,1172426752,433856512,2070280,0.3181000053882599,0.0,0.30000001192092896,0.800000011920929,0.9009999763965597,0.2504443824291229,0.161,0.01,,,,,,,,,1000,918.9925381636906,1088.1481170654297,,,,,,,,,,,,,,,,,,,,,
yi-128-ip,roargraph,False,False,10,1,1,2026-06-01T19:40:02.989200+00:00,49eec5d,True,reference-machine,,,,,,10,96,500,10,,,187843,100,database_objects,42,187843,187843,0,,,,,115021.5675458312,885723136,1323634688,437911552,2070280,0.033400002866983414,0.0,0.0,0.30000001192092896,0.5,0.10071961581707001,0.858,0.0,,,,,,,,,1000,45426.82306051056,22.013425827026367,,,,,,,,,,,,,,,,,,,,,
yi-128-ip,roargraph,False,False,10,1,1,2026-06-01T19:40:03.043668+00:00,49eec5d,True,reference-machine,,,,,,10,96,500,20,,,187843,100,database_objects,42,187843,187843,0,,,,,115021.5675458312,885723136,1323634688,437911552,2070280,0.05140000209212303,0.0,0.0,0.30000001192092896,0.6000000238418579,0.12376606464385986,0.788,0.0,,,,,,,,,1000,28011.887826998725,35.69912910461426,,,,,,,,,,,,,,,,,,,,,
yi-128-ip,roargraph,False,False,10,1,1,2026-06-01T19:40:03.105311+00:00,49eec5d,True,reference-machine,,,,,,10,96,500,30,,,187843,100,database_objects,42,187843,187843,0,,,,,115021.5675458312,885723136,1323634688,437911552,2070280,0.06400000303983688,0.0,0.0,0.4000000059604645,0.699999988079071,0.13828955590724945,0.743,0.0,,,,,,,,,1000,22662.358573142134,44.126033782958984,,,,,,,,,,,,,,,,,,,,,
yi-128-ip,roargraph,False,False,10,1,1,2026-06-01T19:40:03.179863+00:00,49eec5d,True,reference-machine,,,,,,10,96,500,40,,,187843,100,database_objects,42,187843,187843,0,,,,,115021.5675458312,885723136,1323634688,437911552,2070280,0.07430000603199005,0.0,0.0,0.4000000059604645,0.699999988079071,0.14902855455875397,0.707,0.0,,,,,,,,,1000,17809.981189199287,56.14829063415527,,,,,,,,,,,,,,,,,,,,,
yi-128-ip,roargraph,False,False,10,1,1,2026-06-01T19:40:03.264483+00:00,49eec5d,True,reference-machine,,,,,,10,96,500,50,,,187843,100,database_objects,42,187843,187843,0,,,,,115021.5675458312,885723136,1323634688,437911552,2070280,0.08340001106262207,0.0,0.0,0.4000000059604645,0.699999988079071,0.1553204506635666,0.67,0.0,,,,,,,,,1000,15289.877842949267,65.40274620056152,,,,,,,,,,,,,,,,,,,,,
yi-128-ip,roargraph,False,False,10,1,1,2026-06-01T19:40:03.357295+00:00,49eec5d,True,reference-machine,,,,,,10,96,500,60,,,187843,100,database_objects,42,187843,187843,0,,,,,115021.5675458312,885723136,1323634688,437911552,2070280,0.09220000356435776,0.0,0.0,0.5,0.699999988079071,0.1633375734090805,0.645,0.0,,,,,,,,,1000,13485.900956227051,74.15151596069336,,,,,,,,,,,,,,,,,,,,,
yi-128-ip,roargraph,False,False,10,1,1,2026-06-01T19:40:03.469230+00:00,49eec5d,True,reference-machine,,,,,,10,96,500,80,,,187843,100,database_objects,42,187843,187843,0,,,,,115021.5675458312,885723136,1323634688,437911552,2070280,0.10750000178813934,0.0,0.0,0.5,0.699999988079071,0.17167921364307404,0.585,0.0,,,,,,,,,1000,10685.553129641472,93.58429908752441,,,,,,,,,,,,,,,,,,,,,
yi-128-ip,roargraph,False,False,10,1,1,2026-06-01T19:40:03.600065+00:00,49eec5d,True,reference-machine,,,,,,10,96,500,100,,,187843,100,database_objects,42,187843,187843,0,,,,,115021.5675458312,885723136,1323634688,437911552,2070280,0.12330000102519989,0.0,0.0,0.5,0.7009999883174887,0.18062976002693176,0.54,0.0,,,,,,,,,1000,8920.5777324999,112.10036277770996,,,,,,,,,,,,,,,,,,,,,
yi-128-ip,roargraph,False,False,10,1,1,2026-06-01T19:40:03.779931+00:00,49eec5d,True,reference-machine,,,,,,10,96,500,150,,,187843,100,database_objects,42,187843,187843,0,,,,,115021.5675458312,885723136,1323634688,437911552,2070280,0.14579999446868896,0.0,0.10000000149011612,0.6000000238418579,0.800000011920929,0.1917351335287094,0.465,0.001,,,,,,,,,1000,6239.917402216393,160.25853157043457,,,,,,,,,,,,,,,,,,,,,
yi-128-ip,roargraph,False,False,10,1,1,2026-06-01T19:40:04.007344+00:00,49eec5d,True,reference-machine,,,,,,10,96,500,200,,,187843,100,database_objects,42,187843,187843,0,,,,,115021.5675458312,885723136,1323634688,437911552,2070280,0.17329999804496765,0.0,0.10000000149011612,0.6000000238418579,0.800000011920929,0.2074538767337799,0.408,0.001,,,,,,,,,1000,4798.606971776763,208.39381217956543,,,,,,,,,,,,,,,,,,,,,
yi-128-ip,roargraph,False,False,10,1,1,2026-06-01T19:40:04.328750+00:00,49eec5d,True,reference-machine,,,,,,10,96,500,300,,,187843,100,database_objects,42,187843,187843,0,,,,,115021.5675458312,885723136,1323634688,437911552,2070280,0.2085999995470047,0.0,0.10000000149011612,0.699999988079071,0.8999999761581421,0.2236650288105011,0.335,0.003,,,,,,,,,1000,3312.915960399543,301.8488883972168,,,,,,,,,,,,,,,,,,,,,
yi-128-ip,roargraph,False,False,10,1,1,2026-06-01T19:40:04.752725+00:00,49eec5d,True,reference-machine,,,,,,10,96,500,400,,,187843,100,database_objects,42,187843,187843,0,,,,,115021.5675458312,885723136,1323634688,437911552,2070280,0.23320001363754272,0.0,0.20000000298023224,0.699999988079071,0.8999999761581421,0.22990815341472626,0.289,0.003,,,,,,,,,1000,2470.388118494645,404.79469299316406,,,,,,,,,,,,,,,,,,,,,
yi-128-ip,roargraph,False,False,10,1,1,2026-06-01T19:40:05.274595+00:00,49eec5d,True,reference-machine,,,,,,10,96,500,500,,,187843,100,database_objects,42,187843,187843,0,,,,,115021.5675458312,885723136,1323634688,437911552,2070280,0.2533999979496002,0.0,0.20000000298023224,0.699999988079071,0.8999999761581421,0.23483705520629883,0.246,0.004,,,,,,,,,1000,1986.0597611976484,503.509521484375,,,,,,,,,,,,,,,,,,,,,
yi-128-ip,roargraph,False,False,10,1,1,2026-06-01T19:40:05.902986+00:00,49eec5d,True,reference-machine,,,,,,10,96,500,600,,,187843,100,database_objects,42,187843,187843,0,,,,,115021.5675458312,885723136,1323634688,437911552,2070280,0.2692999839782715,0.0,0.20000000298023224,0.699999988079071,0.8999999761581421,0.23951515555381775,0.224,0.007,,,,,,,,,1000,1641.367284293637,609.248161315918,,,,,,,,,,,,,,,,,,,,,
yi-128-ip,roargraph,False,False,10,1,1,2026-06-01T19:40:06.775787+00:00,49eec5d,True,reference-machine,,,,,,10,96,500,800,,,187843,100,database_objects,42,187843,187843,0,,,,,115021.5675458312,885723136,1323634688,437911552,2070280,0.29659998416900635,0.0,0.20000000298023224,0.800000011920929,0.9009999763965597,0.24780727922916412,0.186,0.01,,,,,,,,,1000,1171.207255709012,853.8198471069336,,,,,,,,,,,,,,,,,,,,,
yi-128-ip,roargraph,False,False,10,1,1,2026-06-01T19:40:07.883409+00:00,49eec5d,True,reference-machine,,,,,,10,96,500,1000,,,187843,100,database_objects,42,187843,187843,0,,,,,115021.5675458312,885723136,1323634688,437911552,2070280,0.3181000053882599,0.0,0.30000001192092896,0.800000011920929,0.9009999763965597,0.2504443824291229,0.161,0.01,,,,,,,,,1000,918.3118561582097,1088.9546871185303,,,,,,,,,,,,,,,,,,,,,
llama-128-ip,roargraph,False,False,10,1,1,2026-06-01T19:52:56.745905+00:00,49eec5d,True,reference-machine,,,,,,10,96,500,10,,,256921,10,database_objects,42,256921,256921,0,,,,,224545.61713291332,1074761728,1744048128,669286400,2407040,0.05209999904036522,0.0,0.0,0.30000001192092896,0.5,0.10205679386854172,0.69,0.0,,,,,,,,,1000,30469.902799773346,32.819271087646484,,,,,,,,,,,,,,,,,,,,,
llama-128-ip,roargraph,False,False,10,1,1,2026-06-01T19:52:56.814672+00:00,49eec5d,True,reference-machine,,,,,,10,96,500,20,,,256921,10,database_objects,42,256921,256921,0,,,,,224545.61713291332,1074761728,1744048128,669286400,2407040,0.07590000331401825,0.0,0.0,0.30000001192092896,0.6000000238418579,0.12185724824666977,0.583,0.0,,,,,,,,,1000,20019.30190489373,49.951791763305664,,,,,,,,,,,,,,,,,,,,,
llama-128-ip,roargraph,False,False,10,1,1,2026-06-01T19:52:56.897502+00:00,49eec5d,True,reference-machine,,,,,,10,96,500,30,,,256921,10,database_objects,42,256921,256921,0,,,,,224545.61713291332,1074761728,1744048128,669286400,2407040,0.09350001066923141,0.0,0.10000000149011612,0.30000001192092896,0.6010000234842291,0.13033705949783325,0.493,0.0,,,,,,,,,1000,15626.07435445594,63.9955997467041,,,,,,,,,,,,,,,,,,,,,
llama-128-ip,roargraph,False,False,10,1,1,2026-06-01T19:52:56.991932+00:00,49eec5d,True,reference-machine,,,,,,10,96,500,40,,,256921,10,database_objects,42,256921,256921,0,,,,,224545.61713291332,1074761728,1744048128,669286400,2407040,0.1080000102519989,0.0,0.10000000149011612,0.4000000059604645,0.699999988079071,0.13622041046619415,0.427,0.0,,,,,,,,,1000,13185.986267951008,75.83808898925781,,,,,,,,,,,,,,,,,,,,,
llama-128-ip,roargraph,False,False,10,1,1,2026-06-01T19:52:57.097839+00:00,49eec5d,True,reference-machine,,,,,,10,96,500,50,,,256921,10,database_objects,42,256921,256921,0,,,,,224545.61713291332,1074761728,1744048128,669286400,2407040,0.11810000240802765,0.0,0.10000000149011612,0.4000000059604645,0.699999988079071,0.13993708789348602,0.389,0.0,,,,,,,,,1000,11547.017511982534,86.60244941711426,,,,,,,,,,,,,,,,,,,,,
llama-128-ip,roargraph,False,False,10,1,1,2026-06-01T19:52:57.217128+00:00,49eec5d,True,reference-machine,,,,,,10,96,500,60,,,256921,10,database_objects,42,256921,256921,0,,,,,224545.61713291332,1074761728,1744048128,669286400,2407040,0.12770000100135803,0.0,0.10000000149011612,0.4000000059604645,0.699999988079071,0.14622828364372253,0.357,0.0,,,,,,,,,1000,9967.334038331293,100.32773017883301,,,,,,,,,,,,,,,,,,,,,
llama-128-ip,roargraph,False,False,10,1,1,2026-06-01T19:52:57.354360+00:00,49eec5d,True,reference-machine,,,,,,10,96,500,80,,,256921,10,database_objects,42,256921,256921,0,,,,,224545.61713291332,1074761728,1744048128,669286400,2407040,0.14399999380111694,0.0,0.10000000149011612,0.4000000059604645,0.699999988079071,0.15278743207454681,0.306,0.0,,,,,,,,,1000,8517.425543926342,117.40636825561523,,,,,,,,,,,,,,,,,,,,,
llama-128-ip,roargraph,False,False,10,1,1,2026-06-01T19:52:57.509015+00:00,49eec5d,True,reference-machine,,,,,,10,96,500,100,,,256921,10,database_objects,42,256921,256921,0,,,,,224545.61713291332,1074761728,1744048128,669286400,2407040,0.15680000185966492,0.0,0.10000000149011612,0.4000000059604645,0.699999988079071,0.15612098574638367,0.268,0.0,,,,,,,,,1000,7373.913288080407,135.61320304870605,,,,,,,,,,,,,,,,,,,,,
llama-128-ip,roargraph,False,False,10,1,1,2026-06-01T19:52:57.705647+00:00,49eec5d,True,reference-machine,,,,,,10,96,500,150,,,256921,10,database_objects,42,256921,256921,0,,,,,224545.61713291332,1074761728,1744048128,669286400,2407040,0.18050000071525574,0.0,0.10000000149011612,0.5,0.800000011920929,0.16748060286045074,0.218,0.001,,,,,,,,,1000,5603.365516283183,178.46417427062988,,,,,,,,,,,,,,,,,,,,,
llama-128-ip,roargraph,False,False,10,1,1,2026-06-01T19:52:57.948034+00:00,49eec5d,True,reference-machine,,,,,,10,96,500,200,,,256921,10,database_objects,42,256921,256921,0,,,,,224545.61713291332,1074761728,1744048128,669286400,2407040,0.19680000841617584,0.0,0.20000000298023224,0.5,0.800000011920929,0.17055721580982208,0.185,0.001,,,,,,,,,1000,4480.055371778124,223.21152687072754,,,,,,,,,,,,,,,,,,,,,
llama-128-ip,roargraph,False,False,10,1,1,2026-06-01T19:52:58.278616+00:00,49eec5d,True,reference-machine,,,,,,10,96,500,300,,,256921,10,database_objects,42,256921,256921,0,,,,,224545.61713291332,1074761728,1744048128,669286400,2407040,0.21780002117156982,0.0,0.20000000298023224,0.5,0.800000011920929,0.17510899901390076,0.151,0.001,,,,,,,,,1000,3208.3370942252586,311.6879463195801,,,,,,,,,,,,,,,,,,,,,
llama-128-ip,roargraph,False,False,10,1,1,2026-06-01T19:52:58.700106+00:00,49eec5d,True,reference-machine,,,,,,10,96,500,400,,,256921,10,database_objects,42,256921,256921,0,,,,,224545.61713291332,1074761728,1744048128,669286400,2407040,0.23350000381469727,0.0,0.20000000298023224,0.6000000238418579,0.800000011920929,0.17873933911323547,0.128,0.001,,,,,,,,,1000,2481.8058473829615,402.93240547180176,,,,,,,,,,,,,,,,,,,,,
llama-128-ip,roargraph,False,False,10,1,1,2026-06-01T19:52:59.216467+00:00,49eec5d,True,reference-machine,,,,,,10,96,500,500,,,256921,10,database_objects,42,256921,256921,0,,,,,224545.61713291332,1074761728,1744048128,669286400,2407040,0.24580000340938568,0.0,0.20000000298023224,0.6000000238418579,0.800000011920929,0.1820504367351532,0.119,0.001,,,,,,,,,1000,2009.3340551209394,497.6773262023926,,,,,,,,,,,,,,,,,,,,,
llama-128-ip,roargraph,False,False,10,1,1,2026-06-01T19:52:59.847411+00:00,49eec5d,True,reference-machine,,,,,,10,96,500,600,,,256921,10,database_objects,42,256921,256921,0,,,,,224545.61713291332,1074761728,1744048128,669286400,2407040,0.25699999928474426,0.0,0.20000000298023224,0.6000000238418579,0.800000011920929,0.182786762714386,0.106,0.001,,,,,,,,,1000,1634.117463257424,611.9511127471924,,,,,,,,,,,,,,,,,,,,,
llama-128-ip,roargraph,False,False,10,1,1,2026-06-01T19:53:00.691967+00:00,49eec5d,True,reference-machine,,,,,,10,96,500,800,,,256921,10,database_objects,42,256921,256921,0,,,,,224545.61713291332,1074761728,1744048128,669286400,2407040,0.2727999985218048,0.0,0.20000000298023224,0.6000000238418579,0.800000011920929,0.18444553017616272,0.092,0.001,,,,,,,,,1000,1211.531884607208,825.4013061523438,,,,,,,,,,,,,,,,,,,,,
llama-128-ip,roargraph,False,False,10,1,1,2026-06-01T19:53:01.764831+00:00,49eec5d,True,reference-machine,,,,,,10,96,500,1000,,,256921,10,database_objects,42,256921,256921,0,,,,,224545.61713291332,1074761728,1744048128,669286400,2407040,0.2842999994754791,0.0,0.30000001192092896,0.6000000238418579,0.800000011920929,0.18445461988449097,0.075,0.001,,,,,,,,,1000,948.7581081949206,1054.0094375610352,,,,,,,,,,,,,,,,,,,,,
llama-128-ip,roargraph,False,False,10,1,1,2026-06-01T20:07:20.361831+00:00,49eec5d,True,reference-machine,,,,,,10,96,500,10,,,256921,100,database_objects,42,256921,256921,0,,,,,258104.31841993704,1499541504,1977892864,478351360,2407040,0.05209999904036522,0.0,0.0,0.30000001192092896,0.5,0.10205679386854172,0.69,0.0,,,,,,,,,1000,28534.039035872458,35.04586219787598,,,,,,,,,,,,,,,,,,,,,
llama-128-ip,roargraph,False,False,10,1,1,2026-06-01T20:07:20.440587+00:00,49eec5d,True,reference-machine,,,,,,10,96,500,20,,,256921,100,database_objects,42,256921,256921,0,,,,,258104.31841993704,1499541504,1977892864,478351360,2407040,0.07590000331401825,0.0,0.0,0.30000001192092896,0.6000000238418579,0.12185724824666977,0.583,0.0,,,,,,,,,1000,19177.994001024217,52.143096923828125,,,,,,,,,,,,,,,,,,,,,
llama-128-ip,roargraph,False,False,10,1,1,2026-06-01T20:07:20.524793+00:00,49eec5d,True,reference-machine,,,,,,10,96,500,30,,,256921,100,database_objects,42,256921,256921,0,,,,,258104.31841993704,1499541504,1977892864,478351360,2407040,0.09350001066923141,0.0,0.10000000149011612,0.30000001192092896,0.6010000234842291,0.13033705949783325,0.493,0.0,,,,,,,,,1000,15201.10466401615,65.78469276428223,,,,,,,,,,,,,,,,,,,,,
llama-128-ip,roargraph,False,False,10,1,1,2026-06-01T20:07:20.621228+00:00,49eec5d,True,reference-machine,,,,,,10,96,500,40,,,256921,100,database_objects,42,256921,256921,0,,,,,258104.31841993704,1499541504,1977892864,478351360,2407040,0.1080000102519989,0.0,0.10000000149011612,0.4000000059604645,0.699999988079071,0.13622041046619415,0.427,0.0,,,,,,,,,1000,12843.428095488896,77.86083221435547,,,,,,,,,,,,,,,,,,,,,
llama-128-ip,roargraph,False,False,10,1,1,2026-06-01T20:07:20.728579+00:00,49eec5d,True,reference-machine,,,,,,10,96,500,50,,,256921,100,database_objects,42,256921,256921,0,,,,,258104.31841993704,1499541504,1977892864,478351360,2407040,0.11810000240802765,0.0,0.10000000149011612,0.4000000059604645,0.699999988079071,0.13993708789348602,0.389,0.0,,,,,,,,,1000,11299.52342851293,88.49930763244629,,,,,,,,,,,,,,,,,,,,,
llama-128-ip,roargraph,False,False,10,1,1,2026-06-01T20:07:20.846689+00:00,49eec5d,True,reference-machine,,,,,,10,96,500,60,,,256921,100,database_objects,42,256921,256921,0,,,,,258104.31841993704,1499541504,1977892864,478351360,2407040,0.12770000100135803,0.0,0.10000000149011612,0.4000000059604645,0.699999988079071,0.14622828364372253,0.357,0.0,,,,,,,,,1000,10037.798162502902,99.62344169616699,,,,,,,,,,,,,,,,,,,,,
llama-128-ip,roargraph,False,False,10,1,1,2026-06-01T20:07:20.983735+00:00,49eec5d,True,reference-machine,,,,,,10,96,500,80,,,256921,100,database_objects,42,256921,256921,0,,,,,258104.31841993704,1499541504,1977892864,478351360,2407040,0.14399999380111694,0.0,0.10000000149011612,0.4000000059604645,0.699999988079071,0.15278743207454681,0.306,0.0,,,,,,,,,1000,8434.033705538028,118.56722831726074,,,,,,,,,,,,,,,,,,,,,
llama-128-ip,roargraph,False,False,10,1,1,2026-06-01T20:07:21.139297+00:00,49eec5d,True,reference-machine,,,,,,10,96,500,100,,,256921,100,database_objects,42,256921,256921,0,,,,,258104.31841993704,1499541504,1977892864,478351360,2407040,0.15680000185966492,0.0,0.10000000149011612,0.4000000059604645,0.699999988079071,0.15612098574638367,0.268,0.0,,,,,,,,,1000,7300.345496793058,136.9798183441162,,,,,,,,,,,,,,,,,,,,,
llama-128-ip,roargraph,False,False,10,1,1,2026-06-01T20:07:21.341287+00:00,49eec5d,True,reference-machine,,,,,,10,96,500,150,,,256921,100,database_objects,42,256921,256921,0,,,,,258104.31841993704,1499541504,1977892864,478351360,2407040,0.18050000071525574,0.0,0.10000000149011612,0.5,0.800000011920929,0.16748060286045074,0.218,0.001,,,,,,,,,1000,5470.058361318509,182.8134059906006,,,,,,,,,,,,,,,,,,,,,
llama-128-ip,roargraph,False,False,10,1,1,2026-06-01T20:07:21.586115+00:00,49eec5d,True,reference-machine,,,,,,10,96,500,200,,,256921,100,database_objects,42,256921,256921,0,,,,,258104.31841993704,1499541504,1977892864,478351360,2407040,0.19680000841617584,0.0,0.20000000298023224,0.5,0.800000011920929,0.17055721580982208,0.185,0.001,,,,,,,,,1000,4429.394091401115,225.76451301574707,,,,,,,,,,,,,,,,,,,,,
llama-128-ip,roargraph,False,False,10,1,1,2026-06-01T20:07:21.925173+00:00,49eec5d,True,reference-machine,,,,,,10,96,500,300,,,256921,100,database_objects,42,256921,256921,0,,,,,258104.31841993704,1499541504,1977892864,478351360,2407040,0.21780002117156982,0.0,0.20000000298023224,0.5,0.800000011920929,0.17510899901390076,0.151,0.001,,,,,,,,,1000,3125.8134425574663,319.9167251586914,,,,,,,,,,,,,,,,,,,,,
llama-128-ip,roargraph,False,False,10,1,1,2026-06-01T20:07:22.353093+00:00,49eec5d,True,reference-machine,,,,,,10,96,500,400,,,256921,100,database_objects,42,256921,256921,0,,,,,258104.31841993704,1499541504,1977892864,478351360,2407040,0.23350000381469727,0.0,0.20000000298023224,0.6000000238418579,0.800000011920929,0.17873933911323547,0.128,0.001,,,,,,,,,1000,2443.2720229513448,409.2872142791748,,,,,,,,,,,,,,,,,,,,,
llama-128-ip,roargraph,False,False,10,1,1,2026-06-01T20:07:22.881858+00:00,49eec5d,True,reference-machine,,,,,,10,96,500,500,,,256921,100,database_objects,42,256921,256921,0,,,,,258104.31841993704,1499541504,1977892864,478351360,2407040,0.24580000340938568,0.0,0.20000000298023224,0.6000000238418579,0.800000011920929,0.1820504367351532,0.119,0.001,,,,,,,,,1000,1957.6763683021306,510.80965995788574,,,,,,,,,,,,,,,,,,,,,
llama-128-ip,roargraph,False,False,10,1,1,2026-06-01T20:07:23.505886+00:00,49eec5d,True,reference-machine,,,,,,10,96,500,600,,,256921,100,database_objects,42,256921,256921,0,,,,,258104.31841993704,1499541504,1977892864,478351360,2407040,0.25699999928474426,0.0,0.20000000298023224,0.6000000238418579,0.800000011920929,0.182786762714386,0.106,0.001,,,,,,,,,1000,1650.3852784026499,605.9191226959229,,,,,,,,,,,,,,,,,,,,,
llama-128-ip,roargraph,False,False,10,1,1,2026-06-01T20:07:24.371264+00:00,49eec5d,True,reference-machine,,,,,,10,96,500,800,,,256921,100,database_objects,42,256921,256921,0,,,,,258104.31841993704,1499541504,1977892864,478351360,2407040,0.2727999985218048,0.0,0.20000000298023224,0.6000000238418579,0.800000011920929,0.18444553017616272,0.092,0.001,,,,,,,,,1000,1181.686815962378,846.2479114532471,,,,,,,,,,,,,,,,,,,,,
llama-128-ip,roargraph,False,False,10,1,1,2026-06-01T20:07:25.459335+00:00,49eec5d,True,reference-machine,,,,,,10,96,500,1000,,,256921,100,database_objects,42,256921,256921,0,,,,,258104.31841993704,1499541504,1977892864,478351360,2407040,0.2842999994754791,0.0,0.30000001192092896,0.6000000238418579,0.800000011920929,0.18445461988449097,0.075,0.001,,,,,,,,,1000,935.5189969750622,1068.925380706787,,,,,,,,,,,,,,,,,,,,,
yi-128-ip,roargraph,True,False,10,1,1,2026-06-01T20:14:18.114906+00:00,49eec5d,True,reference-machine,,,,,,10,96,500,10,,,187843,10,database_objects,42,187843,187843,0,,,,,110750.56976405904,1257897984,1743929344,486031360,8759668,,,,,,,,,0.02460000291466713,0.0,0.0,0.20000000298023224,0.6000000238418579,0.09270836412906647,0.896,0.0,1000,38591.02368290304,,,,,,,,,,,,25.912761688232422,,,,,,,,,,
yi-128-ip,roargraph,True,False,10,1,1,2026-06-01T20:14:18.190957+00:00,49eec5d,True,reference-machine,,,,,,10,96,500,20,,,187843,10,database_objects,42,187843,187843,0,,,,,110750.56976405904,1257897984,1743929344,486031360,8759668,,,,,,,,,0.055400002747774124,0.0,0.0,0.4000000059604645,0.7009999883174887,0.14632444083690643,0.795,0.001,1000,20561.825624433168,,,,,,,,,,,,48.63381385803223,,,,,,,,,,
yi-128-ip,roargraph,True,False,10,1,1,2026-06-01T20:14:18.277897+00:00,49eec5d,True,reference-machine,,,,,,10,96,500,30,,,187843,10,database_objects,42,187843,187843,0,,,,,110750.56976405904,1257897984,1743929344,486031360,8759668,,,,,,,,,0.0876999944448471,0.0,0.0,0.6000000238418579,0.8010000115633001,0.1848207414150238,0.708,0.002,1000,14504.128916245936,,,,,,,,,,,,68.94588470458984,,,,,,,,,,
yi-128-ip,roargraph,True,False,10,1,1,2026-06-01T20:14:18.386121+00:00,49eec5d,True,reference-machine,,,,,,10,96,500,40,,,187843,10,database_objects,42,187843,187843,0,,,,,110750.56976405904,1257897984,1743929344,486031360,8759668,,,,,,,,,0.11400000005960464,0.0,0.0,0.6000000238418579,0.8999999761581421,0.21119658648967743,0.648,0.002,1000,11164.416998283135,,,,,,,,,,,,89.57028388977051,,,,,,,,,,
yi-128-ip,roargraph,True,False,10,1,1,2026-06-01T20:14:18.510919+00:00,49eec5d,True,reference-machine,,,,,,10,96,500,50,,,187843,10,database_objects,42,187843,187843,0,,,,,110750.56976405904,1257897984,1743929344,486031360,8759668,,,,,,,,,0.13520000874996185,0.0,0.0,0.699999988079071,0.8999999761581421,0.22759823501110077,0.598,0.003,1000,9359.319144378343,,,,,,,,,,,,106.84537887573242,,,,,,,,,,
yi-128-ip,roargraph,True,False,10,1,1,2026-06-01T20:14:18.654464+00:00,49eec5d,True,reference-machine,,,,,,10,96,500,60,,,187843,10,database_objects,42,187843,187843,0,,,,,110750.56976405904,1257897984,1743929344,486031360,8759668,,,,,,,,,0.15549999475479126,0.0,0.0,0.699999988079071,0.8999999761581421,0.24043656885623932,0.548,0.006,1000,8045.592221239668,,,,,,,,,,,,124.29165840148926,,,,,,,,,,
yi-128-ip,roargraph,True,False,10,1,1,2026-06-01T20:14:18.832771+00:00,49eec5d,True,reference-machine,,,,,,10,96,500,80,,,187843,10,database_objects,42,187843,187843,0,,,,,110750.56976405904,1257897984,1743929344,486031360,8759668,,,,,,,,,0.19300001859664917,0.0,0.10000000149011612,0.800000011920929,0.8999999761581421,0.25944364070892334,0.475,0.006,1000,6259.1462868671915,,,,,,,,,,,,159.76619720458984,,,,,,,,,,
yi-128-ip,roargraph,True,False,10,1,1,2026-06-01T20:14:19.046058+00:00,49eec5d,True,reference-machine,,,,,,10,96,500,100,,,187843,10,database_objects,42,187843,187843,0,,,,,110750.56976405904,1257897984,1743929344,486031360,8759668,,,,,,,,,0.22590000927448273,0.0,0.10000000149011612,0.800000011920929,0.8999999761581421,0.272285133600235,0.411,0.009,1000,5137.2516838161355,,,,,,,,,,,,194.6566104888916,,,,,,,,,,
yi-128-ip,roargraph,True,False,10,1,1,2026-06-01T20:14:19.338574+00:00,49eec5d,True,reference-machine,,,,,,10,96,500,150,,,187843,10,database_objects,42,187843,187843,0,,,,,110750.56976405904,1257897984,1743929344,486031360,8759668,,,,,,,,,0.2766000032424927,0.0,0.20000000298023224,0.8999999761581421,1.0,0.2905381917953491,0.335,0.014,1000,3646.4788903823046,,,,,,,,,,,,274.23715591430664,,,,,,,,,,
yi-128-ip,roargraph,True,False,10,1,1,2026-06-01T20:14:19.715027+00:00,49eec5d,True,reference-machine,,,,,,10,96,500,200,,,187843,10,database_objects,42,187843,187843,0,,,,,110750.56976405904,1257897984,1743929344,486031360,8759668,,,,,,,,,0.3151000142097473,0.0,0.20000000298023224,0.8999999761581421,1.0,0.29900163412094116,0.282,0.013,1000,2799.530375105876,,,,,,,,,,,,357.20276832580566,,,,,,,,,,
yi-128-ip,roargraph,True,False,10,1,1,2026-06-01T20:14:20.252443+00:00,49eec5d,True,reference-machine,,,,,,10,96,500,300,,,187843,10,database_objects,42,187843,187843,0,,,,,110750.56976405904,1257897984,1743929344,486031360,8759668,,,,,,,,,0.38329997658729553,0.0,0.4000000059604645,0.8999999761581421,1.0,0.3000185489654541,0.192,0.019,1000,1930.5725477199815,,,,,,,,,,,,517.9810523986816,,,,,,,,,,
yi-128-ip,roargraph,True,False,10,1,1,2026-06-01T20:14:20.944969+00:00,49eec5d,True,reference-machine,,,,,,10,96,500,400,,,187843,10,database_objects,42,187843,187843,0,,,,,110750.56976405904,1257897984,1743929344,486031360,8759668,,,,,,,,,0.4250999987125397,0.0,0.4000000059604645,0.8999999761581421,1.0,0.29846271872520447,0.153,0.02,1000,1483.4800613014136,,,,,,,,,,,,674.0906238555908,,,,,,,,,,
yi-128-ip,roargraph,True,False,10,1,1,2026-06-01T20:14:21.797719+00:00,49eec5d,True,reference-machine,,,,,,10,96,500,500,,,187843,10,database_objects,42,187843,187843,0,,,,,110750.56976405904,1257897984,1743929344,486031360,8759668,,,,,,,,,0.4545999765396118,0.0,0.5,0.8999999761581421,1.0,0.2943447530269623,0.127,0.02,1000,1198.857937627891,,,,,,,,,,,,834.1271877288818,,,,,,,,,,
yi-128-ip,roargraph,True,False,10,1,1,2026-06-01T20:14:22.822474+00:00,49eec5d,True,reference-machine,,,,,,10,96,500,600,,,187843,10,database_objects,42,187843,187843,0,,,,,110750.56976405904,1257897984,1743929344,486031360,8759668,,,,,,,,,0.47689998149871826,0.0,0.5,0.8999999761581421,1.0,0.2890612483024597,0.107,0.022,1000,994.1097224184173,,,,,,,,,,,,1005.925178527832,,,,,,,,,,
yi-128-ip,roargraph,True,False,10,1,1,2026-06-01T20:14:24.195674+00:00,49eec5d,True,reference-machine,,,,,,10,96,500,800,,,187843,10,database_objects,42,187843,187843,0,,,,,110750.56976405904,1257897984,1743929344,486031360,8759668,,,,,,,,,0.5117999911308289,0.0,0.5,0.8999999761581421,1.0,0.28217148780822754,0.092,0.024,1000,738.552777428054,,,,,,,,,,,,1353.999376296997,,,,,,,,,,
yi-128-ip,roargraph,True,False,10,1,1,2026-06-01T20:14:25.934780+00:00,49eec5d,True,reference-machine,,,,,,10,96,500,1000,,,187843,10,database_objects,42,187843,187843,0,,,,,110750.56976405904,1257897984,1743929344,486031360,8759668,,,,,,,,,0.5473999977111816,0.0,0.6000000238418579,0.8999999761581421,1.0,0.27105948328971863,0.073,0.025,1000,581.3657640025671,,,,,,,,,,,,1720.0875282287598,,,,,,,,,,
yi-128-ip,roargraph,True,False,10,1,1,2026-06-01T20:22:00.066094+00:00,49eec5d,True,reference-machine,,,,,,10,96,500,10,,,187843,100,database_objects,42,187843,187843,0,,,,,111244.47850231081,1457623040,1895804928,438181888,8759672,,,,,,,,,0.02460000291466713,0.0,0.0,0.20000000298023224,0.6000000238418579,0.09270836412906647,0.896,0.0,1000,39090.963316433044,,,,,,,,,,,,25.58135986328125,,,,,,,,,,
yi-128-ip,roargraph,True,False,10,1,1,2026-06-01T20:22:00.139765+00:00,49eec5d,True,reference-machine,,,,,,10,96,500,20,,,187843,100,database_objects,42,187843,187843,0,,,,,111244.47850231081,1457623040,1895804928,438181888,8759672,,,,,,,,,0.055400002747774124,0.0,0.0,0.4000000059604645,0.7009999883174887,0.14632444083690643,0.795,0.001,1000,20599.79666910598,,,,,,,,,,,,48.54416847229004,,,,,,,,,,
yi-128-ip,roargraph,True,False,10,1,1,2026-06-01T20:22:00.227133+00:00,49eec5d,True,reference-machine,,,,,,10,96,500,30,,,187843,100,database_objects,42,187843,187843,0,,,,,111244.47850231081,1457623040,1895804928,438181888,8759672,,,,,,,,,0.0876999944448471,0.0,0.0,0.6000000238418579,0.8010000115633001,0.1848207414150238,0.708,0.002,1000,14614.24873084066,,,,,,,,,,,,68.42637062072754,,,,,,,,,,
yi-128-ip,roargraph,True,False,10,1,1,2026-06-01T20:22:00.336373+00:00,49eec5d,True,reference-machine,,,,,,10,96,500,40,,,187843,100,database_objects,42,187843,187843,0,,,,,111244.47850231081,1457623040,1895804928,438181888,8759672,,,,,,,,,0.11400000005960464,0.0,0.0,0.6000000238418579,0.8999999761581421,0.21119658648967743,0.648,0.002,1000,11194.213806263928,,,,,,,,,,,,89.33186531066895,,,,,,,,,,
yi-128-ip,roargraph,True,False,10,1,1,2026-06-01T20:22:00.461311+00:00,49eec5d,True,reference-machine,,,,,,10,96,500,50,,,187843,100,database_objects,42,187843,187843,0,,,,,111244.47850231081,1457623040,1895804928,438181888,8759672,,,,,,,,,0.13520000874996185,0.0,0.0,0.699999988079071,0.8999999761581421,0.22759823501110077,0.598,0.003,1000,9404.669705660106,,,,,,,,,,,,106.33015632629395,,,,,,,,,,
yi-128-ip,roargraph,True,False,10,1,1,2026-06-01T20:22:00.604206+00:00,49eec5d,True,reference-machine,,,,,,10,96,500,60,,,187843,100,database_objects,42,187843,187843,0,,,,,111244.47850231081,1457623040,1895804928,438181888,8759672,,,,,,,,,0.15549999475479126,0.0,0.0,0.699999988079071,0.8999999761581421,0.24043656885623932,0.548,0.006,1000,8070.68747883378,,,,,,,,,,,,123.90518188476562,,,,,,,,,,
yi-128-ip,roargraph,True,False,10,1,1,2026-06-01T20:22:00.781610+00:00,49eec5d,True,reference-machine,,,,,,10,96,500,80,,,187843,100,database_objects,42,187843,187843,0,,,,,111244.47850231081,1457623040,1895804928,438181888,8759672,,,,,,,,,0.19300001859664917,0.0,0.10000000149011612,0.800000011920929,0.8999999761581421,0.25944364070892334,0.475,0.006,1000,6334.285269852105,,,,,,,,,,,,157.87100791931152,,,,,,,,,,
yi-128-ip,roargraph,True,False,10,1,1,2026-06-01T20:22:00.994692+00:00,49eec5d,True,reference-machine,,,,,,10,96,500,100,,,187843,100,database_objects,42,187843,187843,0,,,,,111244.47850231081,1457623040,1895804928,438181888,8759672,,,,,,,,,0.22590000927448273,0.0,0.10000000149011612,0.800000011920929,0.8999999761581421,0.272285133600235,0.411,0.009,1000,5134.629180306195,,,,,,,,,,,,194.75603103637695,,,,,,,,,,
yi-128-ip,roargraph,True,False,10,1,1,2026-06-01T20:22:01.288934+00:00,49eec5d,True,reference-machine,,,,,,10,96,500,150,,,187843,100,database_objects,42,187843,187843,0,,,,,111244.47850231081,1457623040,1895804928,438181888,8759672,,,,,,,,,0.2766000032424927,0.0,0.20000000298023224,0.8999999761581421,1.0,0.2905381917953491,0.335,0.014,1000,3627.964266190585,,,,,,,,,,,,275.6366729736328,,,,,,,,,,
yi-128-ip,roargraph,True,False,10,1,1,2026-06-01T20:22:01.663840+00:00,49eec5d,True,reference-machine,,,,,,10,96,500,200,,,187843,100,database_objects,42,187843,187843,0,,,,,111244.47850231081,1457623040,1895804928,438181888,8759672,,,,,,,,,0.3151000142097473,0.0,0.20000000298023224,0.8999999761581421,1.0,0.29900163412094116,0.282,0.013,1000,2813.2622891883047,,,,,,,,,,,,355.45921325683594,,,,,,,,,,
yi-128-ip,roargraph,True,False,10,1,1,2026-06-01T20:22:02.207653+00:00,49eec5d,True,reference-machine,,,,,,10,96,500,300,,,187843,100,database_objects,42,187843,187843,0,,,,,111244.47850231081,1457623040,1895804928,438181888,8759672,,,,,,,,,0.38329997658729553,0.0,0.4000000059604645,0.8999999761581421,1.0,0.3000185489654541,0.192,0.019,1000,1905.5005642489673,,,,,,,,,,,,524.7964859008789,,,,,,,,,,
yi-128-ip,roargraph,True,False,10,1,1,2026-06-01T20:22:02.899366+00:00,49eec5d,True,reference-machine,,,,,,10,96,500,400,,,187843,100,database_objects,42,187843,187843,0,,,,,111244.47850231081,1457623040,1895804928,438181888,8759672,,,,,,,,,0.4250999987125397,0.0,0.4000000059604645,0.8999999761581421,1.0,0.29846271872520447,0.153,0.02,1000,1488.0616014270731,,,,,,,,,,,,672.0151901245117,,,,,,,,,,
yi-128-ip,roargraph,True,False,10,1,1,2026-06-01T20:22:03.755972+00:00,49eec5d,True,reference-machine,,,,,,10,96,500,500,,,187843,100,database_objects,42,187843,187843,0,,,,,111244.47850231081,1457623040,1895804928,438181888,8759672,,,,,,,,,0.4545999765396118,0.0,0.5,0.8999999761581421,1.0,0.2943447530269623,0.127,0.02,1000,1194.186436175589,,,,,,,,,,,,837.3901844024658,,,,,,,,,,
yi-128-ip,roargraph,True,False,10,1,1,2026-06-01T20:22:04.771976+00:00,49eec5d,True,reference-machine,,,,,,10,96,500,600,,,187843,100,database_objects,42,187843,187843,0,,,,,111244.47850231081,1457623040,1895804928,438181888,8759672,,,,,,,,,0.47689998149871826,0.0,0.5,0.8999999761581421,1.0,0.2890612483024597,0.107,0.022,1000,1002.5997818057344,,,,,,,,,,,,997.4069595336914,,,,,,,,,,
yi-128-ip,roargraph,True,False,10,1,1,2026-06-01T20:22:06.149333+00:00,49eec5d,True,reference-machine,,,,,,10,96,500,800,,,187843,100,database_objects,42,187843,187843,0,,,,,111244.47850231081,1457623040,1895804928,438181888,8759672,,,,,,,,,0.5117999911308289,0.0,0.5,0.8999999761581421,1.0,0.28217148780822754,0.092,0.024,1000,735.9933628528222,,,,,,,,,,,,1358.7079048156738,,,,,,,,,,
yi-128-ip,roargraph,True,False,10,1,1,2026-06-01T20:22:07.888430+00:00,49eec5d,True,reference-machine,,,,,,10,96,500,1000,,,187843,100,database_objects,42,187843,187843,0,,,,,111244.47850231081,1457623040,1895804928,438181888,8759672,,,,,,,,,0.5473999977111816,0.0,0.6000000238418579,0.8999999761581421,1.0,0.27105948328971863,0.073,0.025,1000,580.988320543236,,,,,,,,,,,,1721.2049961090088,,,,,,,,,,
llama-128-ip,roargraph,True,False,10,1,1,2026-06-01T20:34:04.511065+00:00,49eec5d,True,reference-machine,,,,,,10,96,500,10,,,256921,10,database_objects,42,256921,256921,0,,,,,151708.84576486424,1670139904,2240012288,569872384,13048032,,,,,,,,,0.05510000139474869,0.0,0.0,0.30000001192092896,0.5,0.10951707512140274,0.704,0.0,1000,33302.13502505022,,,,,,,,,,,,30.028104782104492,,,,,,,,,,
llama-128-ip,roargraph,True,False,10,1,1,2026-06-01T20:34:04.585109+00:00,49eec5d,True,reference-machine,,,,,,10,96,500,20,,,256921,10,database_objects,42,256921,256921,0,,,,,151708.84576486424,1670139904,2240012288,569872384,13048032,,,,,,,,,0.10660000890493393,0.0,0.0,0.4000000059604645,0.6000000238418579,0.15256619453430176,0.505,0.001,1000,18417.47645289481,,,,,,,,,,,,54.296255111694336,,,,,,,,,,
llama-128-ip,roargraph,True,False,10,1,1,2026-06-01T20:34:04.680127+00:00,49eec5d,True,reference-machine,,,,,,10,96,500,30,,,256921,10,database_objects,42,256921,256921,0,,,,,151708.84576486424,1670139904,2240012288,569872384,13048032,,,,,,,,,0.14749999344348907,0.0,0.10000000149011612,0.5,0.800000011920929,0.17976026237010956,0.402,0.001,1000,13188.473970845334,,,,,,,,,,,,75.82378387451172,,,,,,,,,,
llama-128-ip,roargraph,True,False,10,1,1,2026-06-01T20:34:04.795999+00:00,49eec5d,True,reference-machine,,,,,,10,96,500,40,,,256921,10,database_objects,42,256921,256921,0,,,,,151708.84576486424,1670139904,2240012288,569872384,13048032,,,,,,,,,0.18639999628067017,0.0,0.10000000149011612,0.6000000238418579,0.800000011920929,0.19337797164916992,0.308,0.001,1000,10593.094530328553,,,,,,,,,,,,94.40112113952637,,,,,,,,,,
llama-128-ip,roargraph,True,False,10,1,1,2026-06-01T20:34:04.928084+00:00,49eec5d,True,reference-machine,,,,,,10,96,500,50,,,256921,10,database_objects,42,256921,256921,0,,,,,151708.84576486424,1670139904,2240012288,569872384,13048032,,,,,,,,,0.2101999968290329,0.0,0.20000000298023224,0.6000000238418579,0.800000011920929,0.20237578451633453,0.262,0.001,1000,8859.022072024502,,,,,,,,,,,,112.87927627563477,,,,,,,,,,
llama-128-ip,roargraph,True,False,10,1,1,2026-06-01T20:34:05.076843+00:00,49eec5d,True,reference-machine,,,,,,10,96,500,60,,,256921,10,database_objects,42,256921,256921,0,,,,,151708.84576486424,1670139904,2240012288,569872384,13048032,,,,,,,,,0.23089998960494995,0.0,0.20000000298023224,0.6000000238418579,0.800000011920929,0.20927301049232483,0.232,0.002,1000,7686.816983078866,,,,,,,,,,,,130.09285926818848,,,,,,,,,,
llama-128-ip,roargraph,True,False,10,1,1,2026-06-01T20:34:05.261117+00:00,49eec5d,True,reference-machine,,,,,,10,96,500,80,,,256921,10,database_objects,42,256921,256921,0,,,,,151708.84576486424,1670139904,2240012288,569872384,13048032,,,,,,,,,0.2679000198841095,0.0,0.20000000298023224,0.699999988079071,0.8999999761581421,0.22090628743171692,0.172,0.004,1000,6065.17347539329,,,,,,,,,,,,164.87574577331543,,,,,,,,,,
llama-128-ip,roargraph,True,False,10,1,1,2026-06-01T20:34:05.479310+00:00,49eec5d,True,reference-machine,,,,,,10,96,500,100,,,256921,10,database_objects,42,256921,256921,0,,,,,151708.84576486424,1670139904,2240012288,569872384,13048032,,,,,,,,,0.3004000186920166,0.0,0.30000001192092896,0.699999988079071,0.8999999761581421,0.22640636563301086,0.138,0.005,1000,5029.786795188352,,,,,,,,,,,,198.81558418273926,,,,,,,,,,
llama-128-ip,roargraph,True,False,10,1,1,2026-06-01T20:34:05.794917+00:00,49eec5d,True,reference-machine,,,,,,10,96,500,150,,,256921,10,database_objects,42,256921,256921,0,,,,,151708.84576486424,1670139904,2240012288,569872384,13048032,,,,,,,,,0.3582000136375427,0.0,0.30000001192092896,0.800000011920929,0.9009999763965597,0.23305097222328186,0.093,0.01,1000,3372.3996253160894,,,,,,,,,,,,296.5247631072998,,,,,,,,,,
llama-128-ip,roargraph,True,False,10,1,1,2026-06-01T20:34:06.185220+00:00,49eec5d,True,reference-machine,,,,,,10,96,500,200,,,256921,10,database_objects,42,256921,256921,0,,,,,151708.84576486424,1670139904,2240012288,569872384,13048032,,,,,,,,,0.40379998087882996,0.0,0.4000000059604645,0.800000011920929,1.0,0.231874018907547,0.062,0.011,1000,2690.834951630711,,,,,,,,,,,,371.6318607330322,,,,,,,,,,
llama-128-ip,roargraph,True,False,10,1,1,2026-06-01T20:34:06.757740+00:00,49eec5d,True,reference-machine,,,,,,10,96,500,300,,,256921,10,database_objects,42,256921,256921,0,,,,,151708.84576486424,1670139904,2240012288,569872384,13048032,,,,,,,,,0.46959996223449707,0.0,0.5,0.800000011920929,1.0,0.22675061225891113,0.033,0.017,1000,1807.2399835576348,,,,,,,,,,,,553.3299446105957,,,,,,,,,,
llama-128-ip,roargraph,True,False,10,1,1,2026-06-01T20:34:07.517080+00:00,49eec5d,True,reference-machine,,,,,,10,96,500,400,,,256921,10,database_objects,42,256921,256921,0,,,,,151708.84576486424,1670139904,2240012288,569872384,13048032,,,,,,,,,0.5184000134468079,0.0,0.5,0.8999999761581421,1.0,0.2209104597568512,0.021,0.019,1000,1349.5976920141397,,,,,,,,,,,,740.9615516662598,,,,,,,,,,
llama-128-ip,roargraph,True,False,10,1,1,2026-06-01T20:34:08.494173+00:00,49eec5d,True,reference-machine,,,,,,10,96,500,500,,,256921,10,database_objects,42,256921,256921,0,,,,,151708.84576486424,1670139904,2240012288,569872384,13048032,,,,,,,,,0.5534999966621399,0.0,0.6000000238418579,0.8999999761581421,1.0,0.21440091729164124,0.014,0.022,1000,1043.9383040841064,,,,,,,,,,,,957.9110145568848,,,,,,,,,,
llama-128-ip,roargraph,True,False,10,1,1,2026-06-01T20:34:09.693098+00:00,49eec5d,True,reference-machine,,,,,,10,96,500,600,,,256921,10,database_objects,42,256921,256921,0,,,,,151708.84576486424,1670139904,2240012288,569872384,13048032,,,,,,,,,0.5820000171661377,0.0,0.6000000238418579,0.8999999761581421,1.0,0.20913153886795044,0.01,0.024,1000,847.8169688960238,,,,,,,,,,,,1179.499864578247,,,,,,,,,,
llama-128-ip,roargraph,True,False,10,1,1,2026-06-01T20:34:11.310119+00:00,49eec5d,True,reference-machine,,,,,,10,96,500,800,,,256921,10,database_objects,42,256921,256921,0,,,,,151708.84576486424,1670139904,2240012288,569872384,13048032,,,,,,,,,0.6254000067710876,0.0,0.6000000238418579,0.8999999761581421,1.0,0.19988706707954407,0.007,0.026,1000,625.932656378178,,,,,,,,,,,,1597.6159572601318,,,,,,,,,,
llama-128-ip,roargraph,True,False,10,1,1,2026-06-01T20:34:13.436697+00:00,49eec5d,True,reference-machine,,,,,,10,96,500,1000,,,256921,10,database_objects,42,256921,256921,0,,,,,151708.84576486424,1670139904,2240012288,569872384,13048032,,,,,,,,,0.6572999954223633,0.0,0.699999988079071,0.8999999761581421,1.0,0.18645831942558289,0.003,0.028,1000,474.3852242314334,,,,,,,,,,,,2107.9914569854736,,,,,,,,,,
llama-128-ip,roargraph,True,False,10,1,1,2026-06-01T20:46:54.630935+00:00,49eec5d,True,reference-machine,,,,,,10,96,500,10,,,256921,100,database_objects,42,256921,256921,0,,,,,152424.38014224172,1970941952,2481672192,510730240,13048036,,,,,,,,,0.05510000139474869,0.0,0.0,0.30000001192092896,0.5,0.10951707512140274,0.704,0.0,1000,32655.745873559637,,,,,,,,,,,,30.622482299804688,,,,,,,,,,
llama-128-ip,roargraph,True,False,10,1,1,2026-06-01T20:46:54.703688+00:00,49eec5d,True,reference-machine,,,,,,10,96,500,20,,,256921,100,database_objects,42,256921,256921,0,,,,,152424.38014224172,1970941952,2481672192,510730240,13048036,,,,,,,,,0.10660000890493393,0.0,0.0,0.4000000059604645,0.6000000238418579,0.15256619453430176,0.505,0.001,1000,18575.96371882086,,,,,,,,,,,,53.8330078125,,,,,,,,,,
llama-128-ip,roargraph,True,False,10,1,1,2026-06-01T20:46:54.796518+00:00,49eec5d,True,reference-machine,,,,,,10,96,500,30,,,256921,100,database_objects,42,256921,256921,0,,,,,152424.38014224172,1970941952,2481672192,510730240,13048036,,,,,,,,,0.14749999344348907,0.0,0.10000000149011612,0.5,0.800000011920929,0.17976026237010956,0.402,0.001,1000,13489.370734625354,,,,,,,,,,,,74.13244247436523,,,,,,,,,,
llama-128-ip,roargraph,True,False,10,1,1,2026-06-01T20:46:54.911918+00:00,49eec5d,True,reference-machine,,,,,,10,96,500,40,,,256921,100,database_objects,42,256921,256921,0,,,,,152424.38014224172,1970941952,2481672192,510730240,13048036,,,,,,,,,0.18639999628067017,0.0,0.10000000149011612,0.6000000238418579,0.800000011920929,0.19337797164916992,0.308,0.001,1000,10408.81285099899,,,,,,,,,,,,96.07243537902832,,,,,,,,,,
llama-128-ip,roargraph,True,False,10,1,1,2026-06-01T20:46:55.042252+00:00,49eec5d,True,reference-machine,,,,,,10,96,500,50,,,256921,100,database_objects,42,256921,256921,0,,,,,152424.38014224172,1970941952,2481672192,510730240,13048036,,,,,,,,,0.2101999968290329,0.0,0.20000000298023224,0.6000000238418579,0.800000011920929,0.20237578451633453,0.262,0.001,1000,8965.444712823033,,,,,,,,,,,,111.53936386108398,,,,,,,,,,
llama-128-ip,roargraph,True,False,10,1,1,2026-06-01T20:46:55.190158+00:00,49eec5d,True,reference-machine,,,,,,10,96,500,60,,,256921,100,database_objects,42,256921,256921,0,,,,,152424.38014224172,1970941952,2481672192,510730240,13048036,,,,,,,,,0.23089998960494995,0.0,0.20000000298023224,0.6000000238418579,0.800000011920929,0.20927301049232483,0.232,0.002,1000,7711.932219345728,,,,,,,,,,,,129.669189453125,,,,,,,,,,
llama-128-ip,roargraph,True,False,10,1,1,2026-06-01T20:46:55.369986+00:00,49eec5d,True,reference-machine,,,,,,10,96,500,80,,,256921,100,database_objects,42,256921,256921,0,,,,,152424.38014224172,1970941952,2481672192,510730240,13048036,,,,,,,,,0.2679000198841095,0.0,0.20000000298023224,0.699999988079071,0.8999999761581421,0.22090628743171692,0.172,0.004,1000,6184.929860546871,,,,,,,,,,,,161.6833209991455,,,,,,,,,,
llama-128-ip,roargraph,True,False,10,1,1,2026-06-01T20:46:55.584817+00:00,49eec5d,True,reference-machine,,,,,,10,96,500,100,,,256921,100,database_objects,42,256921,256921,0,,,,,152424.38014224172,1970941952,2481672192,510730240,13048036,,,,,,,,,0.3004000186920166,0.0,0.30000001192092896,0.699999988079071,0.8999999761581421,0.22640636563301086,0.138,0.005,1000,5092.813873208568,,,,,,,,,,,,196.35510444641113,,,,,,,,,,
llama-128-ip,roargraph,True,False,10,1,1,2026-06-01T20:46:55.888259+00:00,49eec5d,True,reference-machine,,,,,,10,96,500,150,,,256921,100,database_objects,42,256921,256921,0,,,,,152424.38014224172,1970941952,2481672192,510730240,13048036,,,,,,,,,0.3582000136375427,0.0,0.30000001192092896,0.800000011920929,0.9009999763965597,0.23305097222328186,0.093,0.01,1000,3514.836832552036,,,,,,,,,,,,284.50822830200195,,,,,,,,,,
llama-128-ip,roargraph,True,False,10,1,1,2026-06-01T20:46:56.273625+00:00,49eec5d,True,reference-machine,,,,,,10,96,500,200,,,256921,100,database_objects,42,256921,256921,0,,,,,152424.38014224172,1970941952,2481672192,510730240,13048036,,,,,,,,,0.40379998087882996,0.0,0.4000000059604645,0.800000011920929,1.0,0.231874018907547,0.062,0.011,1000,2728.8864946174435,,,,,,,,,,,,366.44983291625977,,,,,,,,,,
llama-128-ip,roargraph,True,False,10,1,1,2026-06-01T20:46:56.856885+00:00,49eec5d,True,reference-machine,,,,,,10,96,500,300,,,256921,100,database_objects,42,256921,256921,0,,,,,152424.38014224172,1970941952,2481672192,510730240,13048036,,,,,,,,,0.46959996223449707,0.0,0.5,0.800000011920929,1.0,0.22675061225891113,0.033,0.017,1000,1769.8836915393117,,,,,,,,,,,,565.0088787078857,,,,,,,,,,
llama-128-ip,roargraph,True,False,10,1,1,2026-06-01T20:46:57.623019+00:00,49eec5d,True,reference-machine,,,,,,10,96,500,400,,,256921,100,database_objects,42,256921,256921,0,,,,,152424.38014224172,1970941952,2481672192,510730240,13048036,,,,,,,,,0.5184000134468079,0.0,0.5,0.8999999761581421,1.0,0.2209104597568512,0.021,0.019,1000,1341.31154387712,,,,,,,,,,,,745.5389499664307,,,,,,,,,,
llama-128-ip,roargraph,True,False,10,1,1,2026-06-01T20:46:58.592192+00:00,49eec5d,True,reference-machine,,,,,,10,96,500,500,,,256921,100,database_objects,42,256921,256921,0,,,,,152424.38014224172,1970941952,2481672192,510730240,13048036,,,,,,,,,0.5534999966621399,0.0,0.6000000238418579,0.8999999761581421,1.0,0.21440091729164124,0.014,0.022,1000,1051.8245601540357,,,,,,,,,,,,950.7288932800293,,,,,,,,,,
llama-128-ip,roargraph,True,False,10,1,1,2026-06-01T20:46:59.772116+00:00,49eec5d,True,reference-machine,,,,,,10,96,500,600,,,256921,100,database_objects,42,256921,256921,0,,,,,152424.38014224172,1970941952,2481672192,510730240,13048036,,,,,,,,,0.5820000171661377,0.0,0.6000000238418579,0.8999999761581421,1.0,0.20913153886795044,0.01,0.024,1000,861.5920096727954,,,,,,,,,,,,1160.642147064209,,,,,,,,,,
llama-128-ip,roargraph,True,False,10,1,1,2026-06-01T20:47:01.402197+00:00,49eec5d,True,reference-machine,,,,,,10,96,500,800,,,256921,100,database_objects,42,256921,256921,0,,,,,152424.38014224172,1970941952,2481672192,510730240,13048036,,,,,,,,,0.6254000067710876,0.0,0.6000000238418579,0.8999999761581421,1.0,0.19988706707954407,0.007,0.026,1000,620.7973040937386,,,,,,,,,,,,1610.8317375183105,,,,,,,,,,
llama-128-ip,roargraph,True,False,10,1,1,2026-06-01T20:47:03.504951+00:00,49eec5d,True,reference-machine,,,,,,10,96,500,1000,,,256921,100,database_objects,42,256921,256921,0,,,,,152424.38014224172,1970941952,2481672192,510730240,13048036,,,,,,,,,0.6572999954223633,0.0,0.699999988079071,0.8999999761581421,1.0,0.18645831942558289,0.003,0.028,1000,479.8465334573171,,,,,,,,,,,,2083.9996337890625,,,,,,,,,,
