dataset_name,algorithm,use_asymmetric_transformation,use_hnsw_pruning_rule_on_X,k,num_threads_build,num_threads_search,run_timestamp_utc,git_commit,git_dirty,hostname,hnsw_m,hnsw_ef_construction,hnsw_ef_search,hnsw_learn_insert_order,hnsw_num_learn_queries,roargraph_m_sq,roargraph_m_pjbp,roargraph_l_pjpq,roargraph_l_pq,roargraph_learn_neighbors_rows_hdf5,roargraph_learn_neighbors_cols_hdf5,roargraph_num_learn_queries,roargraph_learn_neighbors_k,roargraph_learn_query_source,roargraph_learn_query_sample_seed,roargraph_database_rows,roargraph_learn_neighbors_rows_actual,roargraph_learn_neighbors_dropped_rows,nsg_r,nsg_l,nsg_c,nsg_search_l,build_time_ms,rss_before_build_bytes,rss_after_build_bytes,rss_build_delta_bytes,index_size_bytes,recall_X_avg_at_k,recall_X_min,recall_X_p50,recall_X_p95,recall_X_p99,recall_X_std,recall_X_frac_at_0,recall_X_frac_at_1,recall_X_asymmetric_avg_at_k,recall_X_asymmetric_min,recall_X_asymmetric_p50,recall_X_asymmetric_p95,recall_X_asymmetric_p99,recall_X_asymmetric_std,recall_X_asymmetric_frac_at_0,recall_X_asymmetric_frac_at_1,num_queries,queries_per_sec,search_time_X_ms,top_candidates_avg_X,top_candidates_median_X,selected_neighbors_avg_X,selected_neighbors_median_X,degree_lowest_layer_avg_X,degree_lowest_layer_median_X,degree_lowest_layer_max_X,degree_avg_X,degree_median_X,degree_max_X,search_time_X_asymmetric_ms,top_candidates_avg_X_asymmetric,top_candidates_median_X_asymmetric,selected_neighbors_avg_X_asymmetric,selected_neighbors_median_X_asymmetric,degree_lowest_layer_avg_X_asymmetric,degree_lowest_layer_median_X_asymmetric,degree_lowest_layer_max_X_asymmetric,degree_avg_X_asymmetric,degree_median_X_asymmetric,degree_max_X_asymmetric
yi-128-ip,hnsw-hnswlib,False,True,10,1,1,2026-06-01T14:52:20.838263+00:00,b007716,True,reference-machine,48,500,10,none,0,,,,,,,,,,,,,,,,,,193055.07277324796,543666176,760270848,216604672,172107496,0.07850000262260437,0.0,0.0,0.4000000059604645,0.699999988079071,0.14922383427619934,0.659,0.001,,,,,,,,,1000,29154.64605460713,34.29985046386719,498.50799143272553,500.0,1.5223431808351529,1.0,2.096420947280442,1.0,96,2.2216531890994076,1.0,146,,,,,,,,,,,
yi-128-ip,hnsw-hnswlib,False,True,10,1,1,2026-06-01T14:52:20.943980+00:00,b007716,True,reference-machine,48,500,20,none,0,,,,,,,,,,,,,,,,,,193055.07277324796,543666176,760270848,216604672,172107496,0.13220001757144928,0.0,0.0,0.6000000238418579,0.800000011920929,0.19530273973941803,0.513,0.001,,,,,,,,,1000,12800.234379291613,78.12356948852539,498.50799143272553,500.0,1.5223431808351529,1.0,2.096420947280442,1.0,96,2.2216531890994076,1.0,146,,,,,,,,,,,
yi-128-ip,hnsw-hnswlib,False,True,10,1,1,2026-06-01T14:52:21.082600+00:00,b007716,True,reference-machine,48,500,30,none,0,,,,,,,,,,,,,,,,,,193055.07277324796,543666176,760270848,216604672,172107496,0.16580000519752502,0.0,0.10000000149011612,0.699999988079071,0.800000011920929,0.21220357716083527,0.428,0.002,,,,,,,,,1000,8833.665747700654,113.20328712463379,498.50799143272553,500.0,1.5223431808351529,1.0,2.096420947280442,1.0,96,2.2216531890994076,1.0,146,,,,,,,,,,,
yi-128-ip,hnsw-hnswlib,False,True,10,1,1,2026-06-01T14:52:21.286254+00:00,b007716,True,reference-machine,48,500,40,none,0,,,,,,,,,,,,,,,,,,193055.07277324796,543666176,760270848,216604672,172107496,0.1881999969482422,0.0,0.10000000149011612,0.699999988079071,0.8010000115633001,0.2200017124414444,0.372,0.002,,,,,,,,,1000,6918.530883706507,144.53935623168945,498.50799143272553,500.0,1.5223431808351529,1.0,2.096420947280442,1.0,96,2.2216531890994076,1.0,146,,,,,,,,,,,
yi-128-ip,hnsw-hnswlib,False,True,10,1,1,2026-06-01T14:52:21.484212+00:00,b007716,True,reference-machine,48,500,50,none,0,,,,,,,,,,,,,,,,,,193055.07277324796,543666176,760270848,216604672,172107496,0.20900000631809235,0.0,0.10000000149011612,0.699999988079071,0.8999999761581421,0.2292138785123825,0.327,0.004,,,,,,,,,1000,5808.183211772835,172.17087745666504,498.50799143272553,500.0,1.5223431808351529,1.0,2.096420947280442,1.0,96,2.2216531890994076,1.0,146,,,,,,,,,,,
yi-128-ip,hnsw-hnswlib,False,True,10,1,1,2026-06-01T14:52:21.704401+00:00,b007716,True,reference-machine,48,500,60,none,0,,,,,,,,,,,,,,,,,,193055.07277324796,543666176,760270848,216604672,172107496,0.22450000047683716,0.0,0.20000000298023224,0.699999988079071,0.8999999761581421,0.23543523252010345,0.307,0.005,,,,,,,,,1000,5129.956825381294,194.93341445922852,498.50799143272553,500.0,1.5223431808351529,1.0,2.096420947280442,1.0,96,2.2216531890994076,1.0,146,,,,,,,,,,,
yi-128-ip,hnsw-hnswlib,False,True,10,1,1,2026-06-01T14:52:21.974217+00:00,b007716,True,reference-machine,48,500,80,none,0,,,,,,,,,,,,,,,,,,193055.07277324796,543666176,760270848,216604672,172107496,0.2515999674797058,0.0,0.20000000298023224,0.7049999892711594,0.8999999761581421,0.24211038649082184,0.259,0.008,,,,,,,,,1000,4093.8930843208623,244.26627159118652,498.50799143272553,500.0,1.5223431808351529,1.0,2.096420947280442,1.0,96,2.2216531890994076,1.0,146,,,,,,,,,,,
yi-128-ip,hnsw-hnswlib,False,True,10,1,1,2026-06-01T14:52:22.285300+00:00,b007716,True,reference-machine,48,500,100,none,0,,,,,,,,,,,,,,,,,,193055.07277324796,543666176,760270848,216604672,172107496,0.27239999175071716,0.0,0.20000000298023224,0.800000011920929,0.8999999761581421,0.2449045479297638,0.212,0.008,,,,,,,,,1000,3499.3183748454453,285.7699394226074,498.50799143272553,500.0,1.5223431808351529,1.0,2.096420947280442,1.0,96,2.2216531890994076,1.0,146,,,,,,,,,,,
yi-128-ip,hnsw-hnswlib,False,True,10,1,1,2026-06-01T14:52:22.695123+00:00,b007716,True,reference-machine,48,500,150,none,0,,,,,,,,,,,,,,,,,,193055.07277324796,543666176,760270848,216604672,172107496,0.3094000220298767,0.0,0.30000001192092896,0.800000011920929,1.0,0.25022318959236145,0.159,0.011,,,,,,,,,1000,2601.830330031345,384.34481620788574,498.50799143272553,500.0,1.5223431808351529,1.0,2.096420947280442,1.0,96,2.2216531890994076,1.0,146,,,,,,,,,,,
yi-128-ip,hnsw-hnswlib,False,True,10,1,1,2026-06-01T14:52:23.193631+00:00,b007716,True,reference-machine,48,500,200,none,0,,,,,,,,,,,,,,,,,,193055.07277324796,543666176,760270848,216604672,172107496,0.32850000262260437,0.0,0.30000001192092896,0.800000011920929,1.0,0.2527404725551605,0.139,0.014,,,,,,,,,1000,2114.656065582862,472.89013862609863,498.50799143272553,500.0,1.5223431808351529,1.0,2.096420947280442,1.0,96,2.2216531890994076,1.0,146,,,,,,,,,,,
yi-128-ip,hnsw-hnswlib,False,True,10,1,1,2026-06-01T14:52:23.867249+00:00,b007716,True,reference-machine,48,500,300,none,0,,,,,,,,,,,,,,,,,,193055.07277324796,543666176,760270848,216604672,172107496,0.3531000018119812,0.0,0.30000001192092896,0.800000011920929,1.0,0.25244879722595215,0.107,0.017,,,,,,,,,1000,1543.3751174742,647.9306221008301,498.50799143272553,500.0,1.5223431808351529,1.0,2.096420947280442,1.0,96,2.2216531890994076,1.0,146,,,,,,,,,,,
yi-128-ip,hnsw-hnswlib,False,True,10,1,1,2026-06-01T14:52:24.717844+00:00,b007716,True,reference-machine,48,500,400,none,0,,,,,,,,,,,,,,,,,,193055.07277324796,543666176,760270848,216604672,172107496,0.3756999671459198,0.0,0.4000000059604645,0.8999999761581421,1.0,0.2537705600261688,0.095,0.019,,,,,,,,,1000,1213.5594004976565,824.0222930908203,498.50799143272553,500.0,1.5223431808351529,1.0,2.096420947280442,1.0,96,2.2216531890994076,1.0,146,,,,,,,,,,,
yi-128-ip,hnsw-hnswlib,False,True,10,1,1,2026-06-01T14:52:25.691700+00:00,b007716,True,reference-machine,48,500,500,none,0,,,,,,,,,,,,,,,,,,193055.07277324796,543666176,760270848,216604672,172107496,0.390500009059906,0.0,0.4000000059604645,0.8999999761581421,1.0,0.25381046533584595,0.08,0.022,,,,,,,,,1000,1054.172602345854,948.6112594604492,498.50799143272553,500.0,1.5223431808351529,1.0,2.096420947280442,1.0,96,2.2216531890994076,1.0,146,,,,,,,,,,,
yi-128-ip,hnsw-hnswlib,False,True,10,1,1,2026-06-01T14:52:26.653604+00:00,b007716,True,reference-machine,48,500,600,none,0,,,,,,,,,,,,,,,,,,193055.07277324796,543666176,760270848,216604672,172107496,0.40060001611709595,0.0,0.4000000059604645,0.8999999761581421,1.0,0.2536526024341583,0.073,0.023,,,,,,,,,1000,1064.8741653187446,939.0780925750732,498.50799143272553,500.0,1.5223431808351529,1.0,2.096420947280442,1.0,96,2.2216531890994076,1.0,146,,,,,,,,,,,
yi-128-ip,hnsw-hnswlib,False,True,10,1,1,2026-06-01T14:52:27.879143+00:00,b007716,True,reference-machine,48,500,800,none,0,,,,,,,,,,,,,,,,,,193055.07277324796,543666176,760270848,216604672,172107496,0.41680002212524414,0.0,0.4000000059604645,0.8999999761581421,1.0,0.25451475381851196,0.063,0.024,,,,,,,,,1000,831.8359454407529,1202.160120010376,498.50799143272553,500.0,1.5223431808351529,1.0,2.096420947280442,1.0,96,2.2216531890994076,1.0,146,,,,,,,,,,,
yi-128-ip,hnsw-hnswlib,False,True,10,1,1,2026-06-01T14:52:29.371692+00:00,b007716,True,reference-machine,48,500,1000,none,0,,,,,,,,,,,,,,,,,,193055.07277324796,543666176,760270848,216604672,172107496,0.4302999973297119,0.0,0.4000000059604645,0.8999999761581421,1.0,0.25197601318359375,0.056,0.025,,,,,,,,,1000,680.5185584436108,1469.4676399230957,498.50799143272553,500.0,1.5223431808351529,1.0,2.096420947280442,1.0,96,2.2216531890994076,1.0,146,,,,,,,,,,,
llama-128-ip,hnsw-hnswlib,False,True,10,1,1,2026-06-01T14:57:05.417665+00:00,b007716,True,reference-machine,48,500,10,none,0,,,,,,,,,,,,,,,,,,271232.7386303805,721219584,1025609728,304390144,235397692,0.025200000032782555,0.0,0.0,0.20000000298023224,0.30000001192092896,0.06974925845861435,0.836,0.0,,,,,,,,,1000,30545.7935213237,32.73773193359375,498.79830523973544,500.0,1.1187818148565856,1.0,1.2821295261967687,1.0,96,1.3501660043359631,1.0,144,,,,,,,,,,,
llama-128-ip,hnsw-hnswlib,False,True,10,1,1,2026-06-01T14:57:05.500632+00:00,b007716,True,reference-machine,48,500,20,none,0,,,,,,,,,,,,,,,,,,271232.7386303805,721219584,1025609728,304390144,235397692,0.036900002509355545,0.0,0.0,0.20000000298023224,0.4000000059604645,0.08825185149908066,0.78,0.0,,,,,,,,,1000,17709.141882420496,56.46800994873047,498.79830523973544,500.0,1.1187818148565856,1.0,1.2821295261967687,1.0,96,1.3501660043359631,1.0,144,,,,,,,,,,,
llama-128-ip,hnsw-hnswlib,False,True,10,1,1,2026-06-01T14:57:05.598742+00:00,b007716,True,reference-machine,48,500,30,none,0,,,,,,,,,,,,,,,,,,271232.7386303805,721219584,1025609728,304390144,235397692,0.04620000347495079,0.0,0.0,0.20000000298023224,0.5,0.09841524064540863,0.729,0.0,,,,,,,,,1000,13557.653021644126,73.75907897949219,498.79830523973544,500.0,1.1187818148565856,1.0,1.2821295261967687,1.0,96,1.3501660043359631,1.0,144,,,,,,,,,,,
llama-128-ip,hnsw-hnswlib,False,True,10,1,1,2026-06-01T14:57:05.716187+00:00,b007716,True,reference-machine,48,500,40,none,0,,,,,,,,,,,,,,,,,,271232.7386303805,721219584,1025609728,304390144,235397692,0.05249999836087227,0.0,0.0,0.30000001192092896,0.5,0.10446889698505402,0.694,0.0,,,,,,,,,1000,10765.584453918476,92.88859367370605,498.79830523973544,500.0,1.1187818148565856,1.0,1.2821295261967687,1.0,96,1.3501660043359631,1.0,144,,,,,,,,,,,
llama-128-ip,hnsw-hnswlib,False,True,10,1,1,2026-06-01T14:57:05.855660+00:00,b007716,True,reference-machine,48,500,50,none,0,,,,,,,,,,,,,,,,,,271232.7386303805,721219584,1025609728,304390144,235397692,0.05960000306367874,0.0,0.0,0.30000001192092896,0.6000000238418579,0.11174900829792023,0.659,0.0,,,,,,,,,1000,8666.848504384769,115.38219451904297,498.79830523973544,500.0,1.1187818148565856,1.0,1.2821295261967687,1.0,96,1.3501660043359631,1.0,144,,,,,,,,,,,
llama-128-ip,hnsw-hnswlib,False,True,10,1,1,2026-06-01T14:57:06.011160+00:00,b007716,True,reference-machine,48,500,60,none,0,,,,,,,,,,,,,,,,,,271232.7386303805,721219584,1025609728,304390144,235397692,0.06620000302791595,0.0,0.0,0.30000001192092896,0.6000000238418579,0.11703657358884811,0.629,0.0,,,,,,,,,1000,7604.272878246176,131.50501251220703,498.79830523973544,500.0,1.1187818148565856,1.0,1.2821295261967687,1.0,96,1.3501660043359631,1.0,144,,,,,,,,,,,
llama-128-ip,hnsw-hnswlib,False,True,10,1,1,2026-06-01T14:57:06.219550+00:00,b007716,True,reference-machine,48,500,80,none,0,,,,,,,,,,,,,,,,,,271232.7386303805,721219584,1025609728,304390144,235397692,0.07920000702142715,0.0,0.0,0.30000001192092896,0.6000000238418579,0.1229933351278305,0.551,0.0,,,,,,,,,1000,5962.501794733647,167.71483421325684,498.79830523973544,500.0,1.1187818148565856,1.0,1.2821295261967687,1.0,96,1.3501660043359631,1.0,144,,,,,,,,,,,
llama-128-ip,hnsw-hnswlib,False,True,10,1,1,2026-06-01T14:57:06.444898+00:00,b007716,True,reference-machine,48,500,100,none,0,,,,,,,,,,,,,,,,,,271232.7386303805,721219584,1025609728,304390144,235397692,0.08900000900030136,0.0,0.0,0.30000001192092896,0.6000000238418579,0.1277458518743515,0.507,0.0,,,,,,,,,1000,4993.15366108301,200.27422904968262,498.79830523973544,500.0,1.1187818148565856,1.0,1.2821295261967687,1.0,96,1.3501660043359631,1.0,144,,,,,,,,,,,
llama-128-ip,hnsw-hnswlib,False,True,10,1,1,2026-06-01T14:57:06.740978+00:00,b007716,True,reference-machine,48,500,150,none,0,,,,,,,,,,,,,,,,,,271232.7386303805,721219584,1025609728,304390144,235397692,0.10740000754594803,0.0,0.10000000149011612,0.4000000059604645,0.6010000234842291,0.13749633729457855,0.439,0.0,,,,,,,,,1000,3689.0255486522046,271.0742950439453,498.79830523973544,500.0,1.1187818148565856,1.0,1.2821295261967687,1.0,96,1.3501660043359631,1.0,144,,,,,,,,,,,
llama-128-ip,hnsw-hnswlib,False,True,10,1,1,2026-06-01T14:57:07.100294+00:00,b007716,True,reference-machine,48,500,200,none,0,,,,,,,,,,,,,,,,,,271232.7386303805,721219584,1025609728,304390144,235397692,0.11990001052618027,0.0,0.10000000149011612,0.4000000059604645,0.699999988079071,0.14104606211185455,0.392,0.0,,,,,,,,,1000,2984.870351867508,335.0229263305664,498.79830523973544,500.0,1.1187818148565856,1.0,1.2821295261967687,1.0,96,1.3501660043359631,1.0,144,,,,,,,,,,,
llama-128-ip,hnsw-hnswlib,False,True,10,1,1,2026-06-01T14:57:07.583478+00:00,b007716,True,reference-machine,48,500,300,none,0,,,,,,,,,,,,,,,,,,271232.7386303805,721219584,1025609728,304390144,235397692,0.14030000567436218,0.0,0.10000000149011612,0.4000000059604645,0.699999988079071,0.14692144095897675,0.325,0.0,,,,,,,,,1000,2181.066346619852,458.49132537841797,498.79830523973544,500.0,1.1187818148565856,1.0,1.2821295261967687,1.0,96,1.3501660043359631,1.0,144,,,,,,,,,,,
llama-128-ip,hnsw-hnswlib,False,True,10,1,1,2026-06-01T14:57:08.177823+00:00,b007716,True,reference-machine,48,500,400,none,0,,,,,,,,,,,,,,,,,,271232.7386303805,721219584,1025609728,304390144,235397692,0.15639999508857727,0.0,0.10000000149011612,0.4000000059604645,0.699999988079071,0.1511920690536499,0.283,0.0,,,,,,,,,1000,1755.094594164838,569.7698593139648,498.79830523973544,500.0,1.1187818148565856,1.0,1.2821295261967687,1.0,96,1.3501660043359631,1.0,144,,,,,,,,,,,
llama-128-ip,hnsw-hnswlib,False,True,10,1,1,2026-06-01T14:57:08.881692+00:00,b007716,True,reference-machine,48,500,500,none,0,,,,,,,,,,,,,,,,,,271232.7386303805,721219584,1025609728,304390144,235397692,0.16850000619888306,0.0,0.10000000149011612,0.5,0.699999988079071,0.1546536535024643,0.254,0.0,,,,,,,,,1000,1472.0141056039172,679.3413162231445,498.79830523973544,500.0,1.1187818148565856,1.0,1.2821295261967687,1.0,96,1.3501660043359631,1.0,144,,,,,,,,,,,
llama-128-ip,hnsw-hnswlib,False,True,10,1,1,2026-06-01T14:57:09.710884+00:00,b007716,True,reference-machine,48,500,600,none,0,,,,,,,,,,,,,,,,,,271232.7386303805,721219584,1025609728,304390144,235397692,0.1794000118970871,0.0,0.20000000298023224,0.5,0.699999988079071,0.15733924508094788,0.233,0.0,,,,,,,,,1000,1243.1534448177981,804.405927658081,498.79830523973544,500.0,1.1187818148565856,1.0,1.2821295261967687,1.0,96,1.3501660043359631,1.0,144,,,,,,,,,,,
llama-128-ip,hnsw-hnswlib,False,True,10,1,1,2026-06-01T14:57:10.736151+00:00,b007716,True,reference-machine,48,500,800,none,0,,,,,,,,,,,,,,,,,,271232.7386303805,721219584,1025609728,304390144,235397692,0.19520001113414764,0.0,0.20000000298023224,0.5,0.699999988079071,0.16142168641090393,0.2,0.0,,,,,,,,,1000,999.2738278800539,1000.7266998291016,498.79830523973544,500.0,1.1187818148565856,1.0,1.2821295261967687,1.0,96,1.3501660043359631,1.0,144,,,,,,,,,,,
llama-128-ip,hnsw-hnswlib,False,True,10,1,1,2026-06-01T14:57:11.963851+00:00,b007716,True,reference-machine,48,500,1000,none,0,,,,,,,,,,,,,,,,,,271232.7386303805,721219584,1025609728,304390144,235397692,0.21139998733997345,0.0,0.20000000298023224,0.5,0.699999988079071,0.16361552476882935,0.169,0.0,,,,,,,,,1000,830.9062025604081,1203.505277633667,498.79830523973544,500.0,1.1187818148565856,1.0,1.2821295261967687,1.0,96,1.3501660043359631,1.0,144,,,,,,,,,,,
yi-128-ip,hnsw-hnswlib,True,True,10,1,1,2026-06-01T15:00:28.766621+00:00,b007716,True,reference-machine,48,500,10,none,0,,,,,,,,,,,,,,,,,,192078.4108801745,551391232,771510272,220119040,172858868,,,,,,,,,0.33160001039505005,0.0,0.30000001192092896,0.8999999761581421,1.0,0.2798596918582916,0.191,0.019,1000,16455.155692780892,,,,,,,,,,,,60.77122688293457,498.5170172960973,500.0,13.407284267795074,12.0,26.670096836187668,23.0,96,27.067471239279612,23.0,143
yi-128-ip,hnsw-hnswlib,True,True,10,1,1,2026-06-01T15:00:28.895166+00:00,b007716,True,reference-machine,48,500,20,none,0,,,,,,,,,,,,,,,,,,192078.4108801745,551391232,771510272,220119040,172858868,,,,,,,,,0.44829997420310974,0.0,0.4000000059604645,1.0,1.0,0.3005613386631012,0.104,0.052,1000,9610.66124072572,,,,,,,,,,,,104.05111312866211,498.5170172960973,500.0,13.407284267795074,12.0,26.670096836187668,23.0,96,27.067471239279612,23.0,143
yi-128-ip,hnsw-hnswlib,True,True,10,1,1,2026-06-01T15:00:29.060582+00:00,b007716,True,reference-machine,48,500,30,none,0,,,,,,,,,,,,,,,,,,192078.4108801745,551391232,771510272,220119040,172858868,,,,,,,,,0.5170999765396118,0.0,0.5,1.0,1.0,0.29812344908714294,0.059,0.076,1000,6983.953390402006,,,,,,,,,,,,143.18537712097168,498.5170172960973,500.0,13.407284267795074,12.0,26.670096836187668,23.0,96,27.067471239279612,23.0,143
yi-128-ip,hnsw-hnswlib,True,True,10,1,1,2026-06-01T15:00:29.267483+00:00,b007716,True,reference-machine,48,500,40,none,0,,,,,,,,,,,,,,,,,,192078.4108801745,551391232,771510272,220119040,172858868,,,,,,,,,0.5726000070571899,0.0,0.6000000238418579,1.0,1.0,0.28953278064727783,0.037,0.105,1000,5434.592026992183,,,,,,,,,,,,184.0064525604248,498.5170172960973,500.0,13.407284267795074,12.0,26.670096836187668,23.0,96,27.067471239279612,23.0,143
yi-128-ip,hnsw-hnswlib,True,True,10,1,1,2026-06-01T15:00:29.509298+00:00,b007716,True,reference-machine,48,500,50,none,0,,,,,,,,,,,,,,,,,,192078.4108801745,551391232,771510272,220119040,172858868,,,,,,,,,0.6183000206947327,0.0,0.699999988079071,1.0,1.0,0.27841535210609436,0.022,0.127,1000,4571.971724284523,,,,,,,,,,,,218.72401237487793,498.5170172960973,500.0,13.407284267795074,12.0,26.670096836187668,23.0,96,27.067471239279612,23.0,143
yi-128-ip,hnsw-hnswlib,True,True,10,1,1,2026-06-01T15:00:29.787373+00:00,b007716,True,reference-machine,48,500,60,none,0,,,,,,,,,,,,,,,,,,192078.4108801745,551391232,771510272,220119040,172858868,,,,,,,,,0.6529000401496887,0.0,0.699999988079071,1.0,1.0,0.26879656314849854,0.018,0.15,1000,3927.626046682361,,,,,,,,,,,,254.6067237854004,498.5170172960973,500.0,13.407284267795074,12.0,26.670096836187668,23.0,96,27.067471239279612,23.0,143
yi-128-ip,hnsw-hnswlib,True,True,10,1,1,2026-06-01T15:00:30.134757+00:00,b007716,True,reference-machine,48,500,80,none,0,,,,,,,,,,,,,,,,,,192078.4108801745,551391232,771510272,220119040,172858868,,,,,,,,,0.699999988079071,0.0,0.699999988079071,1.0,1.0,0.24935917556285858,0.009,0.186,1000,3080.2986072096087,,,,,,,,,,,,324.6438503265381,498.5170172960973,500.0,13.407284267795074,12.0,26.670096836187668,23.0,96,27.067471239279612,23.0,143
yi-128-ip,hnsw-hnswlib,True,True,10,1,1,2026-06-01T15:00:30.555319+00:00,b007716,True,reference-machine,48,500,100,none,0,,,,,,,,,,,,,,,,,,192078.4108801745,551391232,771510272,220119040,172858868,,,,,,,,,0.7390000820159912,0.0,0.800000011920929,1.0,1.0,0.23147138953208923,0.005,0.22,1000,2519.974790062382,,,,,,,,,,,,396.82936668395996,498.5170172960973,500.0,13.407284267795074,12.0,26.670096836187668,23.0,96,27.067471239279612,23.0,143
yi-128-ip,hnsw-hnswlib,True,True,10,1,1,2026-06-01T15:00:31.139553+00:00,b007716,True,reference-machine,48,500,150,none,0,,,,,,,,,,,,,,,,,,192078.4108801745,551391232,771510272,220119040,172858868,,,,,,,,,0.8029999732971191,0.0,0.8999999761581421,1.0,1.0,0.20137278735637665,0.002,0.289,1000,1780.6117575537849,,,,,,,,,,,,561.6047382354736,498.5170172960973,500.0,13.407284267795074,12.0,26.670096836187668,23.0,96,27.067471239279612,23.0,143
yi-128-ip,hnsw-hnswlib,True,True,10,1,1,2026-06-01T15:00:31.901508+00:00,b007716,True,reference-machine,48,500,200,none,0,,,,,,,,,,,,,,,,,,192078.4108801745,551391232,771510272,220119040,172858868,,,,,,,,,0.8450999855995178,0.0,0.8999999761581421,1.0,1.0,0.17685019969940186,0.002,0.367,1000,1353.3404985701254,,,,,,,,,,,,738.9123439788818,498.5170172960973,500.0,13.407284267795074,12.0,26.670096836187668,23.0,96,27.067471239279612,23.0,143
yi-128-ip,hnsw-hnswlib,True,True,10,1,1,2026-06-01T15:00:32.964813+00:00,b007716,True,reference-machine,48,500,300,none,0,,,,,,,,,,,,,,,,,,192078.4108801745,551391232,771510272,220119040,172858868,,,,,,,,,0.8917999863624573,0.10000000149011612,0.8999999761581421,1.0,1.0,0.14061564207077026,0.0,0.462,1000,961.4924288532271,,,,,,,,,,,,1040.0497913360596,498.5170172960973,500.0,13.407284267795074,12.0,26.670096836187668,23.0,96,27.067471239279612,23.0,143
yi-128-ip,hnsw-hnswlib,True,True,10,1,1,2026-06-01T15:00:34.351372+00:00,b007716,True,reference-machine,48,500,400,none,0,,,,,,,,,,,,,,,,,,192078.4108801745,551391232,771510272,220119040,172858868,,,,,,,,,0.9167999625205994,0.20000000298023224,1.0,1.0,1.0,0.11737870424985886,0.0,0.53,1000,733.5325655059713,,,,,,,,,,,,1363.2659912109375,498.5170172960973,500.0,13.407284267795074,12.0,26.670096836187668,23.0,96,27.067471239279612,23.0,143
yi-128-ip,hnsw-hnswlib,True,True,10,1,1,2026-06-01T15:00:36.044696+00:00,b007716,True,reference-machine,48,500,500,none,0,,,,,,,,,,,,,,,,,,192078.4108801745,551391232,771510272,220119040,172858868,,,,,,,,,0.9291999340057373,0.20000000298023224,1.0,1.0,1.0,0.10755166411399841,0.0,0.579,1000,598.9255819645363,,,,,,,,,,,,1669.65651512146,498.5170172960973,500.0,13.407284267795074,12.0,26.670096836187668,23.0,96,27.067471239279612,23.0,143
yi-128-ip,hnsw-hnswlib,True,True,10,1,1,2026-06-01T15:00:38.033923+00:00,b007716,True,reference-machine,48,500,600,none,0,,,,,,,,,,,,,,,,,,192078.4108801745,551391232,771510272,220119040,172858868,,,,,,,,,0.9408000111579895,0.20000000298023224,1.0,1.0,1.0,0.09557908028364182,0.0,0.62,1000,508.7920388672446,,,,,,,,,,,,1965.4395580291748,498.5170172960973,500.0,13.407284267795074,12.0,26.670096836187668,23.0,96,27.067471239279612,23.0,143
yi-128-ip,hnsw-hnswlib,True,True,10,1,1,2026-06-01T15:00:40.637153+00:00,b007716,True,reference-machine,48,500,800,none,0,,,,,,,,,,,,,,,,,,192078.4108801745,551391232,771510272,220119040,172858868,,,,,,,,,0.9564999938011169,0.20000000298023224,1.0,1.0,1.0,0.07859866321086884,0.0,0.688,1000,387.5657873885402,,,,,,,,,,,,2580.207109451294,498.5170172960973,500.0,13.407284267795074,12.0,26.670096836187668,23.0,96,27.067471239279612,23.0,143
yi-128-ip,hnsw-hnswlib,True,True,10,1,1,2026-06-01T15:00:43.788879+00:00,b007716,True,reference-machine,48,500,1000,none,0,,,,,,,,,,,,,,,,,,192078.4108801745,551391232,771510272,220119040,172858868,,,,,,,,,0.9667999148368835,0.4000000059604645,1.0,1.0,1.0,0.0669160708785057,0.0,0.749,1000,319.6076106513518,,,,,,,,,,,,3128.8366317749023,498.5170172960973,500.0,13.407284267795074,12.0,26.670096836187668,23.0,96,27.067471239279612,23.0,143
llama-128-ip,hnsw-hnswlib,True,True,10,1,1,2026-06-01T15:08:31.769491+00:00,b007716,True,reference-machine,48,500,10,none,0,,,,,,,,,,,,,,,,,,460609.8461612128,725168128,1014788096,289619968,236425376,,,,,,,,,0.23579999804496765,0.0,0.20000000298023224,0.6000000238418579,0.800000011920929,0.20702260732650757,0.22,0.001,1000,12068.098966200838,,,,,,,,,,,,82.86309242248535,498.8705344895906,500.0,21.97786676623891,20.0,42.12280428614243,39.0,96,42.6348760903157,39.0,143
llama-128-ip,hnsw-hnswlib,True,True,10,1,1,2026-06-01T15:08:31.938088+00:00,b007716,True,reference-machine,48,500,20,none,0,,,,,,,,,,,,,,,,,,460609.8461612128,725168128,1014788096,289619968,236425376,,,,,,,,,0.3402999937534332,0.0,0.30000001192092896,0.699999988079071,0.8999999761581421,0.23079408705234528,0.113,0.007,1000,7014.0856847101,,,,,,,,,,,,142.57025718688965,498.8705344895906,500.0,21.97786676623891,20.0,42.12280428614243,39.0,96,42.6348760903157,39.0,143
llama-128-ip,hnsw-hnswlib,True,True,10,1,1,2026-06-01T15:08:32.157607+00:00,b007716,True,reference-machine,48,500,30,none,0,,,,,,,,,,,,,,,,,,460609.8461612128,725168128,1014788096,289619968,236425376,,,,,,,,,0.41499999165534973,0.0,0.4000000059604645,0.800000011920929,1.0,0.24546892940998077,0.079,0.011,1000,5124.084505837784,,,,,,,,,,,,195.15681266784668,498.8705344895906,500.0,21.97786676623891,20.0,42.12280428614243,39.0,96,42.6348760903157,39.0,143
llama-128-ip,hnsw-hnswlib,True,True,10,1,1,2026-06-01T15:08:32.430419+00:00,b007716,True,reference-machine,48,500,40,none,0,,,,,,,,,,,,,,,,,,460609.8461612128,725168128,1014788096,289619968,236425376,,,,,,,,,0.4790000021457672,0.0,0.5,0.8999999761581421,1.0,0.2497178465127945,0.05,0.02,1000,4024.552404145545,,,,,,,,,,,,248.4748363494873,498.8705344895906,500.0,21.97786676623891,20.0,42.12280428614243,39.0,96,42.6348760903157,39.0,143
llama-128-ip,hnsw-hnswlib,True,True,10,1,1,2026-06-01T15:08:32.745768+00:00,b007716,True,reference-machine,48,500,50,none,0,,,,,,,,,,,,,,,,,,460609.8461612128,725168128,1014788096,289619968,236425376,,,,,,,,,0.527199923992157,0.0,0.5,0.8999999761581421,1.0,0.24984027445316315,0.041,0.031,1000,3430.707431924533,,,,,,,,,,,,291.485071182251,498.8705344895906,500.0,21.97786676623891,20.0,42.12280428614243,39.0,96,42.6348760903157,39.0,143
llama-128-ip,hnsw-hnswlib,True,True,10,1,1,2026-06-01T15:08:33.113406+00:00,b007716,True,reference-machine,48,500,60,none,0,,,,,,,,,,,,,,,,,,460609.8461612128,725168128,1014788096,289619968,236425376,,,,,,,,,0.5674999952316284,0.0,0.6000000238418579,0.8999999761581421,1.0,0.24636101722717285,0.03,0.042,1000,2912.5088535518366,,,,,,,,,,,,343.34659576416016,498.8705344895906,500.0,21.97786676623891,20.0,42.12280428614243,39.0,96,42.6348760903157,39.0,143
llama-128-ip,hnsw-hnswlib,True,True,10,1,1,2026-06-01T15:08:33.580520+00:00,b007716,True,reference-machine,48,500,80,none,0,,,,,,,,,,,,,,,,,,460609.8461612128,725168128,1014788096,289619968,236425376,,,,,,,,,0.6205999851226807,0.0,0.699999988079071,1.0,1.0,0.24210667610168457,0.026,0.067,1000,2254.7451580787565,,,,,,,,,,,,443.5091018676758,498.8705344895906,500.0,21.97786676623891,20.0,42.12280428614243,39.0,96,42.6348760903157,39.0,143
llama-128-ip,hnsw-hnswlib,True,True,10,1,1,2026-06-01T15:08:34.142583+00:00,b007716,True,reference-machine,48,500,100,none,0,,,,,,,,,,,,,,,,,,460609.8461612128,725168128,1014788096,289619968,236425376,,,,,,,,,0.6626999974250793,0.0,0.699999988079071,1.0,1.0,0.23570895195007324,0.019,0.093,1000,1859.6158313928638,,,,,,,,,,,,537.745475769043,498.8705344895906,500.0,21.97786676623891,20.0,42.12280428614243,39.0,96,42.6348760903157,39.0,143
llama-128-ip,hnsw-hnswlib,True,True,10,1,1,2026-06-01T15:08:34.949269+00:00,b007716,True,reference-machine,48,500,150,none,0,,,,,,,,,,,,,,,,,,460609.8461612128,725168128,1014788096,289619968,236425376,,,,,,,,,0.739799976348877,0.0,0.800000011920929,1.0,1.0,0.21673938632011414,0.009,0.161,1000,1279.0046808056475,,,,,,,,,,,,781.857967376709,498.8705344895906,500.0,21.97786676623891,20.0,42.12280428614243,39.0,96,42.6348760903157,39.0,143
llama-128-ip,hnsw-hnswlib,True,True,10,1,1,2026-06-01T15:08:35.981707+00:00,b007716,True,reference-machine,48,500,200,none,0,,,,,,,,,,,,,,,,,,460609.8461612128,725168128,1014788096,289619968,236425376,,,,,,,,,0.7914999723434448,0.0,0.800000011920929,1.0,1.0,0.19291901588439941,0.006,0.216,1000,991.7197169098418,,,,,,,,,,,,1008.3494186401367,498.8705344895906,500.0,21.97786676623891,20.0,42.12280428614243,39.0,96,42.6348760903157,39.0,143
llama-128-ip,hnsw-hnswlib,True,True,10,1,1,2026-06-01T15:08:37.460136+00:00,b007716,True,reference-machine,48,500,300,none,0,,,,,,,,,,,,,,,,,,460609.8461612128,725168128,1014788096,289619968,236425376,,,,,,,,,0.8466999530792236,0.0,0.8999999761581421,1.0,1.0,0.1625088006258011,0.002,0.31,1000,687.767045884052,,,,,,,,,,,,1453.9806842803955,498.8705344895906,500.0,21.97786676623891,20.0,42.12280428614243,39.0,96,42.6348760903157,39.0,143
llama-128-ip,hnsw-hnswlib,True,True,10,1,1,2026-06-01T15:08:39.382614+00:00,b007716,True,reference-machine,48,500,400,none,0,,,,,,,,,,,,,,,,,,460609.8461612128,725168128,1014788096,289619968,236425376,,,,,,,,,0.8858000040054321,0.0,0.8999999761581421,1.0,1.0,0.13549302518367767,0.001,0.396,1000,526.9173836088813,,,,,,,,,,,,1897.8307247161865,498.8705344895906,500.0,21.97786676623891,20.0,42.12280428614243,39.0,96,42.6348760903157,39.0,143
llama-128-ip,hnsw-hnswlib,True,True,10,1,1,2026-06-01T15:08:41.702219+00:00,b007716,True,reference-machine,48,500,500,none,0,,,,,,,,,,,,,,,,,,460609.8461612128,725168128,1014788096,289619968,236425376,,,,,,,,,0.9085000157356262,0.30000001192092896,0.8999999761581421,1.0,1.0,0.11444540321826935,0.0,0.461,1000,435.62665035902836,,,,,,,,,,,,2295.543670654297,498.8705344895906,500.0,21.97786676623891,20.0,42.12280428614243,39.0,96,42.6348760903157,39.0,143
llama-128-ip,hnsw-hnswlib,True,True,10,1,1,2026-06-01T15:08:44.430299+00:00,b007716,True,reference-machine,48,500,600,none,0,,,,,,,,,,,,,,,,,,460609.8461612128,725168128,1014788096,289619968,236425376,,,,,,,,,0.9244999885559082,0.30000001192092896,1.0,1.0,1.0,0.1023217961192131,0.0,0.523,1000,369.9061446623299,,,,,,,,,,,,2703.388452529907,498.8705344895906,500.0,21.97786676623891,20.0,42.12280428614243,39.0,96,42.6348760903157,39.0,143
llama-128-ip,hnsw-hnswlib,True,True,10,1,1,2026-06-01T15:08:47.965425+00:00,b007716,True,reference-machine,48,500,800,none,0,,,,,,,,,,,,,,,,,,460609.8461612128,725168128,1014788096,289619968,236425376,,,,,,,,,0.9460999965667725,0.5,1.0,1.0,1.0,0.08249115198850632,0.0,0.622,1000,284.836283638075,,,,,,,,,,,,3510.788679122925,498.8705344895906,500.0,21.97786676623891,20.0,42.12280428614243,39.0,96,42.6348760903157,39.0,143
llama-128-ip,hnsw-hnswlib,True,True,10,1,1,2026-06-01T15:08:52.281862+00:00,b007716,True,reference-machine,48,500,1000,none,0,,,,,,,,,,,,,,,,,,460609.8461612128,725168128,1014788096,289619968,236425376,,,,,,,,,0.9580999612808228,0.5,1.0,1.0,1.0,0.07248716801404953,0.0,0.686,1000,232.97768392196667,,,,,,,,,,,,4292.256593704224,498.8705344895906,500.0,21.97786676623891,20.0,42.12280428614243,39.0,96,42.6348760903157,39.0,143
yi-128-ip,flatnav,False,False,10,1,1,2026-06-01T15:11:04.511486+00:00,b007716,True,reference-machine,48,500,10,none,0,,,,,,,,,,,,,,,,,,129164.00097217411,555560960,699650048,144089088,132992900,0.07930000126361847,0.0,0.0,0.4000000059604645,0.6000000238418579,0.1409308761358261,0.658,0.0,,,,,,,,,1000,28106.117361674183,35.57944297790527,,,,,,,,,,,,,,,,,,,,,
yi-128-ip,flatnav,False,False,10,1,1,2026-06-01T15:11:04.577113+00:00,b007716,True,reference-machine,48,500,20,none,0,,,,,,,,,,,,,,,,,,129164.00097217411,555560960,699650048,144089088,132992900,0.12570001184940338,0.0,0.0,0.5,0.699999988079071,0.17941436171531677,0.524,0.0,,,,,,,,,1000,21057.962937859917,47.48797416687012,,,,,,,,,,,,,,,,,,,,,
yi-128-ip,flatnav,False,False,10,1,1,2026-06-01T15:11:04.654810+00:00,b007716,True,reference-machine,48,500,30,none,0,,,,,,,,,,,,,,,,,,129164.00097217411,555560960,699650048,144089088,132992900,0.15309999883174896,0.0,0.10000000149011612,0.6000000238418579,0.800000011920929,0.1971050202846527,0.456,0.0,,,,,,,,,1000,16862.540454700786,59.30304527282715,,,,,,,,,,,,,,,,,,,,,
yi-128-ip,flatnav,False,False,10,1,1,2026-06-01T15:11:04.742263+00:00,b007716,True,reference-machine,48,500,40,none,0,,,,,,,,,,,,,,,,,,129164.00097217411,555560960,699650048,144089088,132992900,0.1743999868631363,0.0,0.10000000149011612,0.6000000238418579,0.800000011920929,0.21039164066314697,0.412,0.001,,,,,,,,,1000,14457.732982199732,69.1671371459961,,,,,,,,,,,,,,,,,,,,,
yi-128-ip,flatnav,False,False,10,1,1,2026-06-01T15:11:04.842746+00:00,b007716,True,reference-machine,48,500,50,none,0,,,,,,,,,,,,,,,,,,129164.00097217411,555560960,699650048,144089088,132992900,0.1917000114917755,0.0,0.10000000149011612,0.6000000238418579,0.8010000115633001,0.21656663715839386,0.364,0.002,,,,,,,,,1000,12111.169824178427,82.56840705871582,,,,,,,,,,,,,,,,,,,,,
yi-128-ip,flatnav,False,False,10,1,1,2026-06-01T15:11:04.952611+00:00,b007716,True,reference-machine,48,500,60,none,0,,,,,,,,,,,,,,,,,,129164.00097217411,555560960,699650048,144089088,132992900,0.20800000429153442,0.0,0.10000000149011612,0.699999988079071,0.8999999761581421,0.22350838780403137,0.334,0.004,,,,,,,,,1000,10844.383771317469,92.21363067626953,,,,,,,,,,,,,,,,,,,,,
yi-128-ip,flatnav,False,False,10,1,1,2026-06-01T15:11:05.082051+00:00,b007716,True,reference-machine,48,500,80,none,0,,,,,,,,,,,,,,,,,,129164.00097217411,555560960,699650048,144089088,132992900,0.23350000381469727,0.0,0.20000000298023224,0.699999988079071,0.8999999761581421,0.23149029910564423,0.279,0.004,,,,,,,,,1000,8970.641138337622,111.47475242614746,,,,,,,,,,,,,,,,,,,,,
yi-128-ip,flatnav,False,False,10,1,1,2026-06-01T15:11:05.228546+00:00,b007716,True,reference-machine,48,500,100,none,0,,,,,,,,,,,,,,,,,,129164.00097217411,555560960,699650048,144089088,132992900,0.2501000165939331,0.0,0.20000000298023224,0.699999988079071,0.8999999761581421,0.23622021079063416,0.25,0.005,,,,,,,,,1000,7786.6674587674415,128.42464447021484,,,,,,,,,,,,,,,,,,,,,
yi-128-ip,flatnav,False,False,10,1,1,2026-06-01T15:11:05.423084+00:00,b007716,True,reference-machine,48,500,150,none,0,,,,,,,,,,,,,,,,,,129164.00097217411,555560960,699650048,144089088,132992900,0.2784999907016754,0.0,0.20000000298023224,0.800000011920929,0.8999999761581421,0.24180105328559875,0.195,0.009,,,,,,,,,1000,5670.652780838531,176.3465404510498,,,,,,,,,,,,,,,,,,,,,
yi-128-ip,flatnav,False,False,10,1,1,2026-06-01T15:11:05.656259+00:00,b007716,True,reference-machine,48,500,200,none,0,,,,,,,,,,,,,,,,,,129164.00097217411,555560960,699650048,144089088,132992900,0.2953999638557434,0.0,0.20000000298023224,0.800000011920929,0.8999999761581421,0.24343138933181763,0.167,0.009,,,,,,,,,1000,4672.824603523861,214.003324508667,,,,,,,,,,,,,,,,,,,,,
yi-128-ip,flatnav,False,False,10,1,1,2026-06-01T15:11:05.974821+00:00,b007716,True,reference-machine,48,500,300,none,0,,,,,,,,,,,,,,,,,,129164.00097217411,555560960,699650048,144089088,132992900,0.32109999656677246,0.0,0.30000001192092896,0.800000011920929,0.8999999761581421,0.24516278505325317,0.131,0.009,,,,,,,,,1000,3331.3429326877636,300.17924308776855,,,,,,,,,,,,,,,,,,,,,
yi-128-ip,flatnav,False,False,10,1,1,2026-06-01T15:11:06.385413+00:00,b007716,True,reference-machine,48,500,400,none,0,,,,,,,,,,,,,,,,,,129164.00097217411,555560960,699650048,144089088,132992900,0.33590003848075867,0.0,0.30000001192092896,0.800000011920929,1.0,0.24605117738246918,0.114,0.011,,,,,,,,,1000,2547.817624954897,392.49277114868164,,,,,,,,,,,,,,,,,,,,,
yi-128-ip,flatnav,False,False,10,1,1,2026-06-01T15:11:06.869409+00:00,b007716,True,reference-machine,48,500,500,none,0,,,,,,,,,,,,,,,,,,129164.00097217411,555560960,699650048,144089088,132992900,0.34850001335144043,0.0,0.30000001192092896,0.800000011920929,1.0,0.24830977618694305,0.105,0.012,,,,,,,,,1000,2142.572392140997,466.72868728637695,,,,,,,,,,,,,,,,,,,,,
yi-128-ip,flatnav,False,False,10,1,1,2026-06-01T15:11:07.457109+00:00,b007716,True,reference-machine,48,500,600,none,0,,,,,,,,,,,,,,,,,,129164.00097217411,555560960,699650048,144089088,132992900,0.3569999933242798,0.0,0.30000001192092896,0.800000011920929,1.0,0.2461930215358734,0.094,0.012,,,,,,,,,1000,1756.0292667078638,569.4665908813477,,,,,,,,,,,,,,,,,,,,,
yi-128-ip,flatnav,False,False,10,1,1,2026-06-01T15:11:08.196251+00:00,b007716,True,reference-machine,48,500,800,none,0,,,,,,,,,,,,,,,,,,129164.00097217411,555560960,699650048,144089088,132992900,0.3711000084877014,0.0,0.30000001192092896,0.800000011920929,1.0,0.2466876357793808,0.081,0.014,,,,,,,,,1000,1387.6839896232318,720.6251621246338,,,,,,,,,,,,,,,,,,,,,
yi-128-ip,flatnav,False,False,10,1,1,2026-06-01T15:11:09.112278+00:00,b007716,True,reference-machine,48,500,1000,none,0,,,,,,,,,,,,,,,,,,129164.00097217411,555560960,699650048,144089088,132992900,0.38040000200271606,0.0,0.4000000059604645,0.800000011920929,1.0,0.24530763924121857,0.073,0.014,,,,,,,,,1000,1113.6596627666622,897.9403972625732,,,,,,,,,,,,,,,,,,,,,
llama-128-ip,flatnav,False,False,10,1,1,2026-06-01T15:14:07.869733+00:00,b007716,True,reference-machine,48,500,10,none,0,,,,,,,,,,,,,,,,,,174684.24376891926,727392256,921784320,194392064,181900124,0.023499999195337296,0.0,0.0,0.10000000149011612,0.30000001192092896,0.06616456806659698,0.841,0.0,,,,,,,,,1000,32385.947031117288,30.87759017944336,,,,,,,,,,,,,,,,,,,,,
llama-128-ip,flatnav,False,False,10,1,1,2026-06-01T15:14:07.926297+00:00,b007716,True,reference-machine,48,500,20,none,0,,,,,,,,,,,,,,,,,,174684.24376891926,727392256,921784320,194392064,181900124,0.0340999998152256,0.0,0.0,0.20000000298023224,0.4000000059604645,0.08165286481380463,0.786,0.0,,,,,,,,,1000,25568.632232185857,39.110422134399414,,,,,,,,,,,,,,,,,,,,,
llama-128-ip,flatnav,False,False,10,1,1,2026-06-01T15:14:07.991748+00:00,b007716,True,reference-machine,48,500,30,none,0,,,,,,,,,,,,,,,,,,174684.24376891926,727392256,921784320,194392064,181900124,0.040400002151727676,0.0,0.0,0.20000000298023224,0.4000000059604645,0.08959820866584778,0.749,0.0,,,,,,,,,1000,20829.359620589476,48.00915718078613,,,,,,,,,,,,,,,,,,,,,
llama-128-ip,flatnav,False,False,10,1,1,2026-06-01T15:14:08.064980+00:00,b007716,True,reference-machine,48,500,40,none,0,,,,,,,,,,,,,,,,,,174684.24376891926,727392256,921784320,194392064,181900124,0.045499999076128006,0.0,0.0,0.20000000298023224,0.4000000059604645,0.09591532498598099,0.723,0.0,,,,,,,,,1000,17992.8874475031,55.57751655578613,,,,,,,,,,,,,,,,,,,,,
llama-128-ip,flatnav,False,False,10,1,1,2026-06-01T15:14:08.147197+00:00,b007716,True,reference-machine,48,500,50,none,0,,,,,,,,,,,,,,,,,,174684.24376891926,727392256,921784320,194392064,181900124,0.05260000377893448,0.0,0.0,0.30000001192092896,0.5,0.10311760008335114,0.691,0.0,,,,,,,,,1000,15437.943523453372,64.77546691894531,,,,,,,,,,,,,,,,,,,,,
llama-128-ip,flatnav,False,False,10,1,1,2026-06-01T15:14:08.235594+00:00,b007716,True,reference-machine,48,500,60,none,0,,,,,,,,,,,,,,,,,,174684.24376891926,727392256,921784320,194392064,181900124,0.05700000002980232,0.0,0.0,0.30000001192092896,0.6000000238418579,0.10849423706531525,0.67,0.0,,,,,,,,,1000,14004.026617074058,71.40803337097168,,,,,,,,,,,,,,,,,,,,,
llama-128-ip,flatnav,False,False,10,1,1,2026-06-01T15:14:08.341769+00:00,b007716,True,reference-machine,48,500,80,none,0,,,,,,,,,,,,,,,,,,174684.24376891926,727392256,921784320,194392064,181900124,0.06520000100135803,0.0,0.0,0.30000001192092896,0.6000000238418579,0.1144069954752922,0.633,0.0,,,,,,,,,1000,11251.026709192502,88.88077735900879,,,,,,,,,,,,,,,,,,,,,
llama-128-ip,flatnav,False,False,10,1,1,2026-06-01T15:14:08.462718+00:00,b007716,True,reference-machine,48,500,100,none,0,,,,,,,,,,,,,,,,,,174684.24376891926,727392256,921784320,194392064,181900124,0.07190001010894775,0.0,0.0,0.30000001192092896,0.6000000238418579,0.11832324415445328,0.595,0.0,,,,,,,,,1000,9689.344341823793,103.20615768432617,,,,,,,,,,,,,,,,,,,,,
llama-128-ip,flatnav,False,False,10,1,1,2026-06-01T15:14:08.621915+00:00,b007716,True,reference-machine,48,500,150,none,0,,,,,,,,,,,,,,,,,,174684.24376891926,727392256,921784320,194392064,181900124,0.08460000902414322,0.0,0.0,0.30000001192092896,0.6000000238418579,0.12426922470331192,0.532,0.0,,,,,,,,,1000,7143.387055295073,139.98961448669434,,,,,,,,,,,,,,,,,,,,,
llama-128-ip,flatnav,False,False,10,1,1,2026-06-01T15:14:08.814625+00:00,b007716,True,reference-machine,48,500,200,none,0,,,,,,,,,,,,,,,,,,174684.24376891926,727392256,921784320,194392064,181900124,0.09549999982118607,0.0,0.10000000149011612,0.30000001192092896,0.6000000238418579,0.12810054421424866,0.481,0.0,,,,,,,,,1000,5733.550045999041,174.41201210021973,,,,,,,,,,,,,,,,,,,,,
llama-128-ip,flatnav,False,False,10,1,1,2026-06-01T15:14:09.088333+00:00,b007716,True,reference-machine,48,500,300,none,0,,,,,,,,,,,,,,,,,,174684.24376891926,727392256,921784320,194392064,181900124,0.11219999939203262,0.0,0.10000000149011612,0.4000000059604645,0.6000000238418579,0.13442900776863098,0.416,0.0,,,,,,,,,1000,3937.917974438249,253.94129753112793,,,,,,,,,,,,,,,,,,,,,
llama-128-ip,flatnav,False,False,10,1,1,2026-06-01T15:14:09.417835+00:00,b007716,True,reference-machine,48,500,400,none,0,,,,,,,,,,,,,,,,,,174684.24376891926,727392256,921784320,194392064,181900124,0.1259000152349472,0.0,0.10000000149011612,0.4000000059604645,0.6000000238418579,0.13667184114456177,0.359,0.0,,,,,,,,,1000,3205.348279332657,311.9785785675049,,,,,,,,,,,,,,,,,,,,,
llama-128-ip,flatnav,False,False,10,1,1,2026-06-01T15:14:09.809548+00:00,b007716,True,reference-machine,48,500,500,none,0,,,,,,,,,,,,,,,,,,174684.24376891926,727392256,921784320,194392064,181900124,0.13860000669956207,0.0,0.10000000149011612,0.4000000059604645,0.6000000238418579,0.14110293984413147,0.323,0.0,,,,,,,,,1000,2677.397610050046,373.49700927734375,,,,,,,,,,,,,,,,,,,,,
llama-128-ip,flatnav,False,False,10,1,1,2026-06-01T15:14:10.342401+00:00,b007716,True,reference-machine,48,500,600,none,0,,,,,,,,,,,,,,,,,,174684.24376891926,727392256,921784320,194392064,181900124,0.15239998698234558,0.0,0.10000000149011612,0.4000000059604645,0.6000000238418579,0.1432279348373413,0.279,0.0,,,,,,,,,1000,2246.915670163401,445.0545310974121,,,,,,,,,,,,,,,,,,,,,
llama-128-ip,flatnav,False,False,10,1,1,2026-06-01T15:14:10.943667+00:00,b007716,True,reference-machine,48,500,800,none,0,,,,,,,,,,,,,,,,,,174684.24376891926,727392256,921784320,194392064,181900124,0.17019999027252197,0.0,0.10000000149011612,0.4000000059604645,0.6000000238418579,0.14625991880893707,0.227,0.0,,,,,,,,,1000,1718.2918450961972,581.9733142852783,,,,,,,,,,,,,,,,,,,,,
llama-128-ip,flatnav,False,False,10,1,1,2026-06-01T15:14:11.665457+00:00,b007716,True,reference-machine,48,500,1000,none,0,,,,,,,,,,,,,,,,,,174684.24376891926,727392256,921784320,194392064,181900124,0.18540000915527344,0.0,0.20000000298023224,0.5,0.6000000238418579,0.14753590524196625,0.183,0.0,,,,,,,,,1000,1419.8030225327464,704.3230533599854,,,,,,,,,,,,,,,,,,,,,
yi-128-ip,flatnav,True,False,10,1,1,2026-06-01T15:16:57.675486+00:00,b007716,True,reference-machine,48,500,10,none,0,,,,,,,,,,,,,,,,,,162950.89189102873,557760512,699146240,141385728,133744272,,,,,,,,,0.2627999782562256,0.0,0.20000000298023224,0.800000011920929,0.9009999763965597,0.2586042582988739,0.275,0.01,1000,16456.188671398362,,,,,,,,,,,,60.767412185668945,,,,,,,,,,
yi-128-ip,flatnav,True,False,10,1,1,2026-06-01T15:16:57.793514+00:00,b007716,True,reference-machine,48,500,20,none,0,,,,,,,,,,,,,,,,,,162950.89189102873,557760512,699146240,141385728,133744272,,,,,,,,,0.38370001316070557,0.0,0.30000001192092896,0.8999999761581421,1.0,0.292411208152771,0.146,0.034,1000,10240.375013733414,,,,,,,,,,,,97.65267372131348,,,,,,,,,,
yi-128-ip,flatnav,True,False,10,1,1,2026-06-01T15:16:57.932531+00:00,b007716,True,reference-machine,48,500,30,none,0,,,,,,,,,,,,,,,,,,162950.89189102873,557760512,699146240,141385728,133744272,,,,,,,,,0.4641000032424927,0.0,0.5,1.0,1.0,0.3020946681499481,0.095,0.058,1000,8273.360093892083,,,,,,,,,,,,120.86987495422363,,,,,,,,,,
yi-128-ip,flatnav,True,False,10,1,1,2026-06-01T15:16:58.094628+00:00,b007716,True,reference-machine,48,500,40,none,0,,,,,,,,,,,,,,,,,,162950.89189102873,557760512,699146240,141385728,133744272,,,,,,,,,0.5245000123977661,0.0,0.6000000238418579,1.0,1.0,0.30064886808395386,0.067,0.079,1000,6956.0510272450465,,,,,,,,,,,,143.75972747802734,,,,,,,,,,
yi-128-ip,flatnav,True,False,10,1,1,2026-06-01T15:16:58.282069+00:00,b007716,True,reference-machine,48,500,50,none,0,,,,,,,,,,,,,,,,,,162950.89189102873,557760512,699146240,141385728,133744272,,,,,,,,,0.5658000111579895,0.0,0.6000000238418579,1.0,1.0,0.29908251762390137,0.056,0.103,1000,5906.380653710372,,,,,,,,,,,,169.30842399597168,,,,,,,,,,
yi-128-ip,flatnav,True,False,10,1,1,2026-06-01T15:16:58.493603+00:00,b007716,True,reference-machine,48,500,60,none,0,,,,,,,,,,,,,,,,,,162950.89189102873,557760512,699146240,141385728,133744272,,,,,,,,,0.6053000688552856,0.0,0.6000000238418579,1.0,1.0,0.29165375232696533,0.044,0.124,1000,5173.41398373342,,,,,,,,,,,,193.29595565795898,,,,,,,,,,
yi-128-ip,flatnav,True,False,10,1,1,2026-06-01T15:16:58.751615+00:00,b007716,True,reference-machine,48,500,80,none,0,,,,,,,,,,,,,,,,,,162950.89189102873,557760512,699146240,141385728,133744272,,,,,,,,,0.6665999889373779,0.0,0.699999988079071,1.0,1.0,0.27597904205322266,0.03,0.169,1000,4164.585517745369,,,,,,,,,,,,240.11993408203125,,,,,,,,,,
yi-128-ip,flatnav,True,False,10,1,1,2026-06-01T15:16:59.056696+00:00,b007716,True,reference-machine,48,500,100,none,0,,,,,,,,,,,,,,,,,,162950.89189102873,557760512,699146240,141385728,133744272,,,,,,,,,0.7085999846458435,0.0,0.800000011920929,1.0,1.0,0.26284223794937134,0.022,0.203,1000,3488.932550529291,,,,,,,,,,,,286.6206169128418,,,,,,,,,,
yi-128-ip,flatnav,True,False,10,1,1,2026-06-01T15:16:59.473690+00:00,b007716,True,reference-machine,48,500,150,none,0,,,,,,,,,,,,,,,,,,162950.89189102873,557760512,699146240,141385728,133744272,,,,,,,,,0.7854000329971313,0.0,0.800000011920929,1.0,1.0,0.22317446768283844,0.009,0.291,1000,2507.194960628415,,,,,,,,,,,,398.8521099090576,,,,,,,,,,
yi-128-ip,flatnav,True,False,10,1,1,2026-06-01T15:16:59.991989+00:00,b007716,True,reference-machine,48,500,200,none,0,,,,,,,,,,,,,,,,,,162950.89189102873,557760512,699146240,141385728,133744272,,,,,,,,,0.8253999948501587,0.0,0.8999999761581421,1.0,1.0,0.19983702898025513,0.007,0.345,1000,1998.7867090794286,,,,,,,,,,,,500.3035068511963,,,,,,,,,,
yi-128-ip,flatnav,True,False,10,1,1,2026-06-01T15:17:00.724352+00:00,b007716,True,reference-machine,48,500,300,none,0,,,,,,,,,,,,,,,,,,162950.89189102873,557760512,699146240,141385728,133744272,,,,,,,,,0.8783000111579895,0.0,0.8999999761581421,1.0,1.0,0.1567772626876831,0.001,0.438,1000,1400.4699949180715,,,,,,,,,,,,714.0460014343262,,,,,,,,,,
yi-128-ip,flatnav,True,False,10,1,1,2026-06-01T15:17:01.673186+00:00,b007716,True,reference-machine,48,500,400,none,0,,,,,,,,,,,,,,,,,,162950.89189102873,557760512,699146240,141385728,133744272,,,,,,,,,0.9075999855995178,0.0,1.0,1.0,1.0,0.13123352825641632,0.001,0.512,1000,1074.6053596733477,,,,,,,,,,,,930.5741786956787,,,,,,,,,,
yi-128-ip,flatnav,True,False,10,1,1,2026-06-01T15:17:02.836174+00:00,b007716,True,reference-machine,48,500,500,none,0,,,,,,,,,,,,,,,,,,162950.89189102873,557760512,699146240,141385728,133744272,,,,,,,,,0.9240999817848206,0.0,1.0,1.0,1.0,0.11691530793905258,0.001,0.568,1000,873.3013604107925,,,,,,,,,,,,1145.0800895690918,,,,,,,,,,
yi-128-ip,flatnav,True,False,10,1,1,2026-06-01T15:17:04.200251+00:00,b007716,True,reference-machine,48,500,600,none,0,,,,,,,,,,,,,,,,,,162950.89189102873,557760512,699146240,141385728,133744272,,,,,,,,,0.9365999698638916,0.0,1.0,1.0,1.0,0.10305552184581757,0.001,0.606,1000,742.7603820422978,,,,,,,,,,,,1346.3292121887207,,,,,,,,,,
yi-128-ip,flatnav,True,False,10,1,1,2026-06-01T15:17:05.973434+00:00,b007716,True,reference-machine,48,500,800,none,0,,,,,,,,,,,,,,,,,,162950.89189102873,557760512,699146240,141385728,133744272,,,,,,,,,0.9544000029563904,0.4000000059604645,1.0,1.0,1.0,0.07912420481443405,0.0,0.679,1000,569.7379938526004,,,,,,,,,,,,1755.192756652832,,,,,,,,,,
yi-128-ip,flatnav,True,False,10,1,1,2026-06-01T15:17:08.156872+00:00,b007716,True,reference-machine,48,500,1000,none,0,,,,,,,,,,,,,,,,,,162950.89189102873,557760512,699146240,141385728,133744272,,,,,,,,,0.9650999903678894,0.4000000059604645,1.0,1.0,1.0,0.06864393502473831,0.0,0.738,1000,461.8589831117657,,,,,,,,,,,,2165.163040161133,,,,,,,,,,
llama-128-ip,flatnav,True,False,10,1,1,2026-06-01T15:22:50.477240+00:00,b007716,True,reference-machine,48,500,10,none,0,,,,,,,,,,,,,,,,,,338234.4284900464,727392256,922865664,195473408,182927808,,,,,,,,,0.20830000936985016,0.0,0.20000000298023224,0.6000000238418579,0.800000011920929,0.1998026818037033,0.268,0.001,1000,15407.320334425554,,,,,,,,,,,,64.90421295166016,,,,,,,,,,
llama-128-ip,flatnav,True,False,10,1,1,2026-06-01T15:22:50.596731+00:00,b007716,True,reference-machine,48,500,20,none,0,,,,,,,,,,,,,,,,,,338234.4284900464,727392256,922865664,195473408,182927808,,,,,,,,,0.3197000026702881,0.0,0.30000001192092896,0.699999988079071,0.8999999761581421,0.23482315242290497,0.144,0.008,1000,9953.567623111298,,,,,,,,,,,,100.46648979187012,,,,,,,,,,
llama-128-ip,flatnav,True,False,10,1,1,2026-06-01T15:22:50.755871+00:00,b007716,True,reference-machine,48,500,30,none,0,,,,,,,,,,,,,,,,,,338234.4284900464,727392256,922865664,195473408,182927808,,,,,,,,,0.3912000060081482,0.0,0.4000000059604645,0.800000011920929,0.8999999761581421,0.24860119819641113,0.101,0.009,1000,7067.411887017226,,,,,,,,,,,,141.4945125579834,,,,,,,,,,
llama-128-ip,flatnav,True,False,10,1,1,2026-06-01T15:22:50.940176+00:00,b007716,True,reference-machine,48,500,40,none,0,,,,,,,,,,,,,,,,,,338234.4284900464,727392256,922865664,195473408,182927808,,,,,,,,,0.4600999653339386,0.0,0.5,0.8999999761581421,1.0,0.25297823548316956,0.065,0.019,1000,6025.917901741844,,,,,,,,,,,,165.94982147216797,,,,,,,,,,
llama-128-ip,flatnav,True,False,10,1,1,2026-06-01T15:22:51.156788+00:00,b007716,True,reference-machine,48,500,50,none,0,,,,,,,,,,,,,,,,,,338234.4284900464,727392256,922865664,195473408,182927808,,,,,,,,,0.5022000074386597,0.0,0.5,0.8999999761581421,1.0,0.25572478771209717,0.051,0.028,1000,5040.128241178011,,,,,,,,,,,,198.40764999389648,,,,,,,,,,
llama-128-ip,flatnav,True,False,10,1,1,2026-06-01T15:22:51.400996+00:00,b007716,True,reference-machine,48,500,60,none,0,,,,,,,,,,,,,,,,,,338234.4284900464,727392256,922865664,195473408,182927808,,,,,,,,,0.5394999980926514,0.0,0.6000000238418579,0.8999999761581421,1.0,0.256104975938797,0.04,0.038,1000,4408.143017793145,,,,,,,,,,,,226.8528938293457,,,,,,,,,,
llama-128-ip,flatnav,True,False,10,1,1,2026-06-01T15:22:51.700610+00:00,b007716,True,reference-machine,48,500,80,none,0,,,,,,,,,,,,,,,,,,338234.4284900464,727392256,922865664,195473408,182927808,,,,,,,,,0.5989000201225281,0.0,0.6000000238418579,1.0,1.0,0.24965734779834747,0.028,0.063,1000,3544.306535788648,,,,,,,,,,,,282.14263916015625,,,,,,,,,,
llama-128-ip,flatnav,True,False,10,1,1,2026-06-01T15:22:52.065324+00:00,b007716,True,reference-machine,48,500,100,none,0,,,,,,,,,,,,,,,,,,338234.4284900464,727392256,922865664,195473408,182927808,,,,,,,,,0.6456999778747559,0.0,0.699999988079071,1.0,1.0,0.23891736567020416,0.017,0.085,1000,2878.7044160956916,,,,,,,,,,,,347.3784923553467,,,,,,,,,,
llama-128-ip,flatnav,True,False,10,1,1,2026-06-01T15:22:52.577057+00:00,b007716,True,reference-machine,48,500,150,none,0,,,,,,,,,,,,,,,,,,338234.4284900464,727392256,922865664,195473408,182927808,,,,,,,,,0.7264000177383423,0.0,0.800000011920929,1.0,1.0,0.2196429818868637,0.008,0.152,1000,2026.1545321173423,,,,,,,,,,,,493.5457706451416,,,,,,,,,,
llama-128-ip,flatnav,True,False,10,1,1,2026-06-01T15:22:53.238602+00:00,b007716,True,reference-machine,48,500,200,none,0,,,,,,,,,,,,,,,,,,338234.4284900464,727392256,922865664,195473408,182927808,,,,,,,,,0.776699960231781,0.0,0.800000011920929,1.0,1.0,0.2018095701932907,0.005,0.209,1000,1552.213927982346,,,,,,,,,,,,644.2410945892334,,,,,,,,,,
llama-128-ip,flatnav,True,False,10,1,1,2026-06-01T15:22:54.192641+00:00,b007716,True,reference-machine,48,500,300,none,0,,,,,,,,,,,,,,,,,,338234.4284900464,727392256,922865664,195473408,182927808,,,,,,,,,0.8374000191688538,0.0,0.8999999761581421,1.0,1.0,0.17006245255470276,0.003,0.291,1000,1068.371862235359,,,,,,,,,,,,936.0036849975586,,,,,,,,,,
llama-128-ip,flatnav,True,False,10,1,1,2026-06-01T15:22:55.454687+00:00,b007716,True,reference-machine,48,500,400,none,0,,,,,,,,,,,,,,,,,,338234.4284900464,727392256,922865664,195473408,182927808,,,,,,,,,0.8784999847412109,0.10000000149011612,0.8999999761581421,1.0,1.0,0.13931170105934143,0.0,0.377,1000,804.0394591050773,,,,,,,,,,,,1243.7200546264648,,,,,,,,,,
llama-128-ip,flatnav,True,False,10,1,1,2026-06-01T15:22:56.975512+00:00,b007716,True,reference-machine,48,500,500,none,0,,,,,,,,,,,,,,,,,,338234.4284900464,727392256,922865664,195473408,182927808,,,,,,,,,0.9013999700546265,0.20000000298023224,0.8999999761581421,1.0,1.0,0.12254811078310013,0.0,0.444,1000,665.728090895614,,,,,,,,,,,,1502.1147727966309,,,,,,,,,,
llama-128-ip,flatnav,True,False,10,1,1,2026-06-01T15:22:58.764036+00:00,b007716,True,reference-machine,48,500,600,none,0,,,,,,,,,,,,,,,,,,338234.4284900464,727392256,922865664,195473408,182927808,,,,,,,,,0.9185000061988831,0.30000001192092896,1.0,1.0,1.0,0.10976224392652512,0.0,0.509,1000,564.8425665964952,,,,,,,,,,,,1770.4048156738281,,,,,,,,,,
llama-128-ip,flatnav,True,False,10,1,1,2026-06-01T15:23:01.104609+00:00,b007716,True,reference-machine,48,500,800,none,0,,,,,,,,,,,,,,,,,,338234.4284900464,727392256,922865664,195473408,182927808,,,,,,,,,0.9427999258041382,0.5,1.0,1.0,1.0,0.08466498553752899,0.0,0.608,1000,430.623378156739,,,,,,,,,,,,2322.2148418426514,,,,,,,,,,
llama-128-ip,flatnav,True,False,10,1,1,2026-06-01T15:23:03.989080+00:00,b007716,True,reference-machine,48,500,1000,none,0,,,,,,,,,,,,,,,,,,338234.4284900464,727392256,922865664,195473408,182927808,,,,,,,,,0.9548999667167664,0.5,1.0,1.0,1.0,0.07599993795156479,0.0,0.674,1000,348.8419519494643,,,,,,,,,,,,2866.6276931762695,,,,,,,,,,
yi-128-ip,nsg-faiss,False,False,10,1,1,2026-06-01T15:28:57.193673+00:00,b007716,True,reference-machine,,,,none,0,,,,,,,,,,,,,,48,500,500,10,350204.6688240953,557772800,1000669184,442896384,98519260,0.02590000070631504,0.0,0.0,0.20000000298023224,0.5,0.09088008105754852,0.881,0.0,,,,,,,,,1000,56922.08726335075,17.567873001098633,,,,,,,,,,,,,,,,,,,,,
yi-128-ip,nsg-faiss,False,False,10,1,1,2026-06-01T15:28:57.271344+00:00,b007716,True,reference-machine,,,,none,0,,,,,,,,,,,,,,48,500,500,20,350204.6688240953,557772800,1000669184,442896384,98519260,0.05270000547170639,0.0,0.0,0.30000001192092896,0.6000000238418579,0.13465774059295654,0.797,0.0,,,,,,,,,1000,27849.144799745034,35.907745361328125,,,,,,,,,,,,,,,,,,,,,
yi-128-ip,nsg-faiss,False,False,10,1,1,2026-06-01T15:28:57.338854+00:00,b007716,True,reference-machine,,,,none,0,,,,,,,,,,,,,,48,500,500,30,350204.6688240953,557772800,1000669184,442896384,98519260,0.07619999349117279,0.0,0.0,0.5,0.699999988079071,0.16165879368782043,0.726,0.001,,,,,,,,,1000,20415.30501486987,48.982858657836914,,,,,,,,,,,,,,,,,,,,,
yi-128-ip,nsg-faiss,False,False,10,1,1,2026-06-01T15:28:57.419757+00:00,b007716,True,reference-machine,,,,none,0,,,,,,,,,,,,,,48,500,500,40,350204.6688240953,557772800,1000669184,442896384,98519260,0.09269999712705612,0.0,0.0,0.5050000011920883,0.800000011920929,0.18208983540534973,0.686,0.002,,,,,,,,,1000,16189.410870127414,61.76877021789551,,,,,,,,,,,,,,,,,,,,,
yi-128-ip,nsg-faiss,False,False,10,1,1,2026-06-01T15:28:57.517916+00:00,b007716,True,reference-machine,,,,none,0,,,,,,,,,,,,,,48,500,500,50,350204.6688240953,557772800,1000669184,442896384,98519260,0.10480000078678131,0.0,0.0,0.6000000238418579,0.8010000115633001,0.1915123164653778,0.649,0.002,,,,,,,,,1000,12693.741053134921,78.77898216247559,,,,,,,,,,,,,,,,,,,,,
yi-128-ip,nsg-faiss,False,False,10,1,1,2026-06-01T15:28:57.629031+00:00,b007716,True,reference-machine,,,,none,0,,,,,,,,,,,,,,48,500,500,60,350204.6688240953,557772800,1000669184,442896384,98519260,0.1378999948501587,0.0,0.0,0.6000000238418579,0.8999999761581421,0.2137605845928192,0.558,0.002,,,,,,,,,1000,10892.99460324221,91.80212020874023,,,,,,,,,,,,,,,,,,,,,
yi-128-ip,nsg-faiss,False,False,10,1,1,2026-06-01T15:28:57.755184+00:00,b007716,True,reference-machine,,,,none,0,,,,,,,,,,,,,,48,500,500,80,350204.6688240953,557772800,1000669184,442896384,98519260,0.15649999678134918,0.0,0.0,0.699999988079071,0.8999999761581421,0.22851204872131348,0.517,0.005,,,,,,,,,1000,9280.850395303707,107.74874687194824,,,,,,,,,,,,,,,,,,,,,
yi-128-ip,nsg-faiss,False,False,10,1,1,2026-06-01T15:28:57.907783+00:00,b007716,True,reference-machine,,,,none,0,,,,,,,,,,,,,,48,500,500,100,350204.6688240953,557772800,1000669184,442896384,98519260,0.17240001261234283,0.0,0.10000000149011612,0.699999988079071,0.8999999761581421,0.23874303698539734,0.474,0.007,,,,,,,,,1000,7450.169721535895,134.22513008117676,,,,,,,,,,,,,,,,,,,,,
yi-128-ip,nsg-faiss,False,False,10,1,1,2026-06-01T15:28:58.113201+00:00,b007716,True,reference-machine,,,,none,0,,,,,,,,,,,,,,48,500,500,150,350204.6688240953,557772800,1000669184,442896384,98519260,0.22470001876354218,0.0,0.10000000149011612,0.800000011920929,1.0,0.2655181884765625,0.36,0.015,,,,,,,,,1000,5388.1859033485525,185.5912208557129,,,,,,,,,,,,,,,,,,,,,
yi-128-ip,nsg-faiss,False,False,10,1,1,2026-06-01T15:28:58.365967+00:00,b007716,True,reference-machine,,,,none,0,,,,,,,,,,,,,,48,500,500,200,350204.6688240953,557772800,1000669184,442896384,98519260,0.24639999866485596,0.0,0.10000000149011612,0.8999999761581421,1.0,0.27789753675460815,0.33,0.02,,,,,,,,,1000,4274.323612346743,233.95514488220215,,,,,,,,,,,,,,,,,,,,,
yi-128-ip,nsg-faiss,False,False,10,1,1,2026-06-01T15:28:58.733636+00:00,b007716,True,reference-machine,,,,none,0,,,,,,,,,,,,,,48,500,500,300,350204.6688240953,557772800,1000669184,442896384,98519260,0.2793999910354614,0.0,0.20000000298023224,0.8999999761581421,1.0,0.2926698327064514,0.277,0.029,,,,,,,,,1000,2867.0258505782167,348.79350662231445,,,,,,,,,,,,,,,,,,,,,
yi-128-ip,nsg-faiss,False,False,10,1,1,2026-06-01T15:28:59.216010+00:00,b007716,True,reference-machine,,,,none,0,,,,,,,,,,,,,,48,500,500,400,350204.6688240953,557772800,1000669184,442896384,98519260,0.3162999749183655,0.0,0.20000000298023224,0.8999999761581421,1.0,0.29974040389060974,0.219,0.043,,,,,,,,,1000,2154.1132157644597,464.22815322875977,,,,,,,,,,,,,,,,,,,,,
yi-128-ip,nsg-faiss,False,False,10,1,1,2026-06-01T15:28:59.829618+00:00,b007716,True,reference-machine,,,,none,0,,,,,,,,,,,,,,48,500,500,500,350204.6688240953,557772800,1000669184,442896384,98519260,0.33559998869895935,0.0,0.20000000298023224,1.0,1.0,0.3056020736694336,0.205,0.054,,,,,,,,,1000,1681.7665849902185,594.6128368377686,,,,,,,,,,,,,,,,,,,,,
yi-128-ip,nsg-faiss,False,False,10,1,1,2026-06-01T15:29:00.582042+00:00,b007716,True,reference-machine,,,,none,0,,,,,,,,,,,,,,48,500,500,600,350204.6688240953,557772800,1000669184,442896384,98519260,0.3547999858856201,0.0,0.30000001192092896,1.0,1.0,0.30759868025779724,0.183,0.061,,,,,,,,,1000,1363.8048242155683,733.2427501678467,,,,,,,,,,,,,,,,,,,,,
yi-128-ip,nsg-faiss,False,False,10,1,1,2026-06-01T15:29:01.642720+00:00,b007716,True,reference-machine,,,,none,0,,,,,,,,,,,,,,48,500,500,800,350204.6688240953,557772800,1000669184,442896384,98519260,0.3870999813079834,0.0,0.30000001192092896,1.0,1.0,0.31247973442077637,0.149,0.072,,,,,,,,,1000,960.3982364208181,1041.2347316741943,,,,,,,,,,,,,,,,,,,,,
yi-128-ip,nsg-faiss,False,False,10,1,1,2026-06-01T15:29:03.034979+00:00,b007716,True,reference-machine,,,,none,0,,,,,,,,,,,,,,48,500,500,1000,350204.6688240953,557772800,1000669184,442896384,98519260,0.4084000289440155,0.0,0.30000001192092896,1.0,1.0,0.3169375956058502,0.132,0.087,,,,,,,,,1000,729.0479521998914,1371.6518878936768,,,,,,,,,,,,,,,,,,,,,
llama-128-ip,nsg-faiss,False,False,10,1,1,2026-06-01T15:35:25.631774+00:00,b007716,True,reference-machine,,,,none,0,,,,,,,,,,,,,,48,500,500,10,378413.21927309036,831918080,1352011776,520093696,134635792,0.029600000008940697,0.0,0.0,0.20000000298023224,0.30000001192092896,0.07087904959917068,0.79,0.0,,,,,,,,,1000,36249.980553995076,27.58622169494629,,,,,,,,,,,,,,,,,,,,,
llama-128-ip,nsg-faiss,False,False,10,1,1,2026-06-01T15:35:25.730185+00:00,b007716,True,reference-machine,,,,none,0,,,,,,,,,,,,,,48,500,500,20,378413.21927309036,831918080,1352011776,520093696,134635792,0.04100000113248825,0.0,0.0,0.20000000298023224,0.4000000059604645,0.08306021988391876,0.727,0.0,,,,,,,,,1000,21500.430592577402,46.51069641113281,,,,,,,,,,,,,,,,,,,,,
llama-128-ip,nsg-faiss,False,False,10,1,1,2026-06-01T15:35:25.811015+00:00,b007716,True,reference-machine,,,,none,0,,,,,,,,,,,,,,48,500,500,30,378413.21927309036,831918080,1352011776,520093696,134635792,0.05270000547170639,0.0,0.0,0.20000000298023224,0.5,0.09587862342596054,0.665,0.0,,,,,,,,,1000,16044.55733390458,62.32643127441406,,,,,,,,,,,,,,,,,,,,,
llama-128-ip,nsg-faiss,False,False,10,1,1,2026-06-01T15:35:25.909434+00:00,b007716,True,reference-machine,,,,none,0,,,,,,,,,,,,,,48,500,500,40,378413.21927309036,831918080,1352011776,520093696,134635792,0.06520000100135803,0.0,0.0,0.30000001192092896,0.5,0.10222015529870987,0.589,0.0,,,,,,,,,1000,12623.445884735887,79.21767234802246,,,,,,,,,,,,,,,,,,,,,
llama-128-ip,nsg-faiss,False,False,10,1,1,2026-06-01T15:35:26.022405+00:00,b007716,True,reference-machine,,,,none,0,,,,,,,,,,,,,,48,500,500,50,378413.21927309036,831918080,1352011776,520093696,134635792,0.07150000333786011,0.0,0.0,0.30000001192092896,0.5,0.10391222685575485,0.548,0.0,,,,,,,,,1000,10575.49305860224,94.5582389831543,,,,,,,,,,,,,,,,,,,,,
llama-128-ip,nsg-faiss,False,False,10,1,1,2026-06-01T15:35:26.151990+00:00,b007716,True,reference-machine,,,,none,0,,,,,,,,,,,,,,48,500,500,60,378413.21927309036,831918080,1352011776,520093696,134635792,0.07800000160932541,0.0,0.0,0.30000001192092896,0.5,0.10759182274341583,0.517,0.0,,,,,,,,,1000,9081.489308263253,110.11409759521484,,,,,,,,,,,,,,,,,,,,,
llama-128-ip,nsg-faiss,False,False,10,1,1,2026-06-01T15:35:26.309373+00:00,b007716,True,reference-machine,,,,none,0,,,,,,,,,,,,,,48,500,500,80,378413.21927309036,831918080,1352011776,520093696,134635792,0.08950000256299973,0.0,0.10000000149011612,0.30000001192092896,0.5,0.11592993885278702,0.477,0.0,,,,,,,,,1000,7211.924777201378,138.65923881530762,,,,,,,,,,,,,,,,,,,,,
llama-128-ip,nsg-faiss,False,False,10,1,1,2026-06-01T15:35:26.498489+00:00,b007716,True,reference-machine,,,,none,0,,,,,,,,,,,,,,48,500,500,100,378413.21927309036,831918080,1352011776,520093696,134635792,0.09880000352859497,0.0,0.10000000149011612,0.30000001192092896,0.5,0.11999400705099106,0.438,0.0,,,,,,,,,1000,5880.37102255521,170.0572967529297,,,,,,,,,,,,,,,,,,,,,
llama-128-ip,nsg-faiss,False,False,10,1,1,2026-06-01T15:35:26.773754+00:00,b007716,True,reference-machine,,,,none,0,,,,,,,,,,,,,,48,500,500,150,378413.21927309036,831918080,1352011776,520093696,134635792,0.11980000138282776,0.0,0.10000000149011612,0.4000000059604645,0.6000000238418579,0.1317116618156433,0.373,0.0,,,,,,,,,1000,3898.124500455399,256.5336227416992,,,,,,,,,,,,,,,,,,,,,
llama-128-ip,nsg-faiss,False,False,10,1,1,2026-06-01T15:35:27.103522+00:00,b007716,True,reference-machine,,,,none,0,,,,,,,,,,,,,,48,500,500,200,378413.21927309036,831918080,1352011776,520093696,134635792,0.14329999685287476,0.0,0.10000000149011612,0.4000000059604645,0.6000000238418579,0.14350996911525726,0.312,0.0,,,,,,,,,1000,3218.880273086156,310.6670379638672,,,,,,,,,,,,,,,,,,,,,
llama-128-ip,nsg-faiss,False,False,10,1,1,2026-06-01T15:35:27.583727+00:00,b007716,True,reference-machine,,,,none,0,,,,,,,,,,,,,,48,500,500,300,378413.21927309036,831918080,1352011776,520093696,134635792,0.16710001230239868,0.0,0.10000000149011612,0.5,0.6000000238418579,0.1542970985174179,0.264,0.0,,,,,,,,,1000,2170.862552540227,460.646390914917,,,,,,,,,,,,,,,,,,,,,
llama-128-ip,nsg-faiss,False,False,10,1,1,2026-06-01T15:35:28.228291+00:00,b007716,True,reference-machine,,,,none,0,,,,,,,,,,,,,,48,500,500,400,378413.21927309036,831918080,1352011776,520093696,134635792,0.18960000574588776,0.0,0.20000000298023224,0.5,0.699999988079071,0.1610957533121109,0.211,0.0,,,,,,,,,1000,1597.508767760237,625.9746551513672,,,,,,,,,,,,,,,,,,,,,
llama-128-ip,nsg-faiss,False,False,10,1,1,2026-06-01T15:35:29.037716+00:00,b007716,True,reference-machine,,,,none,0,,,,,,,,,,,,,,48,500,500,500,378413.21927309036,831918080,1352011776,520093696,134635792,0.20879998803138733,0.0,0.20000000298023224,0.5,0.699999988079071,0.1680552363395691,0.182,0.0,,,,,,,,,1000,1264.6682898515767,790.7211780548096,,,,,,,,,,,,,,,,,,,,,
llama-128-ip,nsg-faiss,False,False,10,1,1,2026-06-01T15:35:30.033439+00:00,b007716,True,reference-machine,,,,none,0,,,,,,,,,,,,,,48,500,500,600,378413.21927309036,831918080,1352011776,520093696,134635792,0.22599999606609344,0.0,0.20000000298023224,0.6000000238418579,0.699999988079071,0.17281202971935272,0.152,0.001,,,,,,,,,1000,1023.7043353933666,976.8445491790771,,,,,,,,,,,,,,,,,,,,,
llama-128-ip,nsg-faiss,False,False,10,1,1,2026-06-01T15:35:31.446011+00:00,b007716,True,reference-machine,,,,none,0,,,,,,,,,,,,,,48,500,500,800,378413.21927309036,831918080,1352011776,520093696,134635792,0.25949999690055847,0.0,0.20000000298023224,0.6000000238418579,0.800000011920929,0.1827286332845688,0.115,0.001,,,,,,,,,1000,717.0567994675632,1394.5896625518799,,,,,,,,,,,,,,,,,,,,,
llama-128-ip,nsg-faiss,False,False,10,1,1,2026-06-01T15:35:33.362388+00:00,b007716,True,reference-machine,,,,none,0,,,,,,,,,,,,,,48,500,500,1000,378413.21927309036,831918080,1352011776,520093696,134635792,0.287200003862381,0.0,0.30000001192092896,0.6000000238418579,0.800000011920929,0.18851037323474884,0.083,0.002,,,,,,,,,1000,543.8829468227622,1838.6309146881104,,,,,,,,,,,,,,,,,,,,,
yi-128-ip,nsg-faiss,True,False,10,1,1,2026-06-01T15:43:58.711333+00:00,b007716,True,reference-machine,,,,none,0,,,,,,,,,,,,,,48,500,500,10,502006.8498151377,654176256,1081942016,427765760,112917476,,,,,,,,,0.11220000684261322,0.0,0.0,0.5,0.8999999761581421,0.1942451000213623,0.605,0.007,1000,15568.421482419055,,,,,,,,,,,,64.23258781433105,,,,,,,,,,
yi-128-ip,nsg-faiss,True,False,10,1,1,2026-06-01T15:43:58.855397+00:00,b007716,True,reference-machine,,,,none,0,,,,,,,,,,,,,,48,500,500,20,502006.8498151377,654176256,1081942016,427765760,112917476,,,,,,,,,0.21040000021457672,0.0,0.10000000149011612,0.800000011920929,1.0,0.2680519223213196,0.424,0.02,1000,10135.698319297271,,,,,,,,,,,,98.66118431091309,,,,,,,,,,
yi-128-ip,nsg-faiss,True,False,10,1,1,2026-06-01T15:43:59.003056+00:00,b007716,True,reference-machine,,,,none,0,,,,,,,,,,,,,,48,500,500,30,502006.8498151377,654176256,1081942016,427765760,112917476,,,,,,,,,0.27309998869895935,0.0,0.10000000149011612,0.8999999761581421,1.0,0.30621299147605896,0.353,0.036,1000,7731.692480119156,,,,,,,,,,,,129.33778762817383,,,,,,,,,,
yi-128-ip,nsg-faiss,True,False,10,1,1,2026-06-01T15:43:59.170930+00:00,b007716,True,reference-machine,,,,none,0,,,,,,,,,,,,,,48,500,500,40,502006.8498151377,654176256,1081942016,427765760,112917476,,,,,,,,,0.3513999581336975,0.0,0.30000001192092896,1.0,1.0,0.3261871337890625,0.253,0.057,1000,6717.4641408867565,,,,,,,,,,,,148.8656997680664,,,,,,,,,,
yi-128-ip,nsg-faiss,True,False,10,1,1,2026-06-01T15:43:59.355170+00:00,b007716,True,reference-machine,,,,none,0,,,,,,,,,,,,,,48,500,500,50,502006.8498151377,654176256,1081942016,427765760,112917476,,,,,,,,,0.39729997515678406,0.0,0.30000001192092896,1.0,1.0,0.33076077699661255,0.202,0.073,1000,6053.784423532129,,,,,,,,,,,,165.18592834472656,,,,,,,,,,
yi-128-ip,nsg-faiss,True,False,10,1,1,2026-06-01T15:43:59.560537+00:00,b007716,True,reference-machine,,,,none,0,,,,,,,,,,,,,,48,500,500,60,502006.8498151377,654176256,1081942016,427765760,112917476,,,,,,,,,0.44120001792907715,0.0,0.4000000059604645,1.0,1.0,0.3346080780029297,0.167,0.083,1000,5363.786451346412,,,,,,,,,,,,186.43546104431152,,,,,,,,,,
yi-128-ip,nsg-faiss,True,False,10,1,1,2026-06-01T15:43:59.801841+00:00,b007716,True,reference-machine,,,,none,0,,,,,,,,,,,,,,48,500,500,80,502006.8498151377,654176256,1081942016,427765760,112917476,,,,,,,,,0.4678000211715698,0.0,0.5,1.0,1.0,0.33175769448280334,0.16,0.077,1000,4491.261734632143,,,,,,,,,,,,222.6545810699463,,,,,,,,,,
yi-128-ip,nsg-faiss,True,False,10,1,1,2026-06-01T15:44:00.090986+00:00,b007716,True,reference-machine,,,,none,0,,,,,,,,,,,,,,48,500,500,100,502006.8498151377,654176256,1081942016,427765760,112917476,,,,,,,,,0.4948999881744385,0.0,0.5,1.0,1.0,0.33520737290382385,0.144,0.095,1000,3702.360282220514,,,,,,,,,,,,270.0979709625244,,,,,,,,,,
yi-128-ip,nsg-faiss,True,False,10,1,1,2026-06-01T15:44:00.445832+00:00,b007716,True,reference-machine,,,,none,0,,,,,,,,,,,,,,48,500,500,150,502006.8498151377,654176256,1081942016,427765760,112917476,,,,,,,,,0.65420001745224,0.0,0.699999988079071,1.0,1.0,0.30073633790016174,0.051,0.203,1000,2975.7114691386314,,,,,,,,,,,,336.05408668518066,,,,,,,,,,
yi-128-ip,nsg-faiss,True,False,10,1,1,2026-06-01T15:44:00.898855+00:00,b007716,True,reference-machine,,,,none,0,,,,,,,,,,,,,,48,500,500,200,502006.8498151377,654176256,1081942016,427765760,112917476,,,,,,,,,0.6948000192642212,0.0,0.800000011920929,1.0,1.0,0.28665825724601746,0.045,0.229,1000,2308.0132439762965,,,,,,,,,,,,433.2730770111084,,,,,,,,,,
yi-128-ip,nsg-faiss,True,False,10,1,1,2026-06-01T15:44:01.624047+00:00,b007716,True,reference-machine,,,,none,0,,,,,,,,,,,,,,48,500,500,300,502006.8498151377,654176256,1081942016,427765760,112917476,,,,,,,,,0.7684999704360962,0.0,0.800000011920929,1.0,1.0,0.2496352344751358,0.022,0.283,1000,1524.3600078211373,,,,,,,,,,,,656.013011932373,,,,,,,,,,
yi-128-ip,nsg-faiss,True,False,10,1,1,2026-06-01T15:44:02.517088+00:00,b007716,True,reference-machine,,,,none,0,,,,,,,,,,,,,,48,500,500,400,502006.8498151377,654176256,1081942016,427765760,112917476,,,,,,,,,0.8028000593185425,0.0,0.8999999761581421,1.0,1.0,0.23990030586719513,0.022,0.332,1000,1144.4075432655106,,,,,,,,,,,,873.814582824707,,,,,,,,,,
yi-128-ip,nsg-faiss,True,False,10,1,1,2026-06-01T15:44:03.654399+00:00,b007716,True,reference-machine,,,,none,0,,,,,,,,,,,,,,48,500,500,500,502006.8498151377,654176256,1081942016,427765760,112917476,,,,,,,,,0.843500018119812,0.0,0.8999999761581421,1.0,1.0,0.20769628882408142,0.013,0.402,1000,894.30521955798,,,,,,,,,,,,1118.1864738464355,,,,,,,,,,
yi-128-ip,nsg-faiss,True,False,10,1,1,2026-06-01T15:44:05.037097+00:00,b007716,True,reference-machine,,,,none,0,,,,,,,,,,,,,,48,500,500,600,502006.8498151377,654176256,1081942016,427765760,112917476,,,,,,,,,0.87909996509552,0.0,0.8999999761581421,1.0,1.0,0.1662924885749817,0.001,0.459,1000,733.4185370777051,,,,,,,,,,,,1363.4779453277588,,,,,,,,,,
yi-128-ip,nsg-faiss,True,False,10,1,1,2026-06-01T15:44:06.932068+00:00,b007716,True,reference-machine,,,,none,0,,,,,,,,,,,,,,48,500,500,800,502006.8498151377,654176256,1081942016,427765760,112917476,,,,,,,,,0.9129000306129456,0.10000000149011612,1.0,1.0,1.0,0.1268211007118225,0.0,0.53,1000,532.8670935985499,,,,,,,,,,,,1876.6405582427979,,,,,,,,,,
yi-128-ip,nsg-faiss,True,False,10,1,1,2026-06-01T15:44:09.454033+00:00,b007716,True,reference-machine,,,,none,0,,,,,,,,,,,,,,48,500,500,1000,502006.8498151377,654176256,1081942016,427765760,112917476,,,,,,,,,0.9307999014854431,0.10000000149011612,1.0,1.0,1.0,0.10673031210899353,0.0,0.581,1000,399.67738443547614,,,,,,,,,,,,2502.0179748535156,,,,,,,,,,
llama-128-ip,nsg-faiss,True,False,10,1,1,2026-06-01T16:00:18.697073+00:00,b007716,True,reference-machine,,,,none,0,,,,,,,,,,,,,,48,500,500,10,964560.5209972709,861384704,1426616320,565231616,169096912,,,,,,,,,0.2501000165939331,0.0,0.20000000298023224,0.699999988079071,0.800000011920929,0.21707138419151306,0.239,0.002,1000,14281.933675884215,,,,,,,,,,,,70.01852989196777,,,,,,,,,,
llama-128-ip,nsg-faiss,True,False,10,1,1,2026-06-01T16:00:18.871513+00:00,b007716,True,reference-machine,,,,none,0,,,,,,,,,,,,,,48,500,500,20,964560.5209972709,861384704,1426616320,565231616,169096912,,,,,,,,,0.3824999928474426,0.0,0.4000000059604645,0.800000011920929,1.0,0.24589377641677856,0.093,0.011,1000,8625.32131825828,,,,,,,,,,,,115.93770980834961,,,,,,,,,,
llama-128-ip,nsg-faiss,True,False,10,1,1,2026-06-01T16:00:19.045861+00:00,b007716,True,reference-machine,,,,none,0,,,,,,,,,,,,,,48,500,500,30,964560.5209972709,861384704,1426616320,565231616,169096912,,,,,,,,,0.4580000042915344,0.0,0.5,0.8999999761581421,1.0,0.25015196204185486,0.059,0.018,1000,6430.99903250685,,,,,,,,,,,,155.49683570861816,,,,,,,,,,
llama-128-ip,nsg-faiss,True,False,10,1,1,2026-06-01T16:00:19.254996+00:00,b007716,True,reference-machine,,,,none,0,,,,,,,,,,,,,,48,500,500,40,964560.5209972709,861384704,1426616320,565231616,169096912,,,,,,,,,0.5108999609947205,0.0,0.5,0.8999999761581421,1.0,0.2541479468345642,0.04,0.028,1000,5252.018512211248,,,,,,,,,,,,190.40298461914062,,,,,,,,,,
llama-128-ip,nsg-faiss,True,False,10,1,1,2026-06-01T16:00:19.507412+00:00,b007716,True,reference-machine,,,,none,0,,,,,,,,,,,,,,48,500,500,50,964560.5209972709,861384704,1426616320,565231616,169096912,,,,,,,,,0.5554999709129333,0.0,0.6000000238418579,0.8999999761581421,1.0,0.2529619336128235,0.035,0.045,1000,4282.06054888893,,,,,,,,,,,,233.53242874145508,,,,,,,,,,
llama-128-ip,nsg-faiss,True,False,10,1,1,2026-06-01T16:00:19.798353+00:00,b007716,True,reference-machine,,,,none,0,,,,,,,,,,,,,,48,500,500,60,964560.5209972709,861384704,1426616320,565231616,169096912,,,,,,,,,0.5949000120162964,0.0,0.6000000238418579,1.0,1.0,0.2525153160095215,0.027,0.069,1000,3685.56031130798,,,,,,,,,,,,271.3291645050049,,,,,,,,,,
llama-128-ip,nsg-faiss,True,False,10,1,1,2026-06-01T16:00:20.149666+00:00,b007716,True,reference-machine,,,,none,0,,,,,,,,,,,,,,48,500,500,80,964560.5209972709,861384704,1426616320,565231616,169096912,,,,,,,,,0.6548000574111938,0.0,0.699999988079071,1.0,1.0,0.2432631403207779,0.016,0.116,1000,3010.912870755488,,,,,,,,,,,,332.125186920166,,,,,,,,,,
llama-128-ip,nsg-faiss,True,False,10,1,1,2026-06-01T16:00:20.573886+00:00,b007716,True,reference-machine,,,,none,0,,,,,,,,,,,,,,48,500,500,100,964560.5209972709,861384704,1426616320,565231616,169096912,,,,,,,,,0.7026000022888184,0.0,0.699999988079071,1.0,1.0,0.23080995678901672,0.011,0.143,1000,2469.9182347901105,,,,,,,,,,,,404.87170219421387,,,,,,,,,,
llama-128-ip,nsg-faiss,True,False,10,1,1,2026-06-01T16:00:21.188537+00:00,b007716,True,reference-machine,,,,none,0,,,,,,,,,,,,,,48,500,500,150,964560.5209972709,861384704,1426616320,565231616,169096912,,,,,,,,,0.7684000134468079,0.0,0.800000011920929,1.0,1.0,0.21156899631023407,0.009,0.219,1000,1679.1555988814448,,,,,,,,,,,,595.5374240875244,,,,,,,,,,
llama-128-ip,nsg-faiss,True,False,10,1,1,2026-06-01T16:00:21.889015+00:00,b007716,True,reference-machine,,,,none,0,,,,,,,,,,,,,,48,500,500,200,964560.5209972709,861384704,1426616320,565231616,169096912,,,,,,,,,0.7929999232292175,0.0,0.8999999761581421,1.0,1.0,0.22434569895267487,0.012,0.286,1000,1466.7306376913361,,,,,,,,,,,,681.788444519043,,,,,,,,,,
llama-128-ip,nsg-faiss,True,False,10,1,1,2026-06-01T16:00:22.962785+00:00,b007716,True,reference-machine,,,,none,0,,,,,,,,,,,,,,48,500,500,300,964560.5209972709,861384704,1426616320,565231616,169096912,,,,,,,,,0.8647999167442322,0.0,0.8999999761581421,1.0,1.0,0.16799095273017883,0.002,0.399,1000,948.0032800253867,,,,,,,,,,,,1054.8486709594727,,,,,,,,,,
llama-128-ip,nsg-faiss,True,False,10,1,1,2026-06-01T16:00:24.437619+00:00,b007716,True,reference-machine,,,,none,0,,,,,,,,,,,,,,48,500,500,400,964560.5209972709,861384704,1426616320,565231616,169096912,,,,,,,,,0.9059000015258789,0.10000000149011612,1.0,1.0,1.0,0.13013526797294617,0.0,0.503,1000,686.9853715807184,,,,,,,,,,,,1455.6350708007812,,,,,,,,,,
llama-128-ip,nsg-faiss,True,False,10,1,1,2026-06-01T16:00:26.296232+00:00,b007716,True,reference-machine,,,,none,0,,,,,,,,,,,,,,48,500,500,500,964560.5209972709,861384704,1426616320,565231616,169096912,,,,,,,,,0.9282999038696289,0.20000000298023224,1.0,1.0,1.0,0.10482895374298096,0.0,0.56,1000,543.6152198637172,,,,,,,,,,,,1839.536428451538,,,,,,,,,,
llama-128-ip,nsg-faiss,True,False,10,1,1,2026-06-01T16:00:28.566136+00:00,b007716,True,reference-machine,,,,none,0,,,,,,,,,,,,,,48,500,500,600,964560.5209972709,861384704,1426616320,565231616,169096912,,,,,,,,,0.9452999234199524,0.30000001192092896,1.0,1.0,1.0,0.08728063851594925,0.0,0.632,1000,444.2039661340736,,,,,,,,,,,,2251.21808052063,,,,,,,,,,
llama-128-ip,nsg-faiss,True,False,10,1,1,2026-06-01T16:00:31.687422+00:00,b007716,True,reference-machine,,,,none,0,,,,,,,,,,,,,,48,500,500,800,964560.5209972709,861384704,1426616320,565231616,169096912,,,,,,,,,0.9624999761581421,0.5,1.0,1.0,1.0,0.06829165667295456,0.0,0.718,1000,322.2858414431704,,,,,,,,,,,,3102.8356552124023,,,,,,,,,,
llama-128-ip,nsg-faiss,True,False,10,1,1,2026-06-01T16:00:35.691790+00:00,b007716,True,reference-machine,,,,none,0,,,,,,,,,,,,,,48,500,500,1000,964560.5209972709,861384704,1426616320,565231616,169096912,,,,,,,,,0.972000002861023,0.6000000238418579,1.0,1.0,1.0,0.05617828667163849,0.0,0.768,1000,250.92446159695203,,,,,,,,,,,,3985.2631092071533,,,,,,,,,,
yi-128-ip,roargraph,False,False,10,1,1,2026-06-01T16:03:23.417254+00:00,b007716,True,reference-machine,,,,,,10,48,500,10,,,187843,10,database_objects,42,187843,187843,0,,,,,92849.20124523342,740999168,1050972160,309972992,1994800,0.035600002855062485,0.0,0.0,0.30000001192092896,0.5,0.09936115890741348,0.831,0.0,,,,,,,,,1000,60014.65201465201,16.66259765625,,,,,,,,,,,,,,,,,,,,,
yi-128-ip,roargraph,False,False,10,1,1,2026-06-01T16:03:23.475352+00:00,b007716,True,reference-machine,,,,,,10,48,500,20,,,187843,10,database_objects,42,187843,187843,0,,,,,92849.20124523342,740999168,1050972160,309972992,1994800,0.055400002747774124,0.0,0.0,0.30000001192092896,0.6000000238418579,0.12308874726295471,0.752,0.0,,,,,,,,,1000,36398.462246057985,27.47368812561035,,,,,,,,,,,,,,,,,,,,,
yi-128-ip,roargraph,False,False,10,1,1,2026-06-01T16:03:23.531186+00:00,b007716,True,reference-machine,,,,,,10,48,500,30,,,187843,10,database_objects,42,187843,187843,0,,,,,92849.20124523342,740999168,1050972160,309972992,1994800,0.07010000944137573,0.0,0.0,0.4000000059604645,0.699999988079071,0.1447618305683136,0.709,0.0,,,,,,,,,1000,26932.487446543466,37.129878997802734,,,,,,,,,,,,,,,,,,,,,
yi-128-ip,roargraph,False,False,10,1,1,2026-06-01T16:03:23.595782+00:00,b007716,True,reference-machine,,,,,,10,48,500,40,,,187843,10,database_objects,42,187843,187843,0,,,,,92849.20124523342,740999168,1050972160,309972992,1994800,0.08460000902414322,0.0,0.0,0.4000000059604645,0.699999988079071,0.15531529486179352,0.651,0.0,,,,,,,,,1000,21650.479022134125,46.1883544921875,,,,,,,,,,,,,,,,,,,,,
yi-128-ip,roargraph,False,False,10,1,1,2026-06-01T16:03:23.669092+00:00,b007716,True,reference-machine,,,,,,10,48,500,50,,,187843,10,database_objects,42,187843,187843,0,,,,,92849.20124523342,740999168,1050972160,309972992,1994800,0.0925000011920929,0.0,0.0,0.4050000056624367,0.699999988079071,0.16079100966453552,0.625,0.0,,,,,,,,,1000,18259.12672500109,54.76713180541992,,,,,,,,,,,,,,,,,,,,,
yi-128-ip,roargraph,False,False,10,1,1,2026-06-01T16:03:23.750919+00:00,b007716,True,reference-machine,,,,,,10,48,500,60,,,187843,10,database_objects,42,187843,187843,0,,,,,92849.20124523342,740999168,1050972160,309972992,1994800,0.09810000658035278,0.0,0.0,0.5,0.699999988079071,0.16384868323802948,0.602,0.0,,,,,,,,,1000,15844.602685907485,63.11297416687012,,,,,,,,,,,,,,,,,,,,,
yi-128-ip,roargraph,False,False,10,1,1,2026-06-01T16:03:23.849197+00:00,b007716,True,reference-machine,,,,,,10,48,500,80,,,187843,10,database_objects,42,187843,187843,0,,,,,92849.20124523342,740999168,1050972160,309972992,1994800,0.11360000818967819,0.0,0.0,0.5,0.699999988079071,0.17582672834396362,0.557,0.0,,,,,,,,,1000,12582.320630930346,79.47659492492676,,,,,,,,,,,,,,,,,,,,,
yi-128-ip,roargraph,False,False,10,1,1,2026-06-01T16:03:23.963013+00:00,b007716,True,reference-machine,,,,,,10,48,500,100,,,187843,10,database_objects,42,187843,187843,0,,,,,92849.20124523342,740999168,1050972160,309972992,1994800,0.1256999969482422,0.0,0.0,0.5,0.7009999883174887,0.1825089305639267,0.521,0.001,,,,,,,,,1000,10472.643014624184,95.48687934875488,,,,,,,,,,,,,,,,,,,,,
yi-128-ip,roargraph,False,False,10,1,1,2026-06-01T16:03:24.117470+00:00,b007716,True,reference-machine,,,,,,10,48,500,150,,,187843,10,database_objects,42,187843,187843,0,,,,,92849.20124523342,740999168,1050972160,309972992,1994800,0.14810000360012054,0.0,0.10000000149011612,0.6000000238418579,0.800000011920929,0.19502919912338257,0.461,0.001,,,,,,,,,1000,7369.145652185372,135.70094108581543,,,,,,,,,,,,,,,,,,,,,
yi-128-ip,roargraph,False,False,10,1,1,2026-06-01T16:03:24.314942+00:00,b007716,True,reference-machine,,,,,,10,48,500,200,,,187843,10,database_objects,42,187843,187843,0,,,,,92849.20124523342,740999168,1050972160,309972992,1994800,0.16710001230239868,0.0,0.10000000149011612,0.6000000238418579,0.800000011920929,0.20481111109256744,0.416,0.002,,,,,,,,,1000,5591.488329247337,178.84325981140137,,,,,,,,,,,,,,,,,,,,,
yi-128-ip,roargraph,False,False,10,1,1,2026-06-01T16:03:24.593878+00:00,b007716,True,reference-machine,,,,,,10,48,500,300,,,187843,10,database_objects,42,187843,187843,0,,,,,92849.20124523342,740999168,1050972160,309972992,1994800,0.19359999895095825,0.0,0.10000000149011612,0.6050000220537141,0.8999999761581421,0.2161921262741089,0.348,0.003,,,,,,,,,1000,3840.248453574267,260.39981842041016,,,,,,,,,,,,,,,,,,,,,
yi-128-ip,roargraph,False,False,10,1,1,2026-06-01T16:03:24.966297+00:00,b007716,True,reference-machine,,,,,,10,48,500,400,,,187843,10,database_objects,42,187843,187843,0,,,,,92849.20124523342,740999168,1050972160,309972992,1994800,0.2136000096797943,0.0,0.10000000149011612,0.699999988079071,0.8999999761581421,0.22292384505271912,0.299,0.004,,,,,,,,,1000,2833.0933191396234,352.97107696533203,,,,,,,,,,,,,,,,,,,,,
yi-128-ip,roargraph,False,False,10,1,1,2026-06-01T16:03:25.435739+00:00,b007716,True,reference-machine,,,,,,10,48,500,500,,,187843,10,database_objects,42,187843,187843,0,,,,,92849.20124523342,740999168,1050972160,309972992,1994800,0.2289000153541565,0.0,0.20000000298023224,0.699999988079071,0.8999999761581421,0.22911742329597473,0.274,0.004,,,,,,,,,1000,2217.514237799269,450.9553909301758,,,,,,,,,,,,,,,,,,,,,
yi-128-ip,roargraph,False,False,10,1,1,2026-06-01T16:03:26.013459+00:00,b007716,True,reference-machine,,,,,,10,48,500,600,,,187843,10,database_objects,42,187843,187843,0,,,,,92849.20124523342,740999168,1050972160,309972992,1994800,0.24329999089241028,0.0,0.20000000298023224,0.699999988079071,0.8999999761581421,0.23374155163764954,0.248,0.006,,,,,,,,,1000,1789.118562529939,558.9344501495361,,,,,,,,,,,,,,,,,,,,,
yi-128-ip,roargraph,False,False,10,1,1,2026-06-01T16:03:26.792548+00:00,b007716,True,reference-machine,,,,,,10,48,500,800,,,187843,10,database_objects,42,187843,187843,0,,,,,92849.20124523342,740999168,1050972160,309972992,1994800,0.2644999921321869,0.0,0.20000000298023224,0.699999988079071,0.8999999761581421,0.23855765163898468,0.211,0.006,,,,,,,,,1000,1315.831181746597,759.9759101867676,,,,,,,,,,,,,,,,,,,,,
yi-128-ip,roargraph,False,False,10,1,1,2026-06-01T16:03:27.808906+00:00,b007716,True,reference-machine,,,,,,10,48,500,1000,,,187843,10,database_objects,42,187843,187843,0,,,,,92849.20124523342,740999168,1050972160,309972992,1994800,0.2832000255584717,0.0,0.20000000298023224,0.800000011920929,0.8999999761581421,0.2424824833869934,0.182,0.006,,,,,,,,,1000,1002.3280811707414,997.6773262023926,,,,,,,,,,,,,,,,,,,,,
yi-128-ip,roargraph,False,False,10,1,1,2026-06-01T16:10:40.874323+00:00,b007716,True,reference-machine,,,,,,10,48,500,10,,,187843,100,database_objects,42,187843,187843,0,,,,,97497.11031420156,957718528,1203892224,246173696,1994800,0.035600002855062485,0.0,0.0,0.30000001192092896,0.5,0.09936115890741348,0.831,0.0,,,,,,,,,1000,58604.2196451027,17.063617706298828,,,,,,,,,,,,,,,,,,,,,
yi-128-ip,roargraph,False,False,10,1,1,2026-06-01T16:10:40.931281+00:00,b007716,True,reference-machine,,,,,,10,48,500,20,,,187843,100,database_objects,42,187843,187843,0,,,,,97497.11031420156,957718528,1203892224,246173696,1994800,0.055400002747774124,0.0,0.0,0.30000001192092896,0.6000000238418579,0.12308874726295471,0.752,0.0,,,,,,,,,1000,35074.41693217264,28.51080894470215,,,,,,,,,,,,,,,,,,,,,
yi-128-ip,roargraph,False,False,10,1,1,2026-06-01T16:10:40.987192+00:00,b007716,True,reference-machine,,,,,,10,48,500,30,,,187843,100,database_objects,42,187843,187843,0,,,,,97497.11031420156,957718528,1203892224,246173696,1994800,0.07010000944137573,0.0,0.0,0.4000000059604645,0.699999988079071,0.1447618305683136,0.709,0.0,,,,,,,,,1000,26608.876595528713,37.581443786621094,,,,,,,,,,,,,,,,,,,,,
yi-128-ip,roargraph,False,False,10,1,1,2026-06-01T16:10:41.052919+00:00,b007716,True,reference-machine,,,,,,10,48,500,40,,,187843,100,database_objects,42,187843,187843,0,,,,,97497.11031420156,957718528,1203892224,246173696,1994800,0.08460000902414322,0.0,0.0,0.4000000059604645,0.699999988079071,0.15531529486179352,0.651,0.0,,,,,,,,,1000,21340.49719652797,46.8592643737793,,,,,,,,,,,,,,,,,,,,,
yi-128-ip,roargraph,False,False,10,1,1,2026-06-01T16:10:41.126839+00:00,b007716,True,reference-machine,,,,,,10,48,500,50,,,187843,100,database_objects,42,187843,187843,0,,,,,97497.11031420156,957718528,1203892224,246173696,1994800,0.0925000011920929,0.0,0.0,0.4050000056624367,0.699999988079071,0.16079100966453552,0.625,0.0,,,,,,,,,1000,18286.352063060236,54.68559265136719,,,,,,,,,,,,,,,,,,,,,
yi-128-ip,roargraph,False,False,10,1,1,2026-06-01T16:10:41.208726+00:00,b007716,True,reference-machine,,,,,,10,48,500,60,,,187843,100,database_objects,42,187843,187843,0,,,,,97497.11031420156,957718528,1203892224,246173696,1994800,0.09810000658035278,0.0,0.0,0.5,0.699999988079071,0.16384868323802948,0.602,0.0,,,,,,,,,1000,15901.368616597794,62.88766860961914,,,,,,,,,,,,,,,,,,,,,
yi-128-ip,roargraph,False,False,10,1,1,2026-06-01T16:10:41.305780+00:00,b007716,True,reference-machine,,,,,,10,48,500,80,,,187843,100,database_objects,42,187843,187843,0,,,,,97497.11031420156,957718528,1203892224,246173696,1994800,0.11360000818967819,0.0,0.0,0.5,0.699999988079071,0.17582672834396362,0.557,0.0,,,,,,,,,1000,12746.436027800655,78.45330238342285,,,,,,,,,,,,,,,,,,,,,
yi-128-ip,roargraph,False,False,10,1,1,2026-06-01T16:10:41.420379+00:00,b007716,True,reference-machine,,,,,,10,48,500,100,,,187843,100,database_objects,42,187843,187843,0,,,,,97497.11031420156,957718528,1203892224,246173696,1994800,0.1256999969482422,0.0,0.0,0.5,0.7009999883174887,0.1825089305639267,0.521,0.001,,,,,,,,,1000,10502.590401117792,95.2146053314209,,,,,,,,,,,,,,,,,,,,,
yi-128-ip,roargraph,False,False,10,1,1,2026-06-01T16:10:41.575942+00:00,b007716,True,reference-machine,,,,,,10,48,500,150,,,187843,100,database_objects,42,187843,187843,0,,,,,97497.11031420156,957718528,1203892224,246173696,1994800,0.14810000360012054,0.0,0.10000000149011612,0.6000000238418579,0.800000011920929,0.19502919912338257,0.461,0.001,,,,,,,,,1000,7326.167228520026,136.49702072143555,,,,,,,,,,,,,,,,,,,,,
yi-128-ip,roargraph,False,False,10,1,1,2026-06-01T16:10:41.788513+00:00,b007716,True,reference-machine,,,,,,10,48,500,200,,,187843,100,database_objects,42,187843,187843,0,,,,,97497.11031420156,957718528,1203892224,246173696,1994800,0.16710001230239868,0.0,0.10000000149011612,0.6000000238418579,0.800000011920929,0.20481111109256744,0.416,0.002,,,,,,,,,1000,5178.012449044594,193.12429428100586,,,,,,,,,,,,,,,,,,,,,
yi-128-ip,roargraph,False,False,10,1,1,2026-06-01T16:10:42.074428+00:00,b007716,True,reference-machine,,,,,,10,48,500,300,,,187843,100,database_objects,42,187843,187843,0,,,,,97497.11031420156,957718528,1203892224,246173696,1994800,0.19359999895095825,0.0,0.10000000149011612,0.6050000220537141,0.8999999761581421,0.2161921262741089,0.348,0.003,,,,,,,,,1000,3757.077825173284,266.16430282592773,,,,,,,,,,,,,,,,,,,,,
yi-128-ip,roargraph,False,False,10,1,1,2026-06-01T16:10:42.449739+00:00,b007716,True,reference-machine,,,,,,10,48,500,400,,,187843,100,database_objects,42,187843,187843,0,,,,,97497.11031420156,957718528,1203892224,246173696,1994800,0.2136000096797943,0.0,0.10000000149011612,0.699999988079071,0.8999999761581421,0.22292384505271912,0.299,0.004,,,,,,,,,1000,2805.6239518971374,356.4269542694092,,,,,,,,,,,,,,,,,,,,,
yi-128-ip,roargraph,False,False,10,1,1,2026-06-01T16:10:42.936426+00:00,b007716,True,reference-machine,,,,,,10,48,500,500,,,187843,100,database_objects,42,187843,187843,0,,,,,97497.11031420156,957718528,1203892224,246173696,1994800,0.2289000153541565,0.0,0.20000000298023224,0.699999988079071,0.8999999761581421,0.22911742329597473,0.274,0.004,,,,,,,,,1000,2137.276153874768,467.88525581359863,,,,,,,,,,,,,,,,,,,,,
yi-128-ip,roargraph,False,False,10,1,1,2026-06-01T16:10:43.511427+00:00,b007716,True,reference-machine,,,,,,10,48,500,600,,,187843,100,database_objects,42,187843,187843,0,,,,,97497.11031420156,957718528,1203892224,246173696,1994800,0.24329999089241028,0.0,0.20000000298023224,0.699999988079071,0.8999999761581421,0.23374155163764954,0.248,0.006,,,,,,,,,1000,1800.016908804466,555.5503368377686,,,,,,,,,,,,,,,,,,,,,
yi-128-ip,roargraph,False,False,10,1,1,2026-06-01T16:10:44.293328+00:00,b007716,True,reference-machine,,,,,,10,48,500,800,,,187843,100,database_objects,42,187843,187843,0,,,,,97497.11031420156,957718528,1203892224,246173696,1994800,0.2644999921321869,0.0,0.20000000298023224,0.699999988079071,0.8999999761581421,0.23855765163898468,0.211,0.006,,,,,,,,,1000,1311.3211587937344,762.589693069458,,,,,,,,,,,,,,,,,,,,,
yi-128-ip,roargraph,False,False,10,1,1,2026-06-01T16:10:45.317279+00:00,b007716,True,reference-machine,,,,,,10,48,500,1000,,,187843,100,database_objects,42,187843,187843,0,,,,,97497.11031420156,957718528,1203892224,246173696,1994800,0.2832000255584717,0.0,0.20000000298023224,0.800000011920929,0.8999999761581421,0.2424824833869934,0.182,0.006,,,,,,,,,1000,995.3366848957808,1004.6851634979248,,,,,,,,,,,,,,,,,,,,,
llama-128-ip,roargraph,False,False,10,1,1,2026-06-01T16:22:17.872031+00:00,b007716,True,reference-machine,,,,,,10,48,500,10,,,256921,10,database_objects,42,256921,256921,0,,,,,146815.72641106322,1068974080,1445957632,376983552,2352316,0.04610000178217888,0.0,0.0,0.20000000298023224,0.4000000059604645,0.08743448555469513,0.703,0.0,,,,,,,,,1000,37122.005186437375,26.938199996948242,,,,,,,,,,,,,,,,,,,,,
llama-128-ip,roargraph,False,False,10,1,1,2026-06-01T16:22:17.935332+00:00,b007716,True,reference-machine,,,,,,10,48,500,20,,,256921,10,database_objects,42,256921,256921,0,,,,,146815.72641106322,1068974080,1445957632,376983552,2352316,0.06880000233650208,0.0,0.0,0.30000001192092896,0.40100000590085894,0.10053138434886932,0.566,0.0,,,,,,,,,1000,22102.38871879726,45.24397850036621,,,,,,,,,,,,,,,,,,,,,
llama-128-ip,roargraph,False,False,10,1,1,2026-06-01T16:22:18.010438+00:00,b007716,True,reference-machine,,,,,,10,48,500,30,,,256921,10,database_objects,42,256921,256921,0,,,,,146815.72641106322,1068974080,1445957632,376983552,2352316,0.08290000259876251,0.0,0.10000000149011612,0.30000001192092896,0.5,0.10815540701150894,0.499,0.0,,,,,,,,,1000,17464.47814391952,57.25908279418945,,,,,,,,,,,,,,,,,,,,,
llama-128-ip,roargraph,False,False,10,1,1,2026-06-01T16:22:18.099034+00:00,b007716,True,reference-machine,,,,,,10,48,500,40,,,256921,10,database_objects,42,256921,256921,0,,,,,146815.72641106322,1068974080,1445957632,376983552,2352316,0.09850000590085983,0.0,0.10000000149011612,0.30000001192092896,0.5,0.12036506831645966,0.44,0.0,,,,,,,,,1000,14238.831101816899,70.23048400878906,,,,,,,,,,,,,,,,,,,,,
llama-128-ip,roargraph,False,False,10,1,1,2026-06-01T16:22:18.198978+00:00,b007716,True,reference-machine,,,,,,10,48,500,50,,,256921,10,database_objects,42,256921,256921,0,,,,,146815.72641106322,1068974080,1445957632,376983552,2352316,0.10760000348091125,0.0,0.10000000149011612,0.30000001192092896,0.6000000238418579,0.12642088532447815,0.412,0.0,,,,,,,,,1000,12214.616872073248,81.86912536621094,,,,,,,,,,,,,,,,,,,,,
llama-128-ip,roargraph,False,False,10,1,1,2026-06-01T16:22:18.307729+00:00,b007716,True,reference-machine,,,,,,10,48,500,60,,,256921,10,database_objects,42,256921,256921,0,,,,,146815.72641106322,1068974080,1445957632,376983552,2352316,0.11800000071525574,0.0,0.10000000149011612,0.4000000059604645,0.6000000238418579,0.13159027695655823,0.378,0.0,,,,,,,,,1000,11097.715793122243,90.10863304138184,,,,,,,,,,,,,,,,,,,,,
llama-128-ip,roargraph,False,False,10,1,1,2026-06-01T16:22:18.436218+00:00,b007716,True,reference-machine,,,,,,10,48,500,80,,,256921,10,database_objects,42,256921,256921,0,,,,,146815.72641106322,1068974080,1445957632,376983552,2352316,0.1340000033378601,0.0,0.10000000149011612,0.4000000059604645,0.6000000238418579,0.1375645399093628,0.326,0.0,,,,,,,,,1000,9037.38370113724,110.65149307250977,,,,,,,,,,,,,,,,,,,,,
llama-128-ip,roargraph,False,False,10,1,1,2026-06-01T16:22:18.579261+00:00,b007716,True,reference-machine,,,,,,10,48,500,100,,,256921,10,database_objects,42,256921,256921,0,,,,,146815.72641106322,1068974080,1445957632,376983552,2352316,0.14380000531673431,0.0,0.10000000149011612,0.4000000059604645,0.6000000238418579,0.14086008071899414,0.299,0.0,,,,,,,,,1000,8021.204738172736,124.66955184936523,,,,,,,,,,,,,,,,,,,,,
llama-128-ip,roargraph,False,False,10,1,1,2026-06-01T16:22:18.776033+00:00,b007716,True,reference-machine,,,,,,10,48,500,150,,,256921,10,database_objects,42,256921,256921,0,,,,,146815.72641106322,1068974080,1445957632,376983552,2352316,0.16010001301765442,0.0,0.10000000149011612,0.4000000059604645,0.6000000238418579,0.14525148272514343,0.258,0.0,,,,,,,,,1000,5597.547613741157,178.6496639251709,,,,,,,,,,,,,,,,,,,,,
llama-128-ip,roargraph,False,False,10,1,1,2026-06-01T16:22:19.024029+00:00,b007716,True,reference-machine,,,,,,10,48,500,200,,,256921,10,database_objects,42,256921,256921,0,,,,,146815.72641106322,1068974080,1445957632,376983552,2352316,0.17260000109672546,0.0,0.20000000298023224,0.4000000059604645,0.6000000238418579,0.14889338612556458,0.236,0.0,,,,,,,,,1000,4686.614060610937,213.37366104125977,,,,,,,,,,,,,,,,,,,,,
llama-128-ip,roargraph,False,False,10,1,1,2026-06-01T16:22:19.338707+00:00,b007716,True,reference-machine,,,,,,10,48,500,300,,,256921,10,database_objects,42,256921,256921,0,,,,,146815.72641106322,1068974080,1445957632,376983552,2352316,0.1858000010251999,0.0,0.20000000298023224,0.5,0.6000000238418579,0.15171803534030914,0.201,0.0,,,,,,,,,1000,3391.6195709920294,294.844388961792,,,,,,,,,,,,,,,,,,,,,
llama-128-ip,roargraph,False,False,10,1,1,2026-06-01T16:22:19.739173+00:00,b007716,True,reference-machine,,,,,,10,48,500,400,,,256921,10,database_objects,42,256921,256921,0,,,,,146815.72641106322,1068974080,1445957632,376983552,2352316,0.19680002331733704,0.0,0.20000000298023224,0.5,0.6000000238418579,0.15313315391540527,0.181,0.0,,,,,,,,,1000,2624.302129509997,381.0536861419678,,,,,,,,,,,,,,,,,,,,,
llama-128-ip,roargraph,False,False,10,1,1,2026-06-01T16:22:20.232806+00:00,b007716,True,reference-machine,,,,,,10,48,500,500,,,256921,10,database_objects,42,256921,256921,0,,,,,146815.72641106322,1068974080,1445957632,376983552,2352316,0.20560000836849213,0.0,0.20000000298023224,0.5,0.6000000238418579,0.15655235946178436,0.172,0.0,,,,,,,,,1000,2107.812260507517,474.4255542755127,,,,,,,,,,,,,,,,,,,,,
llama-128-ip,roargraph,False,False,10,1,1,2026-06-01T16:22:20.818408+00:00,b007716,True,reference-machine,,,,,,10,48,500,600,,,256921,10,database_objects,42,256921,256921,0,,,,,146815.72641106322,1068974080,1445957632,376983552,2352316,0.21220000088214874,0.0,0.20000000298023224,0.5,0.6000000238418579,0.1580226570367813,0.159,0.0,,,,,,,,,1000,1763.7005929456247,566.9896602630615,,,,,,,,,,,,,,,,,,,,,
llama-128-ip,roargraph,False,False,10,1,1,2026-06-01T16:22:21.621914+00:00,b007716,True,reference-machine,,,,,,10,48,500,800,,,256921,10,database_objects,42,256921,256921,0,,,,,146815.72641106322,1068974080,1445957632,376983552,2352316,0.22349999845027924,0.0,0.20000000298023224,0.5,0.6000000238418579,0.16055451333522797,0.143,0.0,,,,,,,,,1000,1276.570541237027,783.348798751831,,,,,,,,,,,,,,,,,,,,,
llama-128-ip,roargraph,False,False,10,1,1,2026-06-01T16:22:22.652371+00:00,b007716,True,reference-machine,,,,,,10,48,500,1000,,,256921,10,database_objects,42,256921,256921,0,,,,,146815.72641106322,1068974080,1445957632,376983552,2352316,0.2313999980688095,0.0,0.20000000298023224,0.5,0.6010000234842291,0.16221602261066437,0.13,0.0,,,,,,,,,1000,988.6289977763353,1011.5017890930176,,,,,,,,,,,,,,,,,,,,,
llama-128-ip,roargraph,False,False,10,1,1,2026-06-01T16:34:53.873567+00:00,b007716,True,reference-machine,,,,,,10,48,500,10,,,256921,100,database_objects,42,256921,256921,0,,,,,148270.41820203885,1363783680,1685008384,321224704,2352316,0.04610000178217888,0.0,0.0,0.20000000298023224,0.4000000059604645,0.08743448555469513,0.703,0.0,,,,,,,,,1000,36707.13435552755,27.242660522460938,,,,,,,,,,,,,,,,,,,,,
llama-128-ip,roargraph,False,False,10,1,1,2026-06-01T16:34:53.937672+00:00,b007716,True,reference-machine,,,,,,10,48,500,20,,,256921,100,database_objects,42,256921,256921,0,,,,,148270.41820203885,1363783680,1685008384,321224704,2352316,0.06880000233650208,0.0,0.0,0.30000001192092896,0.40100000590085894,0.10053138434886932,0.566,0.0,,,,,,,,,1000,22217.47605729299,45.009613037109375,,,,,,,,,,,,,,,,,,,,,
llama-128-ip,roargraph,False,False,10,1,1,2026-06-01T16:34:54.013160+00:00,b007716,True,reference-machine,,,,,,10,48,500,30,,,256921,100,database_objects,42,256921,256921,0,,,,,148270.41820203885,1363783680,1685008384,321224704,2352316,0.08290000259876251,0.0,0.10000000149011612,0.30000001192092896,0.5,0.10815540701150894,0.499,0.0,,,,,,,,,1000,17523.580333567297,57.06596374511719,,,,,,,,,,,,,,,,,,,,,
llama-128-ip,roargraph,False,False,10,1,1,2026-06-01T16:34:54.101480+00:00,b007716,True,reference-machine,,,,,,10,48,500,40,,,256921,100,database_objects,42,256921,256921,0,,,,,148270.41820203885,1363783680,1685008384,321224704,2352316,0.09850000590085983,0.0,0.10000000149011612,0.30000001192092896,0.5,0.12036506831645966,0.44,0.0,,,,,,,,,1000,14293.127596277376,69.96369361877441,,,,,,,,,,,,,,,,,,,,,
llama-128-ip,roargraph,False,False,10,1,1,2026-06-01T16:34:54.202274+00:00,b007716,True,reference-machine,,,,,,10,48,500,50,,,256921,100,database_objects,42,256921,256921,0,,,,,148270.41820203885,1363783680,1685008384,321224704,2352316,0.10760000348091125,0.0,0.10000000149011612,0.30000001192092896,0.6000000238418579,0.12642088532447815,0.412,0.0,,,,,,,,,1000,12152.295412073187,82.28898048400879,,,,,,,,,,,,,,,,,,,,,
llama-128-ip,roargraph,False,False,10,1,1,2026-06-01T16:34:54.311776+00:00,b007716,True,reference-machine,,,,,,10,48,500,60,,,256921,100,database_objects,42,256921,256921,0,,,,,148270.41820203885,1363783680,1685008384,321224704,2352316,0.11800000071525574,0.0,0.10000000149011612,0.4000000059604645,0.6000000238418579,0.13159027695655823,0.378,0.0,,,,,,,,,1000,10924.515868571503,91.5372371673584,,,,,,,,,,,,,,,,,,,,,
llama-128-ip,roargraph,False,False,10,1,1,2026-06-01T16:34:54.440625+00:00,b007716,True,reference-machine,,,,,,10,48,500,80,,,256921,100,database_objects,42,256921,256921,0,,,,,148270.41820203885,1363783680,1685008384,321224704,2352316,0.1340000033378601,0.0,0.10000000149011612,0.4000000059604645,0.6000000238418579,0.1375645399093628,0.326,0.0,,,,,,,,,1000,9137.797762992204,109.4355583190918,,,,,,,,,,,,,,,,,,,,,
llama-128-ip,roargraph,False,False,10,1,1,2026-06-01T16:34:54.584789+00:00,b007716,True,reference-machine,,,,,,10,48,500,100,,,256921,100,database_objects,42,256921,256921,0,,,,,148270.41820203885,1363783680,1685008384,321224704,2352316,0.14380000531673431,0.0,0.10000000149011612,0.4000000059604645,0.6000000238418579,0.14086008071899414,0.299,0.0,,,,,,,,,1000,7985.956093752975,125.21982192993164,,,,,,,,,,,,,,,,,,,,,
llama-128-ip,roargraph,False,False,10,1,1,2026-06-01T16:34:54.771175+00:00,b007716,True,reference-machine,,,,,,10,48,500,150,,,256921,100,database_objects,42,256921,256921,0,,,,,148270.41820203885,1363783680,1685008384,321224704,2352316,0.16010001301765442,0.0,0.10000000149011612,0.4000000059604645,0.6000000238418579,0.14525148272514343,0.258,0.0,,,,,,,,,1000,5939.468262116331,168.3652400970459,,,,,,,,,,,,,,,,,,,,,
llama-128-ip,roargraph,False,False,10,1,1,2026-06-01T16:34:55.011309+00:00,b007716,True,reference-machine,,,,,,10,48,500,200,,,256921,100,database_objects,42,256921,256921,0,,,,,148270.41820203885,1363783680,1685008384,321224704,2352316,0.17260000109672546,0.0,0.20000000298023224,0.4000000059604645,0.6000000238418579,0.14889338612556458,0.236,0.0,,,,,,,,,1000,4525.834990563768,220.95370292663574,,,,,,,,,,,,,,,,,,,,,
llama-128-ip,roargraph,False,False,10,1,1,2026-06-01T16:34:55.325193+00:00,b007716,True,reference-machine,,,,,,10,48,500,300,,,256921,100,database_objects,42,256921,256921,0,,,,,148270.41820203885,1363783680,1685008384,321224704,2352316,0.1858000010251999,0.0,0.20000000298023224,0.5,0.6000000238418579,0.15171803534030914,0.201,0.0,,,,,,,,,1000,3388.131896537797,295.1478958129883,,,,,,,,,,,,,,,,,,,,,
llama-128-ip,roargraph,False,False,10,1,1,2026-06-01T16:34:55.722321+00:00,b007716,True,reference-machine,,,,,,10,48,500,400,,,256921,100,database_objects,42,256921,256921,0,,,,,148270.41820203885,1363783680,1685008384,321224704,2352316,0.19680002331733704,0.0,0.20000000298023224,0.5,0.6000000238418579,0.15313315391540527,0.181,0.0,,,,,,,,,1000,2645.220532587966,378.0403137207031,,,,,,,,,,,,,,,,,,,,,
llama-128-ip,roargraph,False,False,10,1,1,2026-06-01T16:34:56.207624+00:00,b007716,True,reference-machine,,,,,,10,48,500,500,,,256921,100,database_objects,42,256921,256921,0,,,,,148270.41820203885,1363783680,1685008384,321224704,2352316,0.20560000836849213,0.0,0.20000000298023224,0.5,0.6000000238418579,0.15655235946178436,0.172,0.0,,,,,,,,,1000,2142.403854208594,466.7654037475586,,,,,,,,,,,,,,,,,,,,,
llama-128-ip,roargraph,False,False,10,1,1,2026-06-01T16:34:56.789422+00:00,b007716,True,reference-machine,,,,,,10,48,500,600,,,256921,100,database_objects,42,256921,256921,0,,,,,148270.41820203885,1363783680,1685008384,321224704,2352316,0.21220000088214874,0.0,0.20000000298023224,0.5,0.6000000238418579,0.1580226570367813,0.159,0.0,,,,,,,,,1000,1777.6097585991042,562.5531673431396,,,,,,,,,,,,,,,,,,,,,
llama-128-ip,roargraph,False,False,10,1,1,2026-06-01T16:34:57.583979+00:00,b007716,True,reference-machine,,,,,,10,48,500,800,,,256921,100,database_objects,42,256921,256921,0,,,,,148270.41820203885,1363783680,1685008384,321224704,2352316,0.22349999845027924,0.0,0.20000000298023224,0.5,0.6000000238418579,0.16055451333522797,0.143,0.0,,,,,,,,,1000,1288.0835418563029,776.3471603393555,,,,,,,,,,,,,,,,,,,,,
llama-128-ip,roargraph,False,False,10,1,1,2026-06-01T16:34:58.590830+00:00,b007716,True,reference-machine,,,,,,10,48,500,1000,,,256921,100,database_objects,42,256921,256921,0,,,,,148270.41820203885,1363783680,1685008384,321224704,2352316,0.2313999980688095,0.0,0.20000000298023224,0.5,0.6010000234842291,0.16221602261066437,0.13,0.0,,,,,,,,,1000,1012.2875170874491,987.8616333007812,,,,,,,,,,,,,,,,,,,,,
yi-128-ip,roargraph,True,False,10,1,1,2026-06-01T16:41:52.699653+00:00,b007716,True,reference-machine,,,,,,10,48,500,10,,,187843,10,database_objects,42,187843,187843,0,,,,,111408.33140676841,1159225344,1462169600,302944256,8759020,,,,,,,,,0.02460000291466713,0.0,0.0,0.20000000298023224,0.6000000238418579,0.09270836412906647,0.896,0.0,1000,39935.48325668638,,,,,,,,,,,,25.040388107299805,,,,,,,,,,
yi-128-ip,roargraph,True,False,10,1,1,2026-06-01T16:41:52.770275+00:00,b007716,True,reference-machine,,,,,,10,48,500,20,,,187843,10,database_objects,42,187843,187843,0,,,,,111408.33140676841,1159225344,1462169600,302944256,8759020,,,,,,,,,0.055400002747774124,0.0,0.0,0.4000000059604645,0.7009999883174887,0.14632444083690643,0.795,0.001,1000,20809.724392845626,,,,,,,,,,,,48.05445671081543,,,,,,,,,,
yi-128-ip,roargraph,True,False,10,1,1,2026-06-01T16:41:52.858561+00:00,b007716,True,reference-machine,,,,,,10,48,500,30,,,187843,10,database_objects,42,187843,187843,0,,,,,111408.33140676841,1159225344,1462169600,302944256,8759020,,,,,,,,,0.0876999944448471,0.0,0.0,0.6000000238418579,0.8010000115633001,0.1848207414150238,0.708,0.002,1000,14442.946918958007,,,,,,,,,,,,69.23794746398926,,,,,,,,,,
yi-128-ip,roargraph,True,False,10,1,1,2026-06-01T16:41:52.965815+00:00,b007716,True,reference-machine,,,,,,10,48,500,40,,,187843,10,database_objects,42,187843,187843,0,,,,,111408.33140676841,1159225344,1462169600,302944256,8759020,,,,,,,,,0.11400000005960464,0.0,0.0,0.6000000238418579,0.8999999761581421,0.21119658648967743,0.648,0.002,1000,11401.654941446388,,,,,,,,,,,,87.7065658569336,,,,,,,,,,
yi-128-ip,roargraph,True,False,10,1,1,2026-06-01T16:41:53.099510+00:00,b007716,True,reference-machine,,,,,,10,48,500,50,,,187843,10,database_objects,42,187843,187843,0,,,,,111408.33140676841,1159225344,1462169600,302944256,8759020,,,,,,,,,0.13520000874996185,0.0,0.0,0.699999988079071,0.8999999761581421,0.22759823501110077,0.598,0.003,1000,8668.173946109937,,,,,,,,,,,,115.36455154418945,,,,,,,,,,
yi-128-ip,roargraph,True,False,10,1,1,2026-06-01T16:41:53.246621+00:00,b007716,True,reference-machine,,,,,,10,48,500,60,,,187843,10,database_objects,42,187843,187843,0,,,,,111408.33140676841,1159225344,1462169600,302944256,8759020,,,,,,,,,0.15549999475479126,0.0,0.0,0.699999988079071,0.8999999761581421,0.24043656885623932,0.548,0.006,1000,7904.4896282294585,,,,,,,,,,,,126.5103816986084,,,,,,,,,,
yi-128-ip,roargraph,True,False,10,1,1,2026-06-01T16:41:53.424617+00:00,b007716,True,reference-machine,,,,,,10,48,500,80,,,187843,10,database_objects,42,187843,187843,0,,,,,111408.33140676841,1159225344,1462169600,302944256,8759020,,,,,,,,,0.19300001859664917,0.0,0.10000000149011612,0.800000011920929,0.8999999761581421,0.25944364070892334,0.475,0.006,1000,6285.635501525588,,,,,,,,,,,,159.09290313720703,,,,,,,,,,
yi-128-ip,roargraph,True,False,10,1,1,2026-06-01T16:41:53.637037+00:00,b007716,True,reference-machine,,,,,,10,48,500,100,,,187843,10,database_objects,42,187843,187843,0,,,,,111408.33140676841,1159225344,1462169600,302944256,8759020,,,,,,,,,0.22590000927448273,0.0,0.10000000149011612,0.800000011920929,0.8999999761581421,0.272285133600235,0.411,0.009,1000,5172.9482064342665,,,,,,,,,,,,193.3133602142334,,,,,,,,,,
yi-128-ip,roargraph,True,False,10,1,1,2026-06-01T16:41:53.928682+00:00,b007716,True,reference-machine,,,,,,10,48,500,150,,,187843,10,database_objects,42,187843,187843,0,,,,,111408.33140676841,1159225344,1462169600,302944256,8759020,,,,,,,,,0.2766000032424927,0.0,0.20000000298023224,0.8999999761581421,1.0,0.2905381917953491,0.335,0.014,1000,3667.6095896579855,,,,,,,,,,,,272.6571559906006,,,,,,,,,,
yi-128-ip,roargraph,True,False,10,1,1,2026-06-01T16:41:54.301149+00:00,b007716,True,reference-machine,,,,,,10,48,500,200,,,187843,10,database_objects,42,187843,187843,0,,,,,111408.33140676841,1159225344,1462169600,302944256,8759020,,,,,,,,,0.3151000142097473,0.0,0.20000000298023224,0.8999999761581421,1.0,0.29900163412094116,0.282,0.013,1000,2827.316340555702,,,,,,,,,,,,353.69229316711426,,,,,,,,,,
yi-128-ip,roargraph,True,False,10,1,1,2026-06-01T16:41:54.838386+00:00,b007716,True,reference-machine,,,,,,10,48,500,300,,,187843,10,database_objects,42,187843,187843,0,,,,,111408.33140676841,1159225344,1462169600,302944256,8759020,,,,,,,,,0.38329997658729553,0.0,0.4000000059604645,0.8999999761581421,1.0,0.3000185489654541,0.192,0.019,1000,1929.3532535121667,,,,,,,,,,,,518.3084011077881,,,,,,,,,,
yi-128-ip,roargraph,True,False,10,1,1,2026-06-01T16:41:55.530130+00:00,b007716,True,reference-machine,,,,,,10,48,500,400,,,187843,10,database_objects,42,187843,187843,0,,,,,111408.33140676841,1159225344,1462169600,302944256,8759020,,,,,,,,,0.4250999987125397,0.0,0.4000000059604645,0.8999999761581421,1.0,0.29846271872520447,0.153,0.02,1000,1488.1091172540735,,,,,,,,,,,,671.9937324523926,,,,,,,,,,
yi-128-ip,roargraph,True,False,10,1,1,2026-06-01T16:41:56.379936+00:00,b007716,True,reference-machine,,,,,,10,48,500,500,,,187843,10,database_objects,42,187843,187843,0,,,,,111408.33140676841,1159225344,1462169600,302944256,8759020,,,,,,,,,0.4545999765396118,0.0,0.5,0.8999999761581421,1.0,0.2943447530269623,0.127,0.02,1000,1202.4392208735658,,,,,,,,,,,,831.6428661346436,,,,,,,,,,
yi-128-ip,roargraph,True,False,10,1,1,2026-06-01T16:41:57.413930+00:00,b007716,True,reference-machine,,,,,,10,48,500,600,,,187843,10,database_objects,42,187843,187843,0,,,,,111408.33140676841,1159225344,1462169600,302944256,8759020,,,,,,,,,0.47689998149871826,0.0,0.5,0.8999999761581421,1.0,0.2890612483024597,0.107,0.022,1000,984.9950612911847,,,,,,,,,,,,1015.2335166931152,,,,,,,,,,
yi-128-ip,roargraph,True,False,10,1,1,2026-06-01T16:41:58.768530+00:00,b007716,True,reference-machine,,,,,,10,48,500,800,,,187843,10,database_objects,42,187843,187843,0,,,,,111408.33140676841,1159225344,1462169600,302944256,8759020,,,,,,,,,0.5117999911308289,0.0,0.5,0.8999999761581421,1.0,0.28217148780822754,0.092,0.024,1000,749.1029811566212,,,,,,,,,,,,1334.9299430847168,,,,,,,,,,
yi-128-ip,roargraph,True,False,10,1,1,2026-06-01T16:42:00.504806+00:00,b007716,True,reference-machine,,,,,,10,48,500,1000,,,187843,10,database_objects,42,187843,187843,0,,,,,111408.33140676841,1159225344,1462169600,302944256,8759020,,,,,,,,,0.5473999977111816,0.0,0.6000000238418579,0.8999999761581421,1.0,0.27105948328971863,0.073,0.025,1000,582.3223955179142,,,,,,,,,,,,1717.261791229248,,,,,,,,,,
yi-128-ip,roargraph,True,False,10,1,1,2026-06-01T16:49:36.188958+00:00,b007716,True,reference-machine,,,,,,10,48,500,10,,,187843,100,database_objects,42,187843,187843,0,,,,,109556.72295484692,1379454976,1617248256,237793280,8759024,,,,,,,,,0.02460000291466713,0.0,0.0,0.20000000298023224,0.6000000238418579,0.09270836412906647,0.896,0.0,1000,39466.51611385556,,,,,,,,,,,,25.337934494018555,,,,,,,,,,
yi-128-ip,roargraph,True,False,10,1,1,2026-06-01T16:49:36.257706+00:00,b007716,True,reference-machine,,,,,,10,48,500,20,,,187843,100,database_objects,42,187843,187843,0,,,,,109556.72295484692,1379454976,1617248256,237793280,8759024,,,,,,,,,0.055400002747774124,0.0,0.0,0.4000000059604645,0.7009999883174887,0.14632444083690643,0.795,0.001,1000,20666.68637595467,,,,,,,,,,,,48.38705062866211,,,,,,,,,,
yi-128-ip,roargraph,True,False,10,1,1,2026-06-01T16:49:36.343416+00:00,b007716,True,reference-machine,,,,,,10,48,500,30,,,187843,100,database_objects,42,187843,187843,0,,,,,109556.72295484692,1379454976,1617248256,237793280,8759024,,,,,,,,,0.0876999944448471,0.0,0.0,0.6000000238418579,0.8010000115633001,0.1848207414150238,0.708,0.002,1000,14618.731113612837,,,,,,,,,,,,68.4053897857666,,,,,,,,,,
yi-128-ip,roargraph,True,False,10,1,1,2026-06-01T16:49:36.450195+00:00,b007716,True,reference-machine,,,,,,10,48,500,40,,,187843,100,database_objects,42,187843,187843,0,,,,,109556.72295484692,1379454976,1617248256,237793280,8759024,,,,,,,,,0.11400000005960464,0.0,0.0,0.6000000238418579,0.8999999761581421,0.21119658648967743,0.648,0.002,1000,11411.61266450277,,,,,,,,,,,,87.63003349304199,,,,,,,,,,
yi-128-ip,roargraph,True,False,10,1,1,2026-06-01T16:49:36.573139+00:00,b007716,True,reference-machine,,,,,,10,48,500,50,,,187843,100,database_objects,42,187843,187843,0,,,,,109556.72295484692,1379454976,1617248256,237793280,8759024,,,,,,,,,0.13520000874996185,0.0,0.0,0.699999988079071,0.8999999761581421,0.22759823501110077,0.598,0.003,1000,9554.484405040685,,,,,,,,,,,,104.66289520263672,,,,,,,,,,
yi-128-ip,roargraph,True,False,10,1,1,2026-06-01T16:49:36.714301+00:00,b007716,True,reference-machine,,,,,,10,48,500,60,,,187843,100,database_objects,42,187843,187843,0,,,,,109556.72295484692,1379454976,1617248256,237793280,8759024,,,,,,,,,0.15549999475479126,0.0,0.0,0.699999988079071,0.8999999761581421,0.24043656885623932,0.548,0.006,1000,8158.378557118126,,,,,,,,,,,,122.5733757019043,,,,,,,,,,
yi-128-ip,roargraph,True,False,10,1,1,2026-06-01T16:49:36.891664+00:00,b007716,True,reference-machine,,,,,,10,48,500,80,,,187843,100,database_objects,42,187843,187843,0,,,,,109556.72295484692,1379454976,1617248256,237793280,8759024,,,,,,,,,0.19300001859664917,0.0,0.10000000149011612,0.800000011920929,0.8999999761581421,0.25944364070892334,0.475,0.006,1000,6308.210607373183,,,,,,,,,,,,158.5235595703125,,,,,,,,,,
yi-128-ip,roargraph,True,False,10,1,1,2026-06-01T16:49:37.102286+00:00,b007716,True,reference-machine,,,,,,10,48,500,100,,,187843,100,database_objects,42,187843,187843,0,,,,,109556.72295484692,1379454976,1617248256,237793280,8759024,,,,,,,,,0.22590000927448273,0.0,0.10000000149011612,0.800000011920929,0.8999999761581421,0.272285133600235,0.411,0.009,1000,5206.241078410685,,,,,,,,,,,,192.0771598815918,,,,,,,,,,
yi-128-ip,roargraph,True,False,10,1,1,2026-06-01T16:49:37.394733+00:00,b007716,True,reference-machine,,,,,,10,48,500,150,,,187843,100,database_objects,42,187843,187843,0,,,,,109556.72295484692,1379454976,1617248256,237793280,8759024,,,,,,,,,0.2766000032424927,0.0,0.20000000298023224,0.8999999761581421,1.0,0.2905381917953491,0.335,0.014,1000,3654.98214469334,,,,,,,,,,,,273.59914779663086,,,,,,,,,,
yi-128-ip,roargraph,True,False,10,1,1,2026-06-01T16:49:37.762091+00:00,b007716,True,reference-machine,,,,,,10,48,500,200,,,187843,100,database_objects,42,187843,187843,0,,,,,109556.72295484692,1379454976,1617248256,237793280,8759024,,,,,,,,,0.3151000142097473,0.0,0.20000000298023224,0.8999999761581421,1.0,0.29900163412094116,0.282,0.013,1000,2868.443459034634,,,,,,,,,,,,348.621129989624,,,,,,,,,,
yi-128-ip,roargraph,True,False,10,1,1,2026-06-01T16:49:38.287116+00:00,b007716,True,reference-machine,,,,,,10,48,500,300,,,187843,100,database_objects,42,187843,187843,0,,,,,109556.72295484692,1379454976,1617248256,237793280,8759024,,,,,,,,,0.38329997658729553,0.0,0.4000000059604645,0.8999999761581421,1.0,0.3000185489654541,0.192,0.019,1000,1973.9777616507545,,,,,,,,,,,,506.5913200378418,,,,,,,,,,
yi-128-ip,roargraph,True,False,10,1,1,2026-06-01T16:49:38.970640+00:00,b007716,True,reference-machine,,,,,,10,48,500,400,,,187843,100,database_objects,42,187843,187843,0,,,,,109556.72295484692,1379454976,1617248256,237793280,8759024,,,,,,,,,0.4250999987125397,0.0,0.4000000059604645,0.8999999761581421,1.0,0.29846271872520447,0.153,0.02,1000,1503.3482378874362,,,,,,,,,,,,665.1818752288818,,,,,,,,,,
yi-128-ip,roargraph,True,False,10,1,1,2026-06-01T16:49:39.824639+00:00,b007716,True,reference-machine,,,,,,10,48,500,500,,,187843,100,database_objects,42,187843,187843,0,,,,,109556.72295484692,1379454976,1617248256,237793280,8759024,,,,,,,,,0.4545999765396118,0.0,0.5,0.8999999761581421,1.0,0.2943447530269623,0.127,0.02,1000,1195.325856580983,,,,,,,,,,,,836.5919589996338,,,,,,,,,,
yi-128-ip,roargraph,True,False,10,1,1,2026-06-01T16:49:40.832181+00:00,b007716,True,reference-machine,,,,,,10,48,500,600,,,187843,100,database_objects,42,187843,187843,0,,,,,109556.72295484692,1379454976,1617248256,237793280,8759024,,,,,,,,,0.47689998149871826,0.0,0.5,0.8999999761581421,1.0,0.2890612483024597,0.107,0.022,1000,1011.0301322511868,,,,,,,,,,,,989.0902042388916,,,,,,,,,,
yi-128-ip,roargraph,True,False,10,1,1,2026-06-01T16:49:42.201320+00:00,b007716,True,reference-machine,,,,,,10,48,500,800,,,187843,100,database_objects,42,187843,187843,0,,,,,109556.72295484692,1379454976,1617248256,237793280,8759024,,,,,,,,,0.5117999911308289,0.0,0.5,0.8999999761581421,1.0,0.28217148780822754,0.092,0.024,1000,740.7980964599694,,,,,,,,,,,,1349.8954772949219,,,,,,,,,,
yi-128-ip,roargraph,True,False,10,1,1,2026-06-01T16:49:43.945275+00:00,b007716,True,reference-machine,,,,,,10,48,500,1000,,,187843,100,database_objects,42,187843,187843,0,,,,,109556.72295484692,1379454976,1617248256,237793280,8759024,,,,,,,,,0.5473999977111816,0.0,0.6000000238418579,0.8999999761581421,1.0,0.27105948328971863,0.073,0.025,1000,579.7060105655304,,,,,,,,,,,,1725.0123023986816,,,,,,,,,,
llama-128-ip,roargraph,True,False,10,1,1,2026-06-01T17:01:32.528286+00:00,b007716,True,reference-machine,,,,,,10,48,500,10,,,256921,10,database_objects,42,256921,256921,0,,,,,149566.17229804397,1568325632,1943547904,375222272,13042352,,,,,,,,,0.05770000442862511,0.0,0.0,0.30000001192092896,0.5,0.1047888919711113,0.677,0.0,1000,29901.220485913083,,,,,,,,,,,,33.443450927734375,,,,,,,,,,
llama-128-ip,roargraph,True,False,10,1,1,2026-06-01T17:01:32.607593+00:00,b007716,True,reference-machine,,,,,,10,48,500,20,,,256921,10,database_objects,42,256921,256921,0,,,,,149566.17229804397,1568325632,1943547904,375222272,13042352,,,,,,,,,0.1063000038266182,0.0,0.0,0.4000000059604645,0.6010000234842291,0.1555323451757431,0.518,0.002,1000,17162.338884569745,,,,,,,,,,,,58.26711654663086,,,,,,,,,,
llama-128-ip,roargraph,True,False,10,1,1,2026-06-01T17:01:32.710679+00:00,b007716,True,reference-machine,,,,,,10,48,500,30,,,256921,10,database_objects,42,256921,256921,0,,,,,149566.17229804397,1568325632,1943547904,375222272,13042352,,,,,,,,,0.14560000598430634,0.0,0.10000000149011612,0.5,0.699999988079071,0.18127503991127014,0.411,0.002,1000,12191.999906982423,,,,,,,,,,,,82.02099800109863,,,,,,,,,,
llama-128-ip,roargraph,True,False,10,1,1,2026-06-01T17:01:32.835889+00:00,b007716,True,reference-machine,,,,,,10,48,500,40,,,256921,10,database_objects,42,256921,256921,0,,,,,149566.17229804397,1568325632,1943547904,375222272,13042352,,,,,,,,,0.17520001530647278,0.0,0.10000000149011612,0.6000000238418579,0.800000011920929,0.1946919560432434,0.343,0.002,1000,9580.170438842331,,,,,,,,,,,,104.38227653503418,,,,,,,,,,
llama-128-ip,roargraph,True,False,10,1,1,2026-06-01T17:01:32.981063+00:00,b007716,True,reference-machine,,,,,,10,48,500,50,,,256921,10,database_objects,42,256921,256921,0,,,,,149566.17229804397,1568325632,1943547904,375222272,13042352,,,,,,,,,0.20239999890327454,0.0,0.10000000149011612,0.6000000238418579,0.800000011920929,0.20580145716667175,0.29,0.002,1000,8074.30750602064,,,,,,,,,,,,123.84963035583496,,,,,,,,,,
llama-128-ip,roargraph,True,False,10,1,1,2026-06-01T17:01:33.146141+00:00,b007716,True,reference-machine,,,,,,10,48,500,60,,,256921,10,database_objects,42,256921,256921,0,,,,,149566.17229804397,1568325632,1943547904,375222272,13042352,,,,,,,,,0.23000000417232513,0.0,0.20000000298023224,0.6000000238418579,0.800000011920929,0.21189619600772858,0.233,0.003,1000,6959.224950514105,,,,,,,,,,,,143.6941623687744,,,,,,,,,,
llama-128-ip,roargraph,True,False,10,1,1,2026-06-01T17:01:33.349999+00:00,b007716,True,reference-machine,,,,,,10,48,500,80,,,256921,10,database_objects,42,256921,256921,0,,,,,149566.17229804397,1568325632,1943547904,375222272,13042352,,,,,,,,,0.26570001244544983,0.0,0.20000000298023224,0.699999988079071,0.8999999761581421,0.22265109419822693,0.181,0.005,1000,5453.004720654521,,,,,,,,,,,,183.38513374328613,,,,,,,,,,
llama-128-ip,roargraph,True,False,10,1,1,2026-06-01T17:01:33.599050+00:00,b007716,True,reference-machine,,,,,,10,48,500,100,,,256921,10,database_objects,42,256921,256921,0,,,,,149566.17229804397,1568325632,1943547904,375222272,13042352,,,,,,,,,0.2953999936580658,0.0,0.30000001192092896,0.699999988079071,0.8999999761581421,0.2275935858488083,0.148,0.006,1000,4393.003962214944,,,,,,,,,,,,227.63466835021973,,,,,,,,,,
llama-128-ip,roargraph,True,False,10,1,1,2026-06-01T17:01:33.943646+00:00,b007716,True,reference-machine,,,,,,10,48,500,150,,,256921,10,database_objects,42,256921,256921,0,,,,,149566.17229804397,1568325632,1943547904,375222272,13042352,,,,,,,,,0.35510003566741943,0.0,0.30000001192092896,0.800000011920929,0.8999999761581421,0.23629216849803925,0.088,0.009,1000,3100.2641759911776,,,,,,,,,,,,322.5531578063965,,,,,,,,,,
llama-128-ip,roargraph,True,False,10,1,1,2026-06-01T17:01:34.387326+00:00,b007716,True,reference-machine,,,,,,10,48,500,200,,,256921,10,database_objects,42,256921,256921,0,,,,,149566.17229804397,1568325632,1943547904,375222272,13042352,,,,,,,,,0.39980000257492065,0.0,0.4000000059604645,0.800000011920929,1.0,0.23477640748023987,0.06,0.011,1000,2372.479423315472,,,,,,,,,,,,421.49996757507324,,,,,,,,,,
llama-128-ip,roargraph,True,False,10,1,1,2026-06-01T17:01:35.043409+00:00,b007716,True,reference-machine,,,,,,10,48,500,300,,,256921,10,database_objects,42,256921,256921,0,,,,,149566.17229804397,1568325632,1943547904,375222272,13042352,,,,,,,,,0.4637000262737274,0.0,0.5,0.800000011920929,1.0,0.22836880385875702,0.032,0.014,1000,1576.8641100311215,,,,,,,,,,,,634.1700553894043,,,,,,,,,,
llama-128-ip,roargraph,True,False,10,1,1,2026-06-01T17:01:35.924721+00:00,b007716,True,reference-machine,,,,,,10,48,500,400,,,256921,10,database_objects,42,256921,256921,0,,,,,149566.17229804397,1568325632,1943547904,375222272,13042352,,,,,,,,,0.5120000243186951,0.0,0.5,0.8999999761581421,1.0,0.2221170961856842,0.02,0.018,1000,1163.0213737520055,,,,,,,,,,,,859.8294258117676,,,,,,,,,,
llama-128-ip,roargraph,True,False,10,1,1,2026-06-01T17:01:37.044396+00:00,b007716,True,reference-machine,,,,,,10,48,500,500,,,256921,10,database_objects,42,256921,256921,0,,,,,149566.17229804397,1568325632,1943547904,375222272,13042352,,,,,,,,,0.5476999878883362,0.0,0.6000000238418579,0.8999999761581421,1.0,0.21852850914001465,0.015,0.018,1000,910.3804719526984,,,,,,,,,,,,1098.4418392181396,,,,,,,,,,
llama-128-ip,roargraph,True,False,10,1,1,2026-06-01T17:01:38.405708+00:00,b007716,True,reference-machine,,,,,,10,48,500,600,,,256921,10,database_objects,42,256921,256921,0,,,,,149566.17229804397,1568325632,1943547904,375222272,13042352,,,,,,,,,0.5765999555587769,0.0,0.6000000238418579,0.8999999761581421,1.0,0.21436519920825958,0.01,0.022,1000,746.1044925967749,,,,,,,,,,,,1340.2948379516602,,,,,,,,,,
llama-128-ip,roargraph,True,False,10,1,1,2026-06-01T17:01:40.266885+00:00,b007716,True,reference-machine,,,,,,10,48,500,800,,,256921,10,database_objects,42,256921,256921,0,,,,,149566.17229804397,1568325632,1943547904,375222272,13042352,,,,,,,,,0.6162999868392944,0.0,0.6000000238418579,0.8999999761581421,1.0,0.20402038097381592,0.005,0.024,1000,543.0965889557906,,,,,,,,,,,,1841.2930965423584,,,,,,,,,,
llama-128-ip,roargraph,True,False,10,1,1,2026-06-01T17:01:42.350667+00:00,b007716,True,reference-machine,,,,,,10,48,500,1000,,,256921,10,database_objects,42,256921,256921,0,,,,,149566.17229804397,1568325632,1943547904,375222272,13042352,,,,,,,,,0.6474999785423279,0.0,0.699999988079071,0.8999999761581421,1.0,0.19129492342472076,0.005,0.025,1000,484.1412523436267,,,,,,,,,,,,2065.5128955841064,,,,,,,,,,
llama-128-ip,roargraph,True,False,10,1,1,2026-06-01T17:14:24.242298+00:00,b007716,True,reference-machine,,,,,,10,48,500,10,,,256921,100,database_objects,42,256921,256921,0,,,,,148988.71597321704,1861513216,2179764224,318251008,13042356,,,,,,,,,0.05770000442862511,0.0,0.0,0.30000001192092896,0.5,0.1047888919711113,0.677,0.0,1000,34263.55043990426,,,,,,,,,,,,29.18553352355957,,,,,,,,,,
llama-128-ip,roargraph,True,False,10,1,1,2026-06-01T17:14:24.311896+00:00,b007716,True,reference-machine,,,,,,10,48,500,20,,,256921,100,database_objects,42,256921,256921,0,,,,,148988.71597321704,1861513216,2179764224,318251008,13042356,,,,,,,,,0.1063000038266182,0.0,0.0,0.4000000059604645,0.6010000234842291,0.1555323451757431,0.518,0.002,1000,19806.127460239506,,,,,,,,,,,,50.48942565917969,,,,,,,,,,
llama-128-ip,roargraph,True,False,10,1,1,2026-06-01T17:14:24.401654+00:00,b007716,True,reference-machine,,,,,,10,48,500,30,,,256921,100,database_objects,42,256921,256921,0,,,,,148988.71597321704,1861513216,2179764224,318251008,13042356,,,,,,,,,0.14560000598430634,0.0,0.10000000149011612,0.5,0.699999988079071,0.18127503991127014,0.411,0.002,1000,14137.753898218247,,,,,,,,,,,,70.73259353637695,,,,,,,,,,
llama-128-ip,roargraph,True,False,10,1,1,2026-06-01T17:14:24.510501+00:00,b007716,True,reference-machine,,,,,,10,48,500,40,,,256921,100,database_objects,42,256921,256921,0,,,,,148988.71597321704,1861513216,2179764224,318251008,13042356,,,,,,,,,0.17520001530647278,0.0,0.10000000149011612,0.6000000238418579,0.800000011920929,0.1946919560432434,0.343,0.002,1000,11152.097846317469,,,,,,,,,,,,89.66922760009766,,,,,,,,,,
llama-128-ip,roargraph,True,False,10,1,1,2026-06-01T17:14:24.635541+00:00,b007716,True,reference-machine,,,,,,10,48,500,50,,,256921,100,database_objects,42,256921,256921,0,,,,,148988.71597321704,1861513216,2179764224,318251008,13042356,,,,,,,,,0.20239999890327454,0.0,0.10000000149011612,0.6000000238418579,0.800000011920929,0.20580145716667175,0.29,0.002,1000,9374.69462927491,,,,,,,,,,,,106.67014122009277,,,,,,,,,,
llama-128-ip,roargraph,True,False,10,1,1,2026-06-01T17:14:24.776494+00:00,b007716,True,reference-machine,,,,,,10,48,500,60,,,256921,100,database_objects,42,256921,256921,0,,,,,148988.71597321704,1861513216,2179764224,318251008,13042356,,,,,,,,,0.23000000417232513,0.0,0.20000000298023224,0.6000000238418579,0.800000011920929,0.21189619600772858,0.233,0.003,1000,8136.948458088246,,,,,,,,,,,,122.89619445800781,,,,,,,,,,
llama-128-ip,roargraph,True,False,10,1,1,2026-06-01T17:14:24.951070+00:00,b007716,True,reference-machine,,,,,,10,48,500,80,,,256921,100,database_objects,42,256921,256921,0,,,,,148988.71597321704,1861513216,2179764224,318251008,13042356,,,,,,,,,0.26570001244544983,0.0,0.20000000298023224,0.699999988079071,0.8999999761581421,0.22265109419822693,0.181,0.005,1000,6407.166218319746,,,,,,,,,,,,156.07523918151855,,,,,,,,,,
llama-128-ip,roargraph,True,False,10,1,1,2026-06-01T17:14:25.161319+00:00,b007716,True,reference-machine,,,,,,10,48,500,100,,,256921,100,database_objects,42,256921,256921,0,,,,,148988.71597321704,1861513216,2179764224,318251008,13042356,,,,,,,,,0.2953999936580658,0.0,0.30000001192092896,0.699999988079071,0.8999999761581421,0.2275935858488083,0.148,0.006,1000,5229.26430307088,,,,,,,,,,,,191.23148918151855,,,,,,,,,,
llama-128-ip,roargraph,True,False,10,1,1,2026-06-01T17:14:25.457947+00:00,b007716,True,reference-machine,,,,,,10,48,500,150,,,256921,100,database_objects,42,256921,256921,0,,,,,148988.71597321704,1861513216,2179764224,318251008,13042356,,,,,,,,,0.35510003566741943,0.0,0.30000001192092896,0.800000011920929,0.8999999761581421,0.23629216849803925,0.088,0.009,1000,3599.2661255858898,,,,,,,,,,,,277.834415435791,,,,,,,,,,
llama-128-ip,roargraph,True,False,10,1,1,2026-06-01T17:14:25.836937+00:00,b007716,True,reference-machine,,,,,,10,48,500,200,,,256921,100,database_objects,42,256921,256921,0,,,,,148988.71597321704,1861513216,2179764224,318251008,13042356,,,,,,,,,0.39980000257492065,0.0,0.4000000059604645,0.800000011920929,1.0,0.23477640748023987,0.06,0.011,1000,2771.015978763691,,,,,,,,,,,,360.87846755981445,,,,,,,,,,
llama-128-ip,roargraph,True,False,10,1,1,2026-06-01T17:14:26.397890+00:00,b007716,True,reference-machine,,,,,,10,48,500,300,,,256921,100,database_objects,42,256921,256921,0,,,,,148988.71597321704,1861513216,2179764224,318251008,13042356,,,,,,,,,0.4637000262737274,0.0,0.5,0.800000011920929,1.0,0.22836880385875702,0.032,0.014,1000,1843.6347125013021,,,,,,,,,,,,542.4067974090576,,,,,,,,,,
llama-128-ip,roargraph,True,False,10,1,1,2026-06-01T17:14:27.169581+00:00,b007716,True,reference-machine,,,,,,10,48,500,400,,,256921,100,database_objects,42,256921,256921,0,,,,,148988.71597321704,1861513216,2179764224,318251008,13042356,,,,,,,,,0.5120000243186951,0.0,0.5,0.8999999761581421,1.0,0.2221170961856842,0.02,0.018,1000,1329.0564098241648,,,,,,,,,,,,752.4135112762451,,,,,,,,,,
llama-128-ip,roargraph,True,False,10,1,1,2026-06-01T17:14:28.129066+00:00,b007716,True,reference-machine,,,,,,10,48,500,500,,,256921,100,database_objects,42,256921,256921,0,,,,,148988.71597321704,1861513216,2179764224,318251008,13042356,,,,,,,,,0.5476999878883362,0.0,0.6000000238418579,0.8999999761581421,1.0,0.21852850914001465,0.015,0.018,1000,1063.2633888214855,,,,,,,,,,,,940.5007362365723,,,,,,,,,,
llama-128-ip,roargraph,True,False,10,1,1,2026-06-01T17:14:29.285455+00:00,b007716,True,reference-machine,,,,,,10,48,500,600,,,256921,100,database_objects,42,256921,256921,0,,,,,148988.71597321704,1861513216,2179764224,318251008,13042356,,,,,,,,,0.5765999555587769,0.0,0.6000000238418579,0.8999999761581421,1.0,0.21436519920825958,0.01,0.022,1000,878.9566949264781,,,,,,,,,,,,1137.7124786376953,,,,,,,,,,
llama-128-ip,roargraph,True,False,10,1,1,2026-06-01T17:14:30.899897+00:00,b007716,True,reference-machine,,,,,,10,48,500,800,,,256921,100,database_objects,42,256921,256921,0,,,,,148988.71597321704,1861513216,2179764224,318251008,13042356,,,,,,,,,0.6162999868392944,0.0,0.6000000238418579,0.8999999761581421,1.0,0.20402038097381592,0.005,0.024,1000,626.5409751850096,,,,,,,,,,,,1596.064805984497,,,,,,,,,,
llama-128-ip,roargraph,True,False,10,1,1,2026-06-01T17:14:32.977463+00:00,b007716,True,reference-machine,,,,,,10,48,500,1000,,,256921,100,database_objects,42,256921,256921,0,,,,,148988.71597321704,1861513216,2179764224,318251008,13042356,,,,,,,,,0.6474999785423279,0.0,0.699999988079071,0.8999999761581421,1.0,0.19129492342472076,0.005,0.025,1000,485.6901435785451,,,,,,,,,,,,2058.9258670806885,,,,,,,,,,
