dataset_name,algorithm,normalization,dimension,database_rows,subsampled,k,threads,label,build_time_ms,search_param_name,accepted_candidates_avg,accepted_candidates_median,candidate_pool_avg,candidate_pool_median,avg_node_degree,median_node_degree,max_node_degree,avg_node_degree_level0,median_node_degree_level0,max_node_degree_level0,m,ef_construction,enable_pruning,build_seed,run_timestamp_utc,git_commit,git_dirty,hostname,cpu_model,platform,python,search_param_value,recall_avg,recall_min,recall_p50,recall_p95,recall_p99,recall_std,recall_frac_at_0,recall_frac_at_1,num_queries,search_time_ms,queries_per_sec
yi-128-ip,hnsw-hnswlib,none,128,187843,False,10,1,fig3,187141.32847310975,ef_search,1.5223431808351529,1.0,498.50799143272553,500.0,2.2216531890994076,1.0,146,2.096420947280442,1.0,96,48,500,True,100,2026-08-17T15:53:44+00:00,,False,reference-machine,Intel(R) Xeon(R) CPU E5-2620 0 @ 2.00GHz,Linux-6.1.0-41-amd64-x86_64-with-glibc2.36,3.12.12,10,0.07850000262260437,0.0,0.0,0.4000000059604645,0.699999988079071,0.14922383427619934,0.659,0.001,1000,20.992089994251728,47636.99089865899
yi-128-ip,hnsw-hnswlib,none,128,187843,False,10,1,fig3,187141.32847310975,ef_search,1.5223431808351529,1.0,498.50799143272553,500.0,2.2216531890994076,1.0,146,2.096420947280442,1.0,96,48,500,True,100,2026-08-17T15:53:44+00:00,,False,reference-machine,Intel(R) Xeon(R) CPU E5-2620 0 @ 2.00GHz,Linux-6.1.0-41-amd64-x86_64-with-glibc2.36,3.12.12,20,0.13220001757144928,0.0,0.0,0.6000000238418579,0.800000011920929,0.19530273973941803,0.513,0.001,1000,34.56548601388931,28930.592776799782
yi-128-ip,hnsw-hnswlib,none,128,187843,False,10,1,fig3,187141.32847310975,ef_search,1.5223431808351529,1.0,498.50799143272553,500.0,2.2216531890994076,1.0,146,2.096420947280442,1.0,96,48,500,True,100,2026-08-17T15:53:44+00:00,,False,reference-machine,Intel(R) Xeon(R) CPU E5-2620 0 @ 2.00GHz,Linux-6.1.0-41-amd64-x86_64-with-glibc2.36,3.12.12,30,0.16580000519752502,0.0,0.10000000149011612,0.699999988079071,0.800000011920929,0.21220357716083527,0.428,0.002,1000,47.97491570934653,20844.226304814096
yi-128-ip,hnsw-hnswlib,none,128,187843,False,10,1,fig3,187141.32847310975,ef_search,1.5223431808351529,1.0,498.50799143272553,500.0,2.2216531890994076,1.0,146,2.096420947280442,1.0,96,48,500,True,100,2026-08-17T15:53:44+00:00,,False,reference-machine,Intel(R) Xeon(R) CPU E5-2620 0 @ 2.00GHz,Linux-6.1.0-41-amd64-x86_64-with-glibc2.36,3.12.12,40,0.1881999969482422,0.0,0.10000000149011612,0.699999988079071,0.8010000115633001,0.2200017124414444,0.372,0.002,1000,59.39448717981577,16836.57941136048
yi-128-ip,hnsw-hnswlib,none,128,187843,False,10,1,fig3,187141.32847310975,ef_search,1.5223431808351529,1.0,498.50799143272553,500.0,2.2216531890994076,1.0,146,2.096420947280442,1.0,96,48,500,True,100,2026-08-17T15:53:44+00:00,,False,reference-machine,Intel(R) Xeon(R) CPU E5-2620 0 @ 2.00GHz,Linux-6.1.0-41-amd64-x86_64-with-glibc2.36,3.12.12,50,0.20900000631809235,0.0,0.10000000149011612,0.699999988079071,0.8999999761581421,0.2292138785123825,0.327,0.004,1000,70.60579676181078,14163.143054294933
yi-128-ip,hnsw-hnswlib,none,128,187843,False,10,1,fig3,187141.32847310975,ef_search,1.5223431808351529,1.0,498.50799143272553,500.0,2.2216531890994076,1.0,146,2.096420947280442,1.0,96,48,500,True,100,2026-08-17T15:53:44+00:00,,False,reference-machine,Intel(R) Xeon(R) CPU E5-2620 0 @ 2.00GHz,Linux-6.1.0-41-amd64-x86_64-with-glibc2.36,3.12.12,60,0.22450000047683716,0.0,0.20000000298023224,0.699999988079071,0.8999999761581421,0.23543523252010345,0.307,0.005,1000,79.730368219316,12542.272440649953
yi-128-ip,hnsw-hnswlib,none,128,187843,False,10,1,fig3,187141.32847310975,ef_search,1.5223431808351529,1.0,498.50799143272553,500.0,2.2216531890994076,1.0,146,2.096420947280442,1.0,96,48,500,True,100,2026-08-17T15:53:44+00:00,,False,reference-machine,Intel(R) Xeon(R) CPU E5-2620 0 @ 2.00GHz,Linux-6.1.0-41-amd64-x86_64-with-glibc2.36,3.12.12,80,0.2515999674797058,0.0,0.20000000298023224,0.7049999892711594,0.8999999761581421,0.24211038649082184,0.259,0.008,1000,98.638657014817,10138.013130590221
yi-128-ip,hnsw-hnswlib,none,128,187843,False,10,1,fig3,187141.32847310975,ef_search,1.5223431808351529,1.0,498.50799143272553,500.0,2.2216531890994076,1.0,146,2.096420947280442,1.0,96,48,500,True,100,2026-08-17T15:53:44+00:00,,False,reference-machine,Intel(R) Xeon(R) CPU E5-2620 0 @ 2.00GHz,Linux-6.1.0-41-amd64-x86_64-with-glibc2.36,3.12.12,100,0.27239999175071716,0.0,0.20000000298023224,0.800000011920929,0.8999999761581421,0.2449045479297638,0.212,0.008,1000,116.93854024633765,8551.500624973114
yi-128-ip,hnsw-hnswlib,none,128,187843,False,10,1,fig3,187141.32847310975,ef_search,1.5223431808351529,1.0,498.50799143272553,500.0,2.2216531890994076,1.0,146,2.096420947280442,1.0,96,48,500,True,100,2026-08-17T15:53:44+00:00,,False,reference-machine,Intel(R) Xeon(R) CPU E5-2620 0 @ 2.00GHz,Linux-6.1.0-41-amd64-x86_64-with-glibc2.36,3.12.12,150,0.3094000220298767,0.0,0.30000001192092896,0.800000011920929,1.0,0.25022318959236145,0.159,0.011,1000,157.18411514535546,6361.966023572124
yi-128-ip,hnsw-hnswlib,none,128,187843,False,10,1,fig3,187141.32847310975,ef_search,1.5223431808351529,1.0,498.50799143272553,500.0,2.2216531890994076,1.0,146,2.096420947280442,1.0,96,48,500,True,100,2026-08-17T15:53:44+00:00,,False,reference-machine,Intel(R) Xeon(R) CPU E5-2620 0 @ 2.00GHz,Linux-6.1.0-41-amd64-x86_64-with-glibc2.36,3.12.12,200,0.32850000262260437,0.0,0.30000001192092896,0.800000011920929,1.0,0.2527404725551605,0.139,0.014,1000,196.79963774979115,5081.3101661873425
yi-128-ip,hnsw-hnswlib,none,128,187843,False,10,1,fig3,187141.32847310975,ef_search,1.5223431808351529,1.0,498.50799143272553,500.0,2.2216531890994076,1.0,146,2.096420947280442,1.0,96,48,500,True,100,2026-08-17T15:53:44+00:00,,False,reference-machine,Intel(R) Xeon(R) CPU E5-2620 0 @ 2.00GHz,Linux-6.1.0-41-amd64-x86_64-with-glibc2.36,3.12.12,300,0.3531000018119812,0.0,0.30000001192092896,0.800000011920929,1.0,0.25244879722595215,0.107,0.017,1000,270.79275622963905,3692.860968378249
yi-128-ip,hnsw-hnswlib,none,128,187843,False,10,1,fig3,187141.32847310975,ef_search,1.5223431808351529,1.0,498.50799143272553,500.0,2.2216531890994076,1.0,146,2.096420947280442,1.0,96,48,500,True,100,2026-08-17T15:53:44+00:00,,False,reference-machine,Intel(R) Xeon(R) CPU E5-2620 0 @ 2.00GHz,Linux-6.1.0-41-amd64-x86_64-with-glibc2.36,3.12.12,400,0.3756999671459198,0.0,0.4000000059604645,0.8999999761581421,1.0,0.2537705600261688,0.095,0.019,1000,342.8171230480075,2917.0071527027017
yi-128-ip,hnsw-hnswlib,none,128,187843,False,10,1,fig3,187141.32847310975,ef_search,1.5223431808351529,1.0,498.50799143272553,500.0,2.2216531890994076,1.0,146,2.096420947280442,1.0,96,48,500,True,100,2026-08-17T15:53:44+00:00,,False,reference-machine,Intel(R) Xeon(R) CPU E5-2620 0 @ 2.00GHz,Linux-6.1.0-41-amd64-x86_64-with-glibc2.36,3.12.12,500,0.390500009059906,0.0,0.4000000059604645,0.8999999761581421,1.0,0.25381046533584595,0.08,0.022,1000,414.27035396918654,2413.8826020709657
yi-128-ip,hnsw-hnswlib,none,128,187843,False,10,1,fig3,187141.32847310975,ef_search,1.5223431808351529,1.0,498.50799143272553,500.0,2.2216531890994076,1.0,146,2.096420947280442,1.0,96,48,500,True,100,2026-08-17T15:53:44+00:00,,False,reference-machine,Intel(R) Xeon(R) CPU E5-2620 0 @ 2.00GHz,Linux-6.1.0-41-amd64-x86_64-with-glibc2.36,3.12.12,600,0.40060001611709595,0.0,0.4000000059604645,0.8999999761581421,1.0,0.2536526024341583,0.073,0.023,1000,485.78602308407426,2058.519497229198
yi-128-ip,hnsw-hnswlib,none,128,187843,False,10,1,fig3,187141.32847310975,ef_search,1.5223431808351529,1.0,498.50799143272553,500.0,2.2216531890994076,1.0,146,2.096420947280442,1.0,96,48,500,True,100,2026-08-17T15:53:44+00:00,,False,reference-machine,Intel(R) Xeon(R) CPU E5-2620 0 @ 2.00GHz,Linux-6.1.0-41-amd64-x86_64-with-glibc2.36,3.12.12,800,0.41680002212524414,0.0,0.4000000059604645,0.8999999761581421,1.0,0.25451475381851196,0.063,0.024,1000,631.244596093893,1584.171977372868
yi-128-ip,hnsw-hnswlib,none,128,187843,False,10,1,fig3,187141.32847310975,ef_search,1.5223431808351529,1.0,498.50799143272553,500.0,2.2216531890994076,1.0,146,2.096420947280442,1.0,96,48,500,True,100,2026-08-17T15:53:44+00:00,,False,reference-machine,Intel(R) Xeon(R) CPU E5-2620 0 @ 2.00GHz,Linux-6.1.0-41-amd64-x86_64-with-glibc2.36,3.12.12,1000,0.4302999973297119,0.0,0.4000000059604645,0.8999999761581421,1.0,0.25197601318359375,0.056,0.025,1000,770.2974397689104,1298.1998230449792
yi-128-ip,flatnav,none,128,187843,False,10,1,fig3,125587.5678579323,ef_search,0.0,0.0,0.0,0.0,0.0,0.0,0,0.0,0.0,0,48,500,,100,2026-08-17T15:53:44+00:00,,False,reference-machine,Intel(R) Xeon(R) CPU E5-2620 0 @ 2.00GHz,Linux-6.1.0-41-amd64-x86_64-with-glibc2.36,3.12.12,10,0.07930000126361847,0.0,0.0,0.4000000059604645,0.6000000238418579,0.1409308761358261,0.658,0.0,1000,20.2140798792243,49470.4684049351
yi-128-ip,flatnav,none,128,187843,False,10,1,fig3,125587.5678579323,ef_search,0.0,0.0,0.0,0.0,0.0,0.0,0,0.0,0.0,0,48,500,,100,2026-08-17T15:53:44+00:00,,False,reference-machine,Intel(R) Xeon(R) CPU E5-2620 0 @ 2.00GHz,Linux-6.1.0-41-amd64-x86_64-with-glibc2.36,3.12.12,20,0.12570001184940338,0.0,0.0,0.5,0.699999988079071,0.17941436171531677,0.524,0.0,1000,33.003624994307756,30299.701931908185
yi-128-ip,flatnav,none,128,187843,False,10,1,fig3,125587.5678579323,ef_search,0.0,0.0,0.0,0.0,0.0,0.0,0,0.0,0.0,0,48,500,,100,2026-08-17T15:53:44+00:00,,False,reference-machine,Intel(R) Xeon(R) CPU E5-2620 0 @ 2.00GHz,Linux-6.1.0-41-amd64-x86_64-with-glibc2.36,3.12.12,30,0.15309999883174896,0.0,0.10000000149011612,0.6000000238418579,0.800000011920929,0.1971050202846527,0.456,0.0,1000,44.25930231809616,22594.12027810328
yi-128-ip,flatnav,none,128,187843,False,10,1,fig3,125587.5678579323,ef_search,0.0,0.0,0.0,0.0,0.0,0.0,0,0.0,0.0,0,48,500,,100,2026-08-17T15:53:44+00:00,,False,reference-machine,Intel(R) Xeon(R) CPU E5-2620 0 @ 2.00GHz,Linux-6.1.0-41-amd64-x86_64-with-glibc2.36,3.12.12,40,0.1743999868631363,0.0,0.10000000149011612,0.6000000238418579,0.800000011920929,0.21039164066314697,0.412,0.001,1000,55.29743107035756,18084.02272300231
yi-128-ip,flatnav,none,128,187843,False,10,1,fig3,125587.5678579323,ef_search,0.0,0.0,0.0,0.0,0.0,0.0,0,0.0,0.0,0,48,500,,100,2026-08-17T15:53:44+00:00,,False,reference-machine,Intel(R) Xeon(R) CPU E5-2620 0 @ 2.00GHz,Linux-6.1.0-41-amd64-x86_64-with-glibc2.36,3.12.12,50,0.1917000114917755,0.0,0.10000000149011612,0.6000000238418579,0.8010000115633001,0.21656663715839386,0.364,0.002,1000,66.27079378813505,15089.603471432047
yi-128-ip,flatnav,none,128,187843,False,10,1,fig3,125587.5678579323,ef_search,0.0,0.0,0.0,0.0,0.0,0.0,0,0.0,0.0,0,48,500,,100,2026-08-17T15:53:44+00:00,,False,reference-machine,Intel(R) Xeon(R) CPU E5-2620 0 @ 2.00GHz,Linux-6.1.0-41-amd64-x86_64-with-glibc2.36,3.12.12,60,0.20800000429153442,0.0,0.10000000149011612,0.699999988079071,0.8999999761581421,0.22350838780403137,0.334,0.004,1000,75.83295600488782,13186.878801553574
yi-128-ip,flatnav,none,128,187843,False,10,1,fig3,125587.5678579323,ef_search,0.0,0.0,0.0,0.0,0.0,0.0,0,0.0,0.0,0,48,500,,100,2026-08-17T15:53:44+00:00,,False,reference-machine,Intel(R) Xeon(R) CPU E5-2620 0 @ 2.00GHz,Linux-6.1.0-41-amd64-x86_64-with-glibc2.36,3.12.12,80,0.23350000381469727,0.0,0.20000000298023224,0.699999988079071,0.8999999761581421,0.23149029910564423,0.279,0.004,1000,94.64130597189069,10566.210913203256
yi-128-ip,flatnav,none,128,187843,False,10,1,fig3,125587.5678579323,ef_search,0.0,0.0,0.0,0.0,0.0,0.0,0,0.0,0.0,0,48,500,,100,2026-08-17T15:53:44+00:00,,False,reference-machine,Intel(R) Xeon(R) CPU E5-2620 0 @ 2.00GHz,Linux-6.1.0-41-amd64-x86_64-with-glibc2.36,3.12.12,100,0.2501000165939331,0.0,0.20000000298023224,0.699999988079071,0.8999999761581421,0.23622021079063416,0.25,0.005,1000,112.49911598861217,8888.958737251109
yi-128-ip,flatnav,none,128,187843,False,10,1,fig3,125587.5678579323,ef_search,0.0,0.0,0.0,0.0,0.0,0.0,0,0.0,0.0,0,48,500,,100,2026-08-17T15:53:44+00:00,,False,reference-machine,Intel(R) Xeon(R) CPU E5-2620 0 @ 2.00GHz,Linux-6.1.0-41-amd64-x86_64-with-glibc2.36,3.12.12,150,0.2784999907016754,0.0,0.20000000298023224,0.800000011920929,0.8999999761581421,0.24180105328559875,0.195,0.009,1000,156.70024836435914,6381.610817072873
yi-128-ip,flatnav,none,128,187843,False,10,1,fig3,125587.5678579323,ef_search,0.0,0.0,0.0,0.0,0.0,0.0,0,0.0,0.0,0,48,500,,100,2026-08-17T15:53:44+00:00,,False,reference-machine,Intel(R) Xeon(R) CPU E5-2620 0 @ 2.00GHz,Linux-6.1.0-41-amd64-x86_64-with-glibc2.36,3.12.12,200,0.2953999638557434,0.0,0.20000000298023224,0.800000011920929,0.8999999761581421,0.24343138933181763,0.167,0.009,1000,198.29633086919785,5042.957656436062
yi-128-ip,flatnav,none,128,187843,False,10,1,fig3,125587.5678579323,ef_search,0.0,0.0,0.0,0.0,0.0,0.0,0,0.0,0.0,0,48,500,,100,2026-08-17T15:53:44+00:00,,False,reference-machine,Intel(R) Xeon(R) CPU E5-2620 0 @ 2.00GHz,Linux-6.1.0-41-amd64-x86_64-with-glibc2.36,3.12.12,300,0.32109999656677246,0.0,0.30000001192092896,0.800000011920929,0.8999999761581421,0.24516278505325317,0.131,0.009,1000,281.6944611258805,3549.945554496122
yi-128-ip,flatnav,none,128,187843,False,10,1,fig3,125587.5678579323,ef_search,0.0,0.0,0.0,0.0,0.0,0.0,0,0.0,0.0,0,48,500,,100,2026-08-17T15:53:44+00:00,,False,reference-machine,Intel(R) Xeon(R) CPU E5-2620 0 @ 2.00GHz,Linux-6.1.0-41-amd64-x86_64-with-glibc2.36,3.12.12,400,0.33590003848075867,0.0,0.30000001192092896,0.800000011920929,1.0,0.24605117738246918,0.114,0.011,1000,365.96799083054066,2732.4794109194218
yi-128-ip,flatnav,none,128,187843,False,10,1,fig3,125587.5678579323,ef_search,0.0,0.0,0.0,0.0,0.0,0.0,0,0.0,0.0,0,48,500,,100,2026-08-17T15:53:44+00:00,,False,reference-machine,Intel(R) Xeon(R) CPU E5-2620 0 @ 2.00GHz,Linux-6.1.0-41-amd64-x86_64-with-glibc2.36,3.12.12,500,0.34850001335144043,0.0,0.30000001192092896,0.800000011920929,1.0,0.24830977618694305,0.105,0.012,1000,445.3447749838233,2245.4512911627266
yi-128-ip,flatnav,none,128,187843,False,10,1,fig3,125587.5678579323,ef_search,0.0,0.0,0.0,0.0,0.0,0.0,0,0.0,0.0,0,48,500,,100,2026-08-17T15:53:44+00:00,,False,reference-machine,Intel(R) Xeon(R) CPU E5-2620 0 @ 2.00GHz,Linux-6.1.0-41-amd64-x86_64-with-glibc2.36,3.12.12,600,0.3569999933242798,0.0,0.30000001192092896,0.800000011920929,1.0,0.2461930215358734,0.094,0.012,1000,528.5707963630557,1891.8941547295342
yi-128-ip,flatnav,none,128,187843,False,10,1,fig3,125587.5678579323,ef_search,0.0,0.0,0.0,0.0,0.0,0.0,0,0.0,0.0,0,48,500,,100,2026-08-17T15:53:44+00:00,,False,reference-machine,Intel(R) Xeon(R) CPU E5-2620 0 @ 2.00GHz,Linux-6.1.0-41-amd64-x86_64-with-glibc2.36,3.12.12,800,0.3711000084877014,0.0,0.30000001192092896,0.800000011920929,1.0,0.2466876357793808,0.081,0.014,1000,696.8077141791582,1435.1161441689883
yi-128-ip,flatnav,none,128,187843,False,10,1,fig3,125587.5678579323,ef_search,0.0,0.0,0.0,0.0,0.0,0.0,0,0.0,0.0,0,48,500,,100,2026-08-17T15:53:44+00:00,,False,reference-machine,Intel(R) Xeon(R) CPU E5-2620 0 @ 2.00GHz,Linux-6.1.0-41-amd64-x86_64-with-glibc2.36,3.12.12,1000,0.38040000200271606,0.0,0.4000000059604645,0.800000011920929,1.0,0.24530763924121857,0.073,0.014,1000,859.7243647091091,1163.1634987317752
yi-128-ip,nsg-faiss,none,128,187843,False,10,1,fig3,341795.18793011084,search_l,0.0,0.0,0.0,0.0,0.0,0.0,0,0.0,0.0,0,,,,100,2026-08-17T15:53:44+00:00,,False,reference-machine,Intel(R) Xeon(R) CPU E5-2620 0 @ 2.00GHz,Linux-6.1.0-41-amd64-x86_64-with-glibc2.36,3.12.12,10,0.02590000070631504,0.0,0.0,0.20000000298023224,0.5,0.09088008105754852,0.881,0.0,1000,16.704503912478685,59864.094452573045
yi-128-ip,nsg-faiss,none,128,187843,False,10,1,fig3,341795.18793011084,search_l,0.0,0.0,0.0,0.0,0.0,0.0,0,0.0,0.0,0,,,,100,2026-08-17T15:53:44+00:00,,False,reference-machine,Intel(R) Xeon(R) CPU E5-2620 0 @ 2.00GHz,Linux-6.1.0-41-amd64-x86_64-with-glibc2.36,3.12.12,20,0.05270000547170639,0.0,0.0,0.30000001192092896,0.6000000238418579,0.13465774059295654,0.797,0.0,1000,33.557020127773285,29800.023845751293
yi-128-ip,nsg-faiss,none,128,187843,False,10,1,fig3,341795.18793011084,search_l,0.0,0.0,0.0,0.0,0.0,0.0,0,0.0,0.0,0,,,,100,2026-08-17T15:53:44+00:00,,False,reference-machine,Intel(R) Xeon(R) CPU E5-2620 0 @ 2.00GHz,Linux-6.1.0-41-amd64-x86_64-with-glibc2.36,3.12.12,30,0.07619999349117279,0.0,0.0,0.5,0.699999988079071,0.16165879368782043,0.726,0.001,1000,46.4903237298131,21509.85236867096
yi-128-ip,nsg-faiss,none,128,187843,False,10,1,fig3,341795.18793011084,search_l,0.0,0.0,0.0,0.0,0.0,0.0,0,0.0,0.0,0,,,,100,2026-08-17T15:53:44+00:00,,False,reference-machine,Intel(R) Xeon(R) CPU E5-2620 0 @ 2.00GHz,Linux-6.1.0-41-amd64-x86_64-with-glibc2.36,3.12.12,40,0.09269999712705612,0.0,0.0,0.5050000011920883,0.800000011920929,0.18208983540534973,0.686,0.002,1000,60.10518968105316,16637.498447413236
yi-128-ip,nsg-faiss,none,128,187843,False,10,1,fig3,341795.18793011084,search_l,0.0,0.0,0.0,0.0,0.0,0.0,0,0.0,0.0,0,,,,100,2026-08-17T15:53:44+00:00,,False,reference-machine,Intel(R) Xeon(R) CPU E5-2620 0 @ 2.00GHz,Linux-6.1.0-41-amd64-x86_64-with-glibc2.36,3.12.12,50,0.10480000078678131,0.0,0.0,0.6000000238418579,0.8010000115633001,0.1915123164653778,0.649,0.002,1000,75.29221614822745,13281.585416894948
yi-128-ip,nsg-faiss,none,128,187843,False,10,1,fig3,341795.18793011084,search_l,0.0,0.0,0.0,0.0,0.0,0.0,0,0.0,0.0,0,,,,100,2026-08-17T15:53:44+00:00,,False,reference-machine,Intel(R) Xeon(R) CPU E5-2620 0 @ 2.00GHz,Linux-6.1.0-41-amd64-x86_64-with-glibc2.36,3.12.12,60,0.1378999948501587,0.0,0.0,0.6000000238418579,0.8999999761581421,0.2137605845928192,0.558,0.002,1000,85.82018641754985,11652.270191241445
yi-128-ip,nsg-faiss,none,128,187843,False,10,1,fig3,341795.18793011084,search_l,0.0,0.0,0.0,0.0,0.0,0.0,0,0.0,0.0,0,,,,100,2026-08-17T15:53:44+00:00,,False,reference-machine,Intel(R) Xeon(R) CPU E5-2620 0 @ 2.00GHz,Linux-6.1.0-41-amd64-x86_64-with-glibc2.36,3.12.12,80,0.15649999678134918,0.0,0.0,0.699999988079071,0.8999999761581421,0.22851204872131348,0.517,0.005,1000,105.01649091020226,9522.313984525366
yi-128-ip,nsg-faiss,none,128,187843,False,10,1,fig3,341795.18793011084,search_l,0.0,0.0,0.0,0.0,0.0,0.0,0,0.0,0.0,0,,,,100,2026-08-17T15:53:44+00:00,,False,reference-machine,Intel(R) Xeon(R) CPU E5-2620 0 @ 2.00GHz,Linux-6.1.0-41-amd64-x86_64-with-glibc2.36,3.12.12,100,0.17240001261234283,0.0,0.10000000149011612,0.699999988079071,0.8999999761581421,0.23874303698539734,0.474,0.007,1000,128.75712336972356,7766.560589650016
yi-128-ip,nsg-faiss,none,128,187843,False,10,1,fig3,341795.18793011084,search_l,0.0,0.0,0.0,0.0,0.0,0.0,0,0.0,0.0,0,,,,100,2026-08-17T15:53:44+00:00,,False,reference-machine,Intel(R) Xeon(R) CPU E5-2620 0 @ 2.00GHz,Linux-6.1.0-41-amd64-x86_64-with-glibc2.36,3.12.12,150,0.22470001876354218,0.0,0.10000000149011612,0.800000011920929,1.0,0.2655181884765625,0.36,0.015,1000,180.93244498595595,5526.924704287395
yi-128-ip,nsg-faiss,none,128,187843,False,10,1,fig3,341795.18793011084,search_l,0.0,0.0,0.0,0.0,0.0,0.0,0,0.0,0.0,0,,,,100,2026-08-17T15:53:44+00:00,,False,reference-machine,Intel(R) Xeon(R) CPU E5-2620 0 @ 2.00GHz,Linux-6.1.0-41-amd64-x86_64-with-glibc2.36,3.12.12,200,0.24639999866485596,0.0,0.10000000149011612,0.8999999761581421,1.0,0.27789753675460815,0.33,0.02,1000,233.13570115715265,4289.347341640814
yi-128-ip,nsg-faiss,none,128,187843,False,10,1,fig3,341795.18793011084,search_l,0.0,0.0,0.0,0.0,0.0,0.0,0,0.0,0.0,0,,,,100,2026-08-17T15:53:44+00:00,,False,reference-machine,Intel(R) Xeon(R) CPU E5-2620 0 @ 2.00GHz,Linux-6.1.0-41-amd64-x86_64-with-glibc2.36,3.12.12,300,0.2793999910354614,0.0,0.20000000298023224,0.8999999761581421,1.0,0.2926698327064514,0.277,0.029,1000,347.5333130918443,2877.421997630843
yi-128-ip,nsg-faiss,none,128,187843,False,10,1,fig3,341795.18793011084,search_l,0.0,0.0,0.0,0.0,0.0,0.0,0,0.0,0.0,0,,,,100,2026-08-17T15:53:44+00:00,,False,reference-machine,Intel(R) Xeon(R) CPU E5-2620 0 @ 2.00GHz,Linux-6.1.0-41-amd64-x86_64-with-glibc2.36,3.12.12,400,0.3162999749183655,0.0,0.20000000298023224,0.8999999761581421,1.0,0.29974040389060974,0.219,0.043,1000,460.924054030329,2169.554813327663
yi-128-ip,nsg-faiss,none,128,187843,False,10,1,fig3,341795.18793011084,search_l,0.0,0.0,0.0,0.0,0.0,0.0,0,0.0,0.0,0,,,,100,2026-08-17T15:53:44+00:00,,False,reference-machine,Intel(R) Xeon(R) CPU E5-2620 0 @ 2.00GHz,Linux-6.1.0-41-amd64-x86_64-with-glibc2.36,3.12.12,500,0.33559998869895935,0.0,0.20000000298023224,1.0,1.0,0.3056020736694336,0.205,0.054,1000,593.2441698387265,1685.646569896928
yi-128-ip,nsg-faiss,none,128,187843,False,10,1,fig3,341795.18793011084,search_l,0.0,0.0,0.0,0.0,0.0,0.0,0,0.0,0.0,0,,,,100,2026-08-17T15:53:44+00:00,,False,reference-machine,Intel(R) Xeon(R) CPU E5-2620 0 @ 2.00GHz,Linux-6.1.0-41-amd64-x86_64-with-glibc2.36,3.12.12,600,0.3547999858856201,0.0,0.30000001192092896,1.0,1.0,0.30759868025779724,0.183,0.061,1000,727.728852070868,1374.1381795628154
yi-128-ip,nsg-faiss,none,128,187843,False,10,1,fig3,341795.18793011084,search_l,0.0,0.0,0.0,0.0,0.0,0.0,0,0.0,0.0,0,,,,100,2026-08-17T15:53:44+00:00,,False,reference-machine,Intel(R) Xeon(R) CPU E5-2620 0 @ 2.00GHz,Linux-6.1.0-41-amd64-x86_64-with-glibc2.36,3.12.12,800,0.3870999813079834,0.0,0.30000001192092896,1.0,1.0,0.31247973442077637,0.149,0.072,1000,1020.0884053483605,980.3071917658938
yi-128-ip,nsg-faiss,none,128,187843,False,10,1,fig3,341795.18793011084,search_l,0.0,0.0,0.0,0.0,0.0,0.0,0,0.0,0.0,0,,,,100,2026-08-17T15:53:44+00:00,,False,reference-machine,Intel(R) Xeon(R) CPU E5-2620 0 @ 2.00GHz,Linux-6.1.0-41-amd64-x86_64-with-glibc2.36,3.12.12,1000,0.4084000289440155,0.0,0.30000001192092896,1.0,1.0,0.3169375956058502,0.132,0.087,1000,1340.8461390063167,745.7977249657346
yi-128-ip,roargraph,none,128,187843,False,10,1,fig3,114610.77709775418,l_pq,0.0,0.0,0.0,0.0,0.0,0.0,0,0.0,0.0,0,,,,100,2026-08-17T19:37:13+00:00,,False,reference-machine,Intel(R) Xeon(R) CPU E5-2620 0 @ 2.00GHz,Linux-6.1.0-41-amd64-x86_64-with-glibc2.36,3.12.12,10,0.06449999660253525,0.0,0.0,0.4000000059604645,0.6000000238418579,0.1386713832616806,0.734,0.0,1000,25.767661165446043,38808.333964783014
yi-128-ip,roargraph,none,128,187843,False,10,1,fig3,114610.77709775418,l_pq,0.0,0.0,0.0,0.0,0.0,0.0,0,0.0,0.0,0,,,,100,2026-08-17T19:37:13+00:00,,False,reference-machine,Intel(R) Xeon(R) CPU E5-2620 0 @ 2.00GHz,Linux-6.1.0-41-amd64-x86_64-with-glibc2.36,3.12.12,20,0.08969999849796295,0.0,0.0,0.4050000056624367,0.699999988079071,0.1593233048915863,0.64,0.0,1000,38.32147782668471,26095.02703738794
yi-128-ip,roargraph,none,128,187843,False,10,1,fig3,114610.77709775418,l_pq,0.0,0.0,0.0,0.0,0.0,0.0,0,0.0,0.0,0,,,,100,2026-08-17T19:37:13+00:00,,False,reference-machine,Intel(R) Xeon(R) CPU E5-2620 0 @ 2.00GHz,Linux-6.1.0-41-amd64-x86_64-with-glibc2.36,3.12.12,30,0.11160000413656235,0.0,0.0,0.5,0.699999988079071,0.17574253678321838,0.568,0.0,1000,51.460023038089275,19432.560285871383
yi-128-ip,roargraph,none,128,187843,False,10,1,fig3,114610.77709775418,l_pq,0.0,0.0,0.0,0.0,0.0,0.0,0,0.0,0.0,0,,,,100,2026-08-17T19:37:13+00:00,,False,reference-machine,Intel(R) Xeon(R) CPU E5-2620 0 @ 2.00GHz,Linux-6.1.0-41-amd64-x86_64-with-glibc2.36,3.12.12,40,0.1292000114917755,0.0,0.0,0.5,0.7009999883174887,0.18779605627059937,0.521,0.0,1000,63.488425221294165,15750.902570262488
yi-128-ip,roargraph,none,128,187843,False,10,1,fig3,114610.77709775418,l_pq,0.0,0.0,0.0,0.0,0.0,0.0,0,0.0,0.0,0,,,,100,2026-08-17T19:37:13+00:00,,False,reference-machine,Intel(R) Xeon(R) CPU E5-2620 0 @ 2.00GHz,Linux-6.1.0-41-amd64-x86_64-with-glibc2.36,3.12.12,50,0.14410001039505005,0.0,0.10000000149011612,0.6000000238418579,0.800000011920929,0.1965329349040985,0.48,0.0,1000,73.71338410302997,13566.057401492917
yi-128-ip,roargraph,none,128,187843,False,10,1,fig3,114610.77709775418,l_pq,0.0,0.0,0.0,0.0,0.0,0.0,0,0.0,0.0,0,,,,100,2026-08-17T19:37:13+00:00,,False,reference-machine,Intel(R) Xeon(R) CPU E5-2620 0 @ 2.00GHz,Linux-6.1.0-41-amd64-x86_64-with-glibc2.36,3.12.12,60,0.15640000998973846,0.0,0.10000000149011612,0.6000000238418579,0.800000011920929,0.20346753299236298,0.441,0.002,1000,85.25345427915454,11729.729996928836
yi-128-ip,roargraph,none,128,187843,False,10,1,fig3,114610.77709775418,l_pq,0.0,0.0,0.0,0.0,0.0,0.0,0,0.0,0.0,0,,,,100,2026-08-17T19:37:13+00:00,,False,reference-machine,Intel(R) Xeon(R) CPU E5-2620 0 @ 2.00GHz,Linux-6.1.0-41-amd64-x86_64-with-glibc2.36,3.12.12,80,0.1753000169992447,0.0,0.10000000149011612,0.699999988079071,0.800000011920929,0.21321329474449158,0.392,0.002,1000,105.03621818497777,9520.52556042064
yi-128-ip,roargraph,none,128,187843,False,10,1,fig3,114610.77709775418,l_pq,0.0,0.0,0.0,0.0,0.0,0.0,0,0.0,0.0,0,,,,100,2026-08-17T19:37:13+00:00,,False,reference-machine,Intel(R) Xeon(R) CPU E5-2620 0 @ 2.00GHz,Linux-6.1.0-41-amd64-x86_64-with-glibc2.36,3.12.12,100,0.19060000777244568,0.0,0.10000000149011612,0.699999988079071,0.800000011920929,0.22093357145786285,0.364,0.003,1000,124.38633665442467,8039.46821569512
yi-128-ip,roargraph,none,128,187843,False,10,1,fig3,114610.77709775418,l_pq,0.0,0.0,0.0,0.0,0.0,0.0,0,0.0,0.0,0,,,,100,2026-08-17T19:37:13+00:00,,False,reference-machine,Intel(R) Xeon(R) CPU E5-2620 0 @ 2.00GHz,Linux-6.1.0-41-amd64-x86_64-with-glibc2.36,3.12.12,150,0.2222999930381775,0.0,0.10000000149011612,0.699999988079071,0.8999999761581421,0.2377660870552063,0.304,0.004,1000,174.40223274752498,5733.871546516605
yi-128-ip,roargraph,none,128,187843,False,10,1,fig3,114610.77709775418,l_pq,0.0,0.0,0.0,0.0,0.0,0.0,0,0.0,0.0,0,,,,100,2026-08-17T19:37:13+00:00,,False,reference-machine,Intel(R) Xeon(R) CPU E5-2620 0 @ 2.00GHz,Linux-6.1.0-41-amd64-x86_64-with-glibc2.36,3.12.12,200,0.2434999942779541,0.0,0.20000000298023224,0.800000011920929,0.8999999761581421,0.2453930526971817,0.268,0.005,1000,223.03238790482283,4483.653739235136
yi-128-ip,roargraph,none,128,187843,False,10,1,fig3,114610.77709775418,l_pq,0.0,0.0,0.0,0.0,0.0,0.0,0,0.0,0.0,0,,,,100,2026-08-17T19:37:13+00:00,,False,reference-machine,Intel(R) Xeon(R) CPU E5-2620 0 @ 2.00GHz,Linux-6.1.0-41-amd64-x86_64-with-glibc2.36,3.12.12,300,0.27549996972084045,0.0,0.20000000298023224,0.800000011920929,1.0,0.25739026069641113,0.223,0.011,1000,320.73427364230156,3117.84577508311
yi-128-ip,roargraph,none,128,187843,False,10,1,fig3,114610.77709775418,l_pq,0.0,0.0,0.0,0.0,0.0,0.0,0,0.0,0.0,0,,,,100,2026-08-17T19:37:13+00:00,,False,reference-machine,Intel(R) Xeon(R) CPU E5-2620 0 @ 2.00GHz,Linux-6.1.0-41-amd64-x86_64-with-glibc2.36,3.12.12,400,0.3003000020980835,0.0,0.20000000298023224,0.8999999761581421,1.0,0.264896035194397,0.188,0.016,1000,426.87948793172836,2342.581520712309
yi-128-ip,roargraph,none,128,187843,False,10,1,fig3,114610.77709775418,l_pq,0.0,0.0,0.0,0.0,0.0,0.0,0,0.0,0.0,0,,,,100,2026-08-17T19:37:13+00:00,,False,reference-machine,Intel(R) Xeon(R) CPU E5-2620 0 @ 2.00GHz,Linux-6.1.0-41-amd64-x86_64-with-glibc2.36,3.12.12,500,0.31679999828338623,0.0,0.30000001192092896,0.8999999761581421,1.0,0.2687336206436157,0.162,0.021,1000,545.2996119856834,1833.8542298949124
yi-128-ip,roargraph,none,128,187843,False,10,1,fig3,114610.77709775418,l_pq,0.0,0.0,0.0,0.0,0.0,0.0,0,0.0,0.0,0,,,,100,2026-08-17T19:37:13+00:00,,False,reference-machine,Intel(R) Xeon(R) CPU E5-2620 0 @ 2.00GHz,Linux-6.1.0-41-amd64-x86_64-with-glibc2.36,3.12.12,600,0.3287999927997589,0.0,0.30000001192092896,0.8999999761581421,1.0,0.2728196680545807,0.149,0.027,1000,652.468147687614,1532.641866954057
yi-128-ip,roargraph,none,128,187843,False,10,1,fig3,114610.77709775418,l_pq,0.0,0.0,0.0,0.0,0.0,0.0,0,0.0,0.0,0,,,,100,2026-08-17T19:37:13+00:00,,False,reference-machine,Intel(R) Xeon(R) CPU E5-2620 0 @ 2.00GHz,Linux-6.1.0-41-amd64-x86_64-with-glibc2.36,3.12.12,800,0.35089999437332153,0.0,0.30000001192092896,0.8999999761581421,1.0,0.27687394618988037,0.131,0.037,1000,900.0446242280304,1111.0560222030117
yi-128-ip,roargraph,none,128,187843,False,10,1,fig3,114610.77709775418,l_pq,0.0,0.0,0.0,0.0,0.0,0.0,0,0.0,0.0,0,,,,100,2026-08-17T19:37:13+00:00,,False,reference-machine,Intel(R) Xeon(R) CPU E5-2620 0 @ 2.00GHz,Linux-6.1.0-41-amd64-x86_64-with-glibc2.36,3.12.12,1000,0.36810001730918884,0.0,0.30000001192092896,0.8999999761581421,1.0,0.2780510485172272,0.107,0.041,1000,1167.080903891474,856.8386276098211
yi-128-ip,hnsw-hnswlib,bachrach,129,187843,False,10,1,fig3,185902.5441976264,ef_search,13.407284267795074,12.0,498.5170172960973,500.0,27.067471239279612,23.0,143,26.670096836187668,23.0,96,48,500,True,100,2026-08-17T15:53:44+00:00,,False,reference-machine,Intel(R) Xeon(R) CPU E5-2620 0 @ 2.00GHz,Linux-6.1.0-41-amd64-x86_64-with-glibc2.36,3.12.12,10,0.33160001039505005,0.0,0.30000001192092896,0.8999999761581421,1.0,0.2798596918582916,0.191,0.019,1000,43.526685796678066,22974.41171310864
yi-128-ip,hnsw-hnswlib,bachrach,129,187843,False,10,1,fig3,185902.5441976264,ef_search,13.407284267795074,12.0,498.5170172960973,500.0,27.067471239279612,23.0,143,26.670096836187668,23.0,96,48,500,True,100,2026-08-17T15:53:44+00:00,,False,reference-machine,Intel(R) Xeon(R) CPU E5-2620 0 @ 2.00GHz,Linux-6.1.0-41-amd64-x86_64-with-glibc2.36,3.12.12,20,0.44829997420310974,0.0,0.4000000059604645,1.0,1.0,0.3005613386631012,0.104,0.052,1000,71.0433591157198,14075.91099924116
yi-128-ip,hnsw-hnswlib,bachrach,129,187843,False,10,1,fig3,185902.5441976264,ef_search,13.407284267795074,12.0,498.5170172960973,500.0,27.067471239279612,23.0,143,26.670096836187668,23.0,96,48,500,True,100,2026-08-17T15:53:44+00:00,,False,reference-machine,Intel(R) Xeon(R) CPU E5-2620 0 @ 2.00GHz,Linux-6.1.0-41-amd64-x86_64-with-glibc2.36,3.12.12,30,0.5170999765396118,0.0,0.5,1.0,1.0,0.29812344908714294,0.059,0.076,1000,96.56436275690794,10355.787284770984
yi-128-ip,hnsw-hnswlib,bachrach,129,187843,False,10,1,fig3,185902.5441976264,ef_search,13.407284267795074,12.0,498.5170172960973,500.0,27.067471239279612,23.0,143,26.670096836187668,23.0,96,48,500,True,100,2026-08-17T15:53:44+00:00,,False,reference-machine,Intel(R) Xeon(R) CPU E5-2620 0 @ 2.00GHz,Linux-6.1.0-41-amd64-x86_64-with-glibc2.36,3.12.12,40,0.5726000070571899,0.0,0.6000000238418579,1.0,1.0,0.28953278064727783,0.037,0.105,1000,122.03486822545528,8194.379315856955
yi-128-ip,hnsw-hnswlib,bachrach,129,187843,False,10,1,fig3,185902.5441976264,ef_search,13.407284267795074,12.0,498.5170172960973,500.0,27.067471239279612,23.0,143,26.670096836187668,23.0,96,48,500,True,100,2026-08-17T15:53:44+00:00,,False,reference-machine,Intel(R) Xeon(R) CPU E5-2620 0 @ 2.00GHz,Linux-6.1.0-41-amd64-x86_64-with-glibc2.36,3.12.12,50,0.6183000206947327,0.0,0.699999988079071,1.0,1.0,0.27841535210609436,0.022,0.127,1000,146.68934512883425,6817.127713820799
yi-128-ip,hnsw-hnswlib,bachrach,129,187843,False,10,1,fig3,185902.5441976264,ef_search,13.407284267795074,12.0,498.5170172960973,500.0,27.067471239279612,23.0,143,26.670096836187668,23.0,96,48,500,True,100,2026-08-17T15:53:44+00:00,,False,reference-machine,Intel(R) Xeon(R) CPU E5-2620 0 @ 2.00GHz,Linux-6.1.0-41-amd64-x86_64-with-glibc2.36,3.12.12,60,0.6529000401496887,0.0,0.699999988079071,1.0,1.0,0.26879656314849854,0.018,0.15,1000,171.82382941246033,5819.914521864812
yi-128-ip,hnsw-hnswlib,bachrach,129,187843,False,10,1,fig3,185902.5441976264,ef_search,13.407284267795074,12.0,498.5170172960973,500.0,27.067471239279612,23.0,143,26.670096836187668,23.0,96,48,500,True,100,2026-08-17T15:53:44+00:00,,False,reference-machine,Intel(R) Xeon(R) CPU E5-2620 0 @ 2.00GHz,Linux-6.1.0-41-amd64-x86_64-with-glibc2.36,3.12.12,80,0.699999988079071,0.0,0.699999988079071,1.0,1.0,0.24935917556285858,0.009,0.186,1000,218.82340032607317,4569.895168934766
yi-128-ip,hnsw-hnswlib,bachrach,129,187843,False,10,1,fig3,185902.5441976264,ef_search,13.407284267795074,12.0,498.5170172960973,500.0,27.067471239279612,23.0,143,26.670096836187668,23.0,96,48,500,True,100,2026-08-17T15:53:44+00:00,,False,reference-machine,Intel(R) Xeon(R) CPU E5-2620 0 @ 2.00GHz,Linux-6.1.0-41-amd64-x86_64-with-glibc2.36,3.12.12,100,0.7390000820159912,0.0,0.800000011920929,1.0,1.0,0.23147138953208923,0.005,0.22,1000,266.2191139534116,3756.304290664119
yi-128-ip,hnsw-hnswlib,bachrach,129,187843,False,10,1,fig3,185902.5441976264,ef_search,13.407284267795074,12.0,498.5170172960973,500.0,27.067471239279612,23.0,143,26.670096836187668,23.0,96,48,500,True,100,2026-08-17T15:53:44+00:00,,False,reference-machine,Intel(R) Xeon(R) CPU E5-2620 0 @ 2.00GHz,Linux-6.1.0-41-amd64-x86_64-with-glibc2.36,3.12.12,150,0.8029999732971191,0.0,0.8999999761581421,1.0,1.0,0.20137278735637665,0.002,0.289,1000,380.6753270328045,2626.9104640811815
yi-128-ip,hnsw-hnswlib,bachrach,129,187843,False,10,1,fig3,185902.5441976264,ef_search,13.407284267795074,12.0,498.5170172960973,500.0,27.067471239279612,23.0,143,26.670096836187668,23.0,96,48,500,True,100,2026-08-17T15:53:44+00:00,,False,reference-machine,Intel(R) Xeon(R) CPU E5-2620 0 @ 2.00GHz,Linux-6.1.0-41-amd64-x86_64-with-glibc2.36,3.12.12,200,0.8450999855995178,0.0,0.8999999761581421,1.0,1.0,0.17685019969940186,0.002,0.367,1000,495.5897438339889,2017.7980122505862
yi-128-ip,hnsw-hnswlib,bachrach,129,187843,False,10,1,fig3,185902.5441976264,ef_search,13.407284267795074,12.0,498.5170172960973,500.0,27.067471239279612,23.0,143,26.670096836187668,23.0,96,48,500,True,100,2026-08-17T15:53:44+00:00,,False,reference-machine,Intel(R) Xeon(R) CPU E5-2620 0 @ 2.00GHz,Linux-6.1.0-41-amd64-x86_64-with-glibc2.36,3.12.12,300,0.8917999863624573,0.10000000149011612,0.8999999761581421,1.0,1.0,0.14061564207077026,0.0,0.462,1000,722.4775650538504,1384.1260246267498
yi-128-ip,hnsw-hnswlib,bachrach,129,187843,False,10,1,fig3,185902.5441976264,ef_search,13.407284267795074,12.0,498.5170172960973,500.0,27.067471239279612,23.0,143,26.670096836187668,23.0,96,48,500,True,100,2026-08-17T15:53:44+00:00,,False,reference-machine,Intel(R) Xeon(R) CPU E5-2620 0 @ 2.00GHz,Linux-6.1.0-41-amd64-x86_64-with-glibc2.36,3.12.12,400,0.9167999625205994,0.20000000298023224,1.0,1.0,1.0,0.11737870424985886,0.0,0.53,1000,944.3876212462783,1058.887238145214
yi-128-ip,hnsw-hnswlib,bachrach,129,187843,False,10,1,fig3,185902.5441976264,ef_search,13.407284267795074,12.0,498.5170172960973,500.0,27.067471239279612,23.0,143,26.670096836187668,23.0,96,48,500,True,100,2026-08-17T15:53:44+00:00,,False,reference-machine,Intel(R) Xeon(R) CPU E5-2620 0 @ 2.00GHz,Linux-6.1.0-41-amd64-x86_64-with-glibc2.36,3.12.12,500,0.9291999340057373,0.20000000298023224,1.0,1.0,1.0,0.10755166411399841,0.0,0.579,1000,1164.3349826335907,858.8593617088752
yi-128-ip,hnsw-hnswlib,bachrach,129,187843,False,10,1,fig3,185902.5441976264,ef_search,13.407284267795074,12.0,498.5170172960973,500.0,27.067471239279612,23.0,143,26.670096836187668,23.0,96,48,500,True,100,2026-08-17T15:53:44+00:00,,False,reference-machine,Intel(R) Xeon(R) CPU E5-2620 0 @ 2.00GHz,Linux-6.1.0-41-amd64-x86_64-with-glibc2.36,3.12.12,600,0.9408000111579895,0.20000000298023224,1.0,1.0,1.0,0.09557908028364182,0.0,0.62,1000,1381.4560817554593,723.8738988569719
yi-128-ip,hnsw-hnswlib,bachrach,129,187843,False,10,1,fig3,185902.5441976264,ef_search,13.407284267795074,12.0,498.5170172960973,500.0,27.067471239279612,23.0,143,26.670096836187668,23.0,96,48,500,True,100,2026-08-17T15:53:44+00:00,,False,reference-machine,Intel(R) Xeon(R) CPU E5-2620 0 @ 2.00GHz,Linux-6.1.0-41-amd64-x86_64-with-glibc2.36,3.12.12,800,0.9564999938011169,0.20000000298023224,1.0,1.0,1.0,0.07859866321086884,0.0,0.688,1000,1818.428436294198,549.9254081386423
yi-128-ip,hnsw-hnswlib,bachrach,129,187843,False,10,1,fig3,185902.5441976264,ef_search,13.407284267795074,12.0,498.5170172960973,500.0,27.067471239279612,23.0,143,26.670096836187668,23.0,96,48,500,True,100,2026-08-17T15:53:44+00:00,,False,reference-machine,Intel(R) Xeon(R) CPU E5-2620 0 @ 2.00GHz,Linux-6.1.0-41-amd64-x86_64-with-glibc2.36,3.12.12,1000,0.9667999148368835,0.4000000059604645,1.0,1.0,1.0,0.0669160708785057,0.0,0.749,1000,2235.068798996508,447.4135205363593
yi-128-ip,flatnav,bachrach,129,187843,False,10,1,fig3,159273.51992297918,ef_search,0.0,0.0,0.0,0.0,0.0,0.0,0,0.0,0.0,0,48,500,,100,2026-08-17T15:53:44+00:00,,False,reference-machine,Intel(R) Xeon(R) CPU E5-2620 0 @ 2.00GHz,Linux-6.1.0-41-amd64-x86_64-with-glibc2.36,3.12.12,10,0.2627999782562256,0.0,0.20000000298023224,0.800000011920929,0.9009999763965597,0.2586042582988739,0.275,0.01,1000,48.193265683948994,20749.787046140245
yi-128-ip,flatnav,bachrach,129,187843,False,10,1,fig3,159273.51992297918,ef_search,0.0,0.0,0.0,0.0,0.0,0.0,0,0.0,0.0,0,48,500,,100,2026-08-17T15:53:44+00:00,,False,reference-machine,Intel(R) Xeon(R) CPU E5-2620 0 @ 2.00GHz,Linux-6.1.0-41-amd64-x86_64-with-glibc2.36,3.12.12,20,0.38370001316070557,0.0,0.30000001192092896,0.8999999761581421,1.0,0.292411208152771,0.146,0.034,1000,76.55294518917799,13062.854701785744
yi-128-ip,flatnav,bachrach,129,187843,False,10,1,fig3,159273.51992297918,ef_search,0.0,0.0,0.0,0.0,0.0,0.0,0,0.0,0.0,0,48,500,,100,2026-08-17T15:53:44+00:00,,False,reference-machine,Intel(R) Xeon(R) CPU E5-2620 0 @ 2.00GHz,Linux-6.1.0-41-amd64-x86_64-with-glibc2.36,3.12.12,30,0.4641000032424927,0.0,0.5,1.0,1.0,0.3020946681499481,0.095,0.058,1000,103.05038606747985,9703.990816154499
yi-128-ip,flatnav,bachrach,129,187843,False,10,1,fig3,159273.51992297918,ef_search,0.0,0.0,0.0,0.0,0.0,0.0,0,0.0,0.0,0,48,500,,100,2026-08-17T15:53:44+00:00,,False,reference-machine,Intel(R) Xeon(R) CPU E5-2620 0 @ 2.00GHz,Linux-6.1.0-41-amd64-x86_64-with-glibc2.36,3.12.12,40,0.5245000123977661,0.0,0.6000000238418579,1.0,1.0,0.30064886808395386,0.067,0.079,1000,128.84001014754176,7761.564120142843
yi-128-ip,flatnav,bachrach,129,187843,False,10,1,fig3,159273.51992297918,ef_search,0.0,0.0,0.0,0.0,0.0,0.0,0,0.0,0.0,0,48,500,,100,2026-08-17T15:53:44+00:00,,False,reference-machine,Intel(R) Xeon(R) CPU E5-2620 0 @ 2.00GHz,Linux-6.1.0-41-amd64-x86_64-with-glibc2.36,3.12.12,50,0.5658000111579895,0.0,0.6000000238418579,1.0,1.0,0.29908251762390137,0.056,0.103,1000,153.01116881892085,6535.470630797138
yi-128-ip,flatnav,bachrach,129,187843,False,10,1,fig3,159273.51992297918,ef_search,0.0,0.0,0.0,0.0,0.0,0.0,0,0.0,0.0,0,48,500,,100,2026-08-17T15:53:44+00:00,,False,reference-machine,Intel(R) Xeon(R) CPU E5-2620 0 @ 2.00GHz,Linux-6.1.0-41-amd64-x86_64-with-glibc2.36,3.12.12,60,0.6053000688552856,0.0,0.6000000238418579,1.0,1.0,0.29165375232696533,0.044,0.124,1000,176.1047588661313,5678.438257084041
yi-128-ip,flatnav,bachrach,129,187843,False,10,1,fig3,159273.51992297918,ef_search,0.0,0.0,0.0,0.0,0.0,0.0,0,0.0,0.0,0,48,500,,100,2026-08-17T15:53:44+00:00,,False,reference-machine,Intel(R) Xeon(R) CPU E5-2620 0 @ 2.00GHz,Linux-6.1.0-41-amd64-x86_64-with-glibc2.36,3.12.12,80,0.6665999889373779,0.0,0.699999988079071,1.0,1.0,0.27597904205322266,0.03,0.169,1000,222.9053247720003,4486.2095646340185
yi-128-ip,flatnav,bachrach,129,187843,False,10,1,fig3,159273.51992297918,ef_search,0.0,0.0,0.0,0.0,0.0,0.0,0,0.0,0.0,0,48,500,,100,2026-08-17T15:53:44+00:00,,False,reference-machine,Intel(R) Xeon(R) CPU E5-2620 0 @ 2.00GHz,Linux-6.1.0-41-amd64-x86_64-with-glibc2.36,3.12.12,100,0.7085999846458435,0.0,0.800000011920929,1.0,1.0,0.26284223794937134,0.022,0.203,1000,267.95150013640523,3732.018665657528
yi-128-ip,flatnav,bachrach,129,187843,False,10,1,fig3,159273.51992297918,ef_search,0.0,0.0,0.0,0.0,0.0,0.0,0,0.0,0.0,0,48,500,,100,2026-08-17T15:53:44+00:00,,False,reference-machine,Intel(R) Xeon(R) CPU E5-2620 0 @ 2.00GHz,Linux-6.1.0-41-amd64-x86_64-with-glibc2.36,3.12.12,150,0.7854000329971313,0.0,0.800000011920929,1.0,1.0,0.22317446768283844,0.009,0.291,1000,377.6005348190665,2648.301333786951
yi-128-ip,flatnav,bachrach,129,187843,False,10,1,fig3,159273.51992297918,ef_search,0.0,0.0,0.0,0.0,0.0,0.0,0,0.0,0.0,0,48,500,,100,2026-08-17T15:53:44+00:00,,False,reference-machine,Intel(R) Xeon(R) CPU E5-2620 0 @ 2.00GHz,Linux-6.1.0-41-amd64-x86_64-with-glibc2.36,3.12.12,200,0.8253999948501587,0.0,0.8999999761581421,1.0,1.0,0.19983702898025513,0.007,0.345,1000,480.5323979817331,2081.0251383674945
yi-128-ip,flatnav,bachrach,129,187843,False,10,1,fig3,159273.51992297918,ef_search,0.0,0.0,0.0,0.0,0.0,0.0,0,0.0,0.0,0,48,500,,100,2026-08-17T15:53:44+00:00,,False,reference-machine,Intel(R) Xeon(R) CPU E5-2620 0 @ 2.00GHz,Linux-6.1.0-41-amd64-x86_64-with-glibc2.36,3.12.12,300,0.8783000111579895,0.0,0.8999999761581421,1.0,1.0,0.1567772626876831,0.001,0.438,1000,688.7163179926574,1451.976632286882
yi-128-ip,flatnav,bachrach,129,187843,False,10,1,fig3,159273.51992297918,ef_search,0.0,0.0,0.0,0.0,0.0,0.0,0,0.0,0.0,0,48,500,,100,2026-08-17T15:53:44+00:00,,False,reference-machine,Intel(R) Xeon(R) CPU E5-2620 0 @ 2.00GHz,Linux-6.1.0-41-amd64-x86_64-with-glibc2.36,3.12.12,400,0.9075999855995178,0.0,1.0,1.0,1.0,0.13123352825641632,0.001,0.512,1000,893.9848290756345,1118.587214767373
yi-128-ip,flatnav,bachrach,129,187843,False,10,1,fig3,159273.51992297918,ef_search,0.0,0.0,0.0,0.0,0.0,0.0,0,0.0,0.0,0,48,500,,100,2026-08-17T15:53:44+00:00,,False,reference-machine,Intel(R) Xeon(R) CPU E5-2620 0 @ 2.00GHz,Linux-6.1.0-41-amd64-x86_64-with-glibc2.36,3.12.12,500,0.9240999817848206,0.0,1.0,1.0,1.0,0.11691530793905258,0.001,0.568,1000,1097.2435837611556,911.3746617429997
yi-128-ip,flatnav,bachrach,129,187843,False,10,1,fig3,159273.51992297918,ef_search,0.0,0.0,0.0,0.0,0.0,0.0,0,0.0,0.0,0,48,500,,100,2026-08-17T15:53:44+00:00,,False,reference-machine,Intel(R) Xeon(R) CPU E5-2620 0 @ 2.00GHz,Linux-6.1.0-41-amd64-x86_64-with-glibc2.36,3.12.12,600,0.9365999698638916,0.0,1.0,1.0,1.0,0.10305552184581757,0.001,0.606,1000,1300.1958918757737,769.1148743419844
yi-128-ip,flatnav,bachrach,129,187843,False,10,1,fig3,159273.51992297918,ef_search,0.0,0.0,0.0,0.0,0.0,0.0,0,0.0,0.0,0,48,500,,100,2026-08-17T15:53:44+00:00,,False,reference-machine,Intel(R) Xeon(R) CPU E5-2620 0 @ 2.00GHz,Linux-6.1.0-41-amd64-x86_64-with-glibc2.36,3.12.12,800,0.9544000029563904,0.4000000059604645,1.0,1.0,1.0,0.07912420481443405,0.0,0.679,1000,1703.6302527412772,586.9818280057659
yi-128-ip,flatnav,bachrach,129,187843,False,10,1,fig3,159273.51992297918,ef_search,0.0,0.0,0.0,0.0,0.0,0.0,0,0.0,0.0,0,48,500,,100,2026-08-17T15:53:44+00:00,,False,reference-machine,Intel(R) Xeon(R) CPU E5-2620 0 @ 2.00GHz,Linux-6.1.0-41-amd64-x86_64-with-glibc2.36,3.12.12,1000,0.9650999903678894,0.4000000059604645,1.0,1.0,1.0,0.06864393502473831,0.0,0.738,1000,2095.893884077668,477.12339236109085
yi-128-ip,nsg-faiss,bachrach,129,187843,False,10,1,fig3,516474.563986063,search_l,0.0,0.0,0.0,0.0,0.0,0.0,0,0.0,0.0,0,,,,100,2026-08-17T15:53:44+00:00,,False,reference-machine,Intel(R) Xeon(R) CPU E5-2620 0 @ 2.00GHz,Linux-6.1.0-41-amd64-x86_64-with-glibc2.36,3.12.12,10,0.11220000684261322,0.0,0.0,0.5,0.8999999761581421,0.1942451000213623,0.605,0.007,1000,71.56494027003646,13973.322638525142
yi-128-ip,nsg-faiss,bachrach,129,187843,False,10,1,fig3,516474.563986063,search_l,0.0,0.0,0.0,0.0,0.0,0.0,0,0.0,0.0,0,,,,100,2026-08-17T15:53:44+00:00,,False,reference-machine,Intel(R) Xeon(R) CPU E5-2620 0 @ 2.00GHz,Linux-6.1.0-41-amd64-x86_64-with-glibc2.36,3.12.12,20,0.21040000021457672,0.0,0.10000000149011612,0.800000011920929,1.0,0.2680519223213196,0.424,0.02,1000,110.89661717414856,9017.407613341635
yi-128-ip,nsg-faiss,bachrach,129,187843,False,10,1,fig3,516474.563986063,search_l,0.0,0.0,0.0,0.0,0.0,0.0,0,0.0,0.0,0,,,,100,2026-08-17T15:53:44+00:00,,False,reference-machine,Intel(R) Xeon(R) CPU E5-2620 0 @ 2.00GHz,Linux-6.1.0-41-amd64-x86_64-with-glibc2.36,3.12.12,30,0.27309998869895935,0.0,0.10000000149011612,0.8999999761581421,1.0,0.30621299147605896,0.353,0.036,1000,144.38267797231674,6926.0385944062855
yi-128-ip,nsg-faiss,bachrach,129,187843,False,10,1,fig3,516474.563986063,search_l,0.0,0.0,0.0,0.0,0.0,0.0,0,0.0,0.0,0,,,,100,2026-08-17T15:53:44+00:00,,False,reference-machine,Intel(R) Xeon(R) CPU E5-2620 0 @ 2.00GHz,Linux-6.1.0-41-amd64-x86_64-with-glibc2.36,3.12.12,40,0.3513999581336975,0.0,0.30000001192092896,1.0,1.0,0.3261871337890625,0.253,0.057,1000,165.1889174245298,6053.674880803503
yi-128-ip,nsg-faiss,bachrach,129,187843,False,10,1,fig3,516474.563986063,search_l,0.0,0.0,0.0,0.0,0.0,0.0,0,0.0,0.0,0,,,,100,2026-08-17T15:53:44+00:00,,False,reference-machine,Intel(R) Xeon(R) CPU E5-2620 0 @ 2.00GHz,Linux-6.1.0-41-amd64-x86_64-with-glibc2.36,3.12.12,50,0.39729997515678406,0.0,0.30000001192092896,1.0,1.0,0.33076077699661255,0.202,0.073,1000,181.46862089633942,5510.594586880293
yi-128-ip,nsg-faiss,bachrach,129,187843,False,10,1,fig3,516474.563986063,search_l,0.0,0.0,0.0,0.0,0.0,0.0,0,0.0,0.0,0,,,,100,2026-08-17T15:53:44+00:00,,False,reference-machine,Intel(R) Xeon(R) CPU E5-2620 0 @ 2.00GHz,Linux-6.1.0-41-amd64-x86_64-with-glibc2.36,3.12.12,60,0.44120001792907715,0.0,0.4000000059604645,1.0,1.0,0.3346080780029297,0.167,0.083,1000,207.61448703706264,4816.6195638432655
yi-128-ip,nsg-faiss,bachrach,129,187843,False,10,1,fig3,516474.563986063,search_l,0.0,0.0,0.0,0.0,0.0,0.0,0,0.0,0.0,0,,,,100,2026-08-17T15:53:44+00:00,,False,reference-machine,Intel(R) Xeon(R) CPU E5-2620 0 @ 2.00GHz,Linux-6.1.0-41-amd64-x86_64-with-glibc2.36,3.12.12,80,0.4678000211715698,0.0,0.5,1.0,1.0,0.33175769448280334,0.16,0.077,1000,247.88470286875963,4034.133564625168
yi-128-ip,nsg-faiss,bachrach,129,187843,False,10,1,fig3,516474.563986063,search_l,0.0,0.0,0.0,0.0,0.0,0.0,0,0.0,0.0,0,,,,100,2026-08-17T15:53:44+00:00,,False,reference-machine,Intel(R) Xeon(R) CPU E5-2620 0 @ 2.00GHz,Linux-6.1.0-41-amd64-x86_64-with-glibc2.36,3.12.12,100,0.4948999881744385,0.0,0.5,1.0,1.0,0.33520737290382385,0.144,0.095,1000,298.62752510234714,3348.6531412577424
yi-128-ip,nsg-faiss,bachrach,129,187843,False,10,1,fig3,516474.563986063,search_l,0.0,0.0,0.0,0.0,0.0,0.0,0,0.0,0.0,0,,,,100,2026-08-17T15:53:44+00:00,,False,reference-machine,Intel(R) Xeon(R) CPU E5-2620 0 @ 2.00GHz,Linux-6.1.0-41-amd64-x86_64-with-glibc2.36,3.12.12,150,0.65420001745224,0.0,0.699999988079071,1.0,1.0,0.30073633790016174,0.051,0.203,1000,358.6800782941282,2787.9998375041355
yi-128-ip,nsg-faiss,bachrach,129,187843,False,10,1,fig3,516474.563986063,search_l,0.0,0.0,0.0,0.0,0.0,0.0,0,0.0,0.0,0,,,,100,2026-08-17T15:53:44+00:00,,False,reference-machine,Intel(R) Xeon(R) CPU E5-2620 0 @ 2.00GHz,Linux-6.1.0-41-amd64-x86_64-with-glibc2.36,3.12.12,200,0.6948000192642212,0.0,0.800000011920929,1.0,1.0,0.28665825724601746,0.045,0.229,1000,475.73021799325943,2102.031702375839
yi-128-ip,nsg-faiss,bachrach,129,187843,False,10,1,fig3,516474.563986063,search_l,0.0,0.0,0.0,0.0,0.0,0.0,0,0.0,0.0,0,,,,100,2026-08-17T15:53:44+00:00,,False,reference-machine,Intel(R) Xeon(R) CPU E5-2620 0 @ 2.00GHz,Linux-6.1.0-41-amd64-x86_64-with-glibc2.36,3.12.12,300,0.7684999704360962,0.0,0.800000011920929,1.0,1.0,0.2496352344751358,0.022,0.283,1000,712.2367131523788,1404.0275957890083
yi-128-ip,nsg-faiss,bachrach,129,187843,False,10,1,fig3,516474.563986063,search_l,0.0,0.0,0.0,0.0,0.0,0.0,0,0.0,0.0,0,,,,100,2026-08-17T15:53:44+00:00,,False,reference-machine,Intel(R) Xeon(R) CPU E5-2620 0 @ 2.00GHz,Linux-6.1.0-41-amd64-x86_64-with-glibc2.36,3.12.12,400,0.8028000593185425,0.0,0.8999999761581421,1.0,1.0,0.23990030586719513,0.022,0.332,1000,948.8571379333735,1053.8994333520181
yi-128-ip,nsg-faiss,bachrach,129,187843,False,10,1,fig3,516474.563986063,search_l,0.0,0.0,0.0,0.0,0.0,0.0,0,0.0,0.0,0,,,,100,2026-08-17T15:53:44+00:00,,False,reference-machine,Intel(R) Xeon(R) CPU E5-2620 0 @ 2.00GHz,Linux-6.1.0-41-amd64-x86_64-with-glibc2.36,3.12.12,500,0.843500018119812,0.0,0.8999999761581421,1.0,1.0,0.20769628882408142,0.013,0.402,1000,1206.2095422297716,829.0433502552323
yi-128-ip,nsg-faiss,bachrach,129,187843,False,10,1,fig3,516474.563986063,search_l,0.0,0.0,0.0,0.0,0.0,0.0,0,0.0,0.0,0,,,,100,2026-08-17T15:53:44+00:00,,False,reference-machine,Intel(R) Xeon(R) CPU E5-2620 0 @ 2.00GHz,Linux-6.1.0-41-amd64-x86_64-with-glibc2.36,3.12.12,600,0.87909996509552,0.0,0.8999999761581421,1.0,1.0,0.1662924885749817,0.001,0.459,1000,1468.1310900487006,681.1380855416857
yi-128-ip,nsg-faiss,bachrach,129,187843,False,10,1,fig3,516474.563986063,search_l,0.0,0.0,0.0,0.0,0.0,0.0,0,0.0,0.0,0,,,,100,2026-08-17T15:53:44+00:00,,False,reference-machine,Intel(R) Xeon(R) CPU E5-2620 0 @ 2.00GHz,Linux-6.1.0-41-amd64-x86_64-with-glibc2.36,3.12.12,800,0.9129000306129456,0.10000000149011612,1.0,1.0,1.0,0.1268211007118225,0.0,0.53,1000,2018.8510832376778,495.3312348309896
yi-128-ip,nsg-faiss,bachrach,129,187843,False,10,1,fig3,516474.563986063,search_l,0.0,0.0,0.0,0.0,0.0,0.0,0,0.0,0.0,0,,,,100,2026-08-17T15:53:44+00:00,,False,reference-machine,Intel(R) Xeon(R) CPU E5-2620 0 @ 2.00GHz,Linux-6.1.0-41-amd64-x86_64-with-glibc2.36,3.12.12,1000,0.9307999014854431,0.10000000149011612,1.0,1.0,1.0,0.10673031210899353,0.0,0.581,1000,2629.3323561549187,380.32468495629035
yi-128-ip,roargraph,bachrach,129,187843,False,10,1,fig3,203033.08105515316,l_pq,0.0,0.0,0.0,0.0,0.0,0.0,0,0.0,0.0,0,,,,100,2026-08-17T19:37:13+00:00,,False,reference-machine,Intel(R) Xeon(R) CPU E5-2620 0 @ 2.00GHz,Linux-6.1.0-41-amd64-x86_64-with-glibc2.36,3.12.12,10,0.06750000268220901,0.0,0.0,0.4000000059604645,0.699999988079071,0.14742371439933777,0.73,0.0,1000,74.19822877272964,13477.41066788826
yi-128-ip,roargraph,bachrach,129,187843,False,10,1,fig3,203033.08105515316,l_pq,0.0,0.0,0.0,0.0,0.0,0.0,0,0.0,0.0,0,,,,100,2026-08-17T19:37:13+00:00,,False,reference-machine,Intel(R) Xeon(R) CPU E5-2620 0 @ 2.00GHz,Linux-6.1.0-41-amd64-x86_64-with-glibc2.36,3.12.12,20,0.1241999939084053,0.0,0.0,0.6000000238418579,0.800000011920929,0.20301321148872375,0.593,0.0,1000,123.35964618250728,8106.378633094707
yi-128-ip,roargraph,bachrach,129,187843,False,10,1,fig3,203033.08105515316,l_pq,0.0,0.0,0.0,0.0,0.0,0.0,0,0.0,0.0,0,,,,100,2026-08-17T19:37:13+00:00,,False,reference-machine,Intel(R) Xeon(R) CPU E5-2620 0 @ 2.00GHz,Linux-6.1.0-41-amd64-x86_64-with-glibc2.36,3.12.12,30,0.164900004863739,0.0,0.0,0.699999988079071,0.8999999761581421,0.23370492458343506,0.51,0.001,1000,164.5393492653966,6077.573568052908
yi-128-ip,roargraph,bachrach,129,187843,False,10,1,fig3,203033.08105515316,l_pq,0.0,0.0,0.0,0.0,0.0,0.0,0,0.0,0.0,0,,,,100,2026-08-17T19:37:13+00:00,,False,reference-machine,Intel(R) Xeon(R) CPU E5-2620 0 @ 2.00GHz,Linux-6.1.0-41-amd64-x86_64-with-glibc2.36,3.12.12,40,0.19939999282360077,0.0,0.10000000149011612,0.800000011920929,0.8999999761581421,0.25310006737709045,0.443,0.003,1000,202.5829330086708,4936.249984875077
yi-128-ip,roargraph,bachrach,129,187843,False,10,1,fig3,203033.08105515316,l_pq,0.0,0.0,0.0,0.0,0.0,0.0,0,0.0,0.0,0,,,,100,2026-08-17T19:37:13+00:00,,False,reference-machine,Intel(R) Xeon(R) CPU E5-2620 0 @ 2.00GHz,Linux-6.1.0-41-amd64-x86_64-with-glibc2.36,3.12.12,50,0.2263999879360199,0.0,0.10000000149011612,0.800000011920929,0.8999999761581421,0.2663137912750244,0.399,0.003,1000,238.73700201511383,4188.709716379418
yi-128-ip,roargraph,bachrach,129,187843,False,10,1,fig3,203033.08105515316,l_pq,0.0,0.0,0.0,0.0,0.0,0.0,0,0.0,0.0,0,,,,100,2026-08-17T19:37:13+00:00,,False,reference-machine,Intel(R) Xeon(R) CPU E5-2620 0 @ 2.00GHz,Linux-6.1.0-41-amd64-x86_64-with-glibc2.36,3.12.12,60,0.24869999289512634,0.0,0.10000000149011612,0.800000011920929,0.8999999761581421,0.273200124502182,0.364,0.004,1000,272.9096501134336,3664.2163426040624
yi-128-ip,roargraph,bachrach,129,187843,False,10,1,fig3,203033.08105515316,l_pq,0.0,0.0,0.0,0.0,0.0,0.0,0,0.0,0.0,0,,,,100,2026-08-17T19:37:13+00:00,,False,reference-machine,Intel(R) Xeon(R) CPU E5-2620 0 @ 2.00GHz,Linux-6.1.0-41-amd64-x86_64-with-glibc2.36,3.12.12,80,0.2895999848842621,0.0,0.20000000298023224,0.800000011920929,0.8999999761581421,0.28388699889183044,0.309,0.005,1000,340.94829484820366,2932.996044004907
yi-128-ip,roargraph,bachrach,129,187843,False,10,1,fig3,203033.08105515316,l_pq,0.0,0.0,0.0,0.0,0.0,0.0,0,0.0,0.0,0,,,,100,2026-08-17T19:37:13+00:00,,False,reference-machine,Intel(R) Xeon(R) CPU E5-2620 0 @ 2.00GHz,Linux-6.1.0-41-amd64-x86_64-with-glibc2.36,3.12.12,100,0.31779998540878296,0.0,0.30000001192092896,0.800000011920929,0.8999999761581421,0.28803327679634094,0.272,0.007,1000,400.8998186327517,2494.3887562993887
yi-128-ip,roargraph,bachrach,129,187843,False,10,1,fig3,203033.08105515316,l_pq,0.0,0.0,0.0,0.0,0.0,0.0,0,0.0,0.0,0,,,,100,2026-08-17T19:37:13+00:00,,False,reference-machine,Intel(R) Xeon(R) CPU E5-2620 0 @ 2.00GHz,Linux-6.1.0-41-amd64-x86_64-with-glibc2.36,3.12.12,150,0.37599998712539673,0.0,0.4000000059604645,0.8999999761581421,0.9009999763965597,0.29597973823547363,0.208,0.01,1000,554.4599941931665,1803.556632530666
yi-128-ip,roargraph,bachrach,129,187843,False,10,1,fig3,203033.08105515316,l_pq,0.0,0.0,0.0,0.0,0.0,0.0,0,0.0,0.0,0,,,,100,2026-08-17T19:37:13+00:00,,False,reference-machine,Intel(R) Xeon(R) CPU E5-2620 0 @ 2.00GHz,Linux-6.1.0-41-amd64-x86_64-with-glibc2.36,3.12.12,200,0.4196999669075012,0.0,0.4000000059604645,0.8999999761581421,1.0,0.294485867023468,0.166,0.012,1000,702.7220488525927,1423.0377453401438
yi-128-ip,roargraph,bachrach,129,187843,False,10,1,fig3,203033.08105515316,l_pq,0.0,0.0,0.0,0.0,0.0,0.0,0,0.0,0.0,0,,,,100,2026-08-17T19:37:13+00:00,,False,reference-machine,Intel(R) Xeon(R) CPU E5-2620 0 @ 2.00GHz,Linux-6.1.0-41-amd64-x86_64-with-glibc2.36,3.12.12,300,0.4794999957084656,0.0,0.5,0.8999999761581421,1.0,0.2907743752002716,0.121,0.016,1000,987.7639962360263,1012.3875782176717
yi-128-ip,roargraph,bachrach,129,187843,False,10,1,fig3,203033.08105515316,l_pq,0.0,0.0,0.0,0.0,0.0,0.0,0,0.0,0.0,0,,,,100,2026-08-17T19:37:13+00:00,,False,reference-machine,Intel(R) Xeon(R) CPU E5-2620 0 @ 2.00GHz,Linux-6.1.0-41-amd64-x86_64-with-glibc2.36,3.12.12,400,0.5291999578475952,0.0,0.6000000238418579,0.8999999761581421,1.0,0.2802630364894867,0.092,0.021,1000,1273.7327408976853,785.0940530077232
yi-128-ip,roargraph,bachrach,129,187843,False,10,1,fig3,203033.08105515316,l_pq,0.0,0.0,0.0,0.0,0.0,0.0,0,0.0,0.0,0,,,,100,2026-08-17T19:37:13+00:00,,False,reference-machine,Intel(R) Xeon(R) CPU E5-2620 0 @ 2.00GHz,Linux-6.1.0-41-amd64-x86_64-with-glibc2.36,3.12.12,500,0.5550000071525574,0.0,0.6000000238418579,0.8999999761581421,1.0,0.271173357963562,0.075,0.025,1000,1568.4936419129372,637.5543854805803
yi-128-ip,roargraph,bachrach,129,187843,False,10,1,fig3,203033.08105515316,l_pq,0.0,0.0,0.0,0.0,0.0,0.0,0,0.0,0.0,0,,,,100,2026-08-17T19:37:13+00:00,,False,reference-machine,Intel(R) Xeon(R) CPU E5-2620 0 @ 2.00GHz,Linux-6.1.0-41-amd64-x86_64-with-glibc2.36,3.12.12,600,0.5782999992370605,0.0,0.6000000238418579,0.8999999761581421,1.0,0.264460027217865,0.063,0.03,1000,1853.6458248272538,539.4773837624524
yi-128-ip,roargraph,bachrach,129,187843,False,10,1,fig3,203033.08105515316,l_pq,0.0,0.0,0.0,0.0,0.0,0.0,0,0.0,0.0,0,,,,100,2026-08-17T19:37:13+00:00,,False,reference-machine,Intel(R) Xeon(R) CPU E5-2620 0 @ 2.00GHz,Linux-6.1.0-41-amd64-x86_64-with-glibc2.36,3.12.12,800,0.6204000115394592,0.0,0.699999988079071,0.8999999761581421,1.0,0.24224747717380524,0.038,0.031,1000,2460.6685149483383,406.3936259293321
yi-128-ip,roargraph,bachrach,129,187843,False,10,1,fig3,203033.08105515316,l_pq,0.0,0.0,0.0,0.0,0.0,0.0,0,0.0,0.0,0,,,,100,2026-08-17T19:37:13+00:00,,False,reference-machine,Intel(R) Xeon(R) CPU E5-2620 0 @ 2.00GHz,Linux-6.1.0-41-amd64-x86_64-with-glibc2.36,3.12.12,1000,0.6451999545097351,0.0,0.699999988079071,0.8999999761581421,1.0,0.22990640997886658,0.029,0.034,1000,3092.1577741391957,323.39876327247987
llama-128-ip,hnsw-hnswlib,none,128,256921,False,10,1,fig3,263422.72273125127,ef_search,1.1187818148565856,1.0,498.79830523973544,500.0,1.3501660043359631,1.0,144,1.2821295261967687,1.0,96,48,500,True,100,2026-08-17T15:53:44+00:00,,False,reference-machine,Intel(R) Xeon(R) CPU E5-2620 0 @ 2.00GHz,Linux-6.1.0-41-amd64-x86_64-with-glibc2.36,3.12.12,10,0.025200000032782555,0.0,0.0,0.20000000298023224,0.30000001192092896,0.06974925845861435,0.836,0.0,1000,18.673531245440245,53551.73517297018
llama-128-ip,hnsw-hnswlib,none,128,256921,False,10,1,fig3,263422.72273125127,ef_search,1.1187818148565856,1.0,498.79830523973544,500.0,1.3501660043359631,1.0,144,1.2821295261967687,1.0,96,48,500,True,100,2026-08-17T15:53:44+00:00,,False,reference-machine,Intel(R) Xeon(R) CPU E5-2620 0 @ 2.00GHz,Linux-6.1.0-41-amd64-x86_64-with-glibc2.36,3.12.12,20,0.036900002509355545,0.0,0.0,0.20000000298023224,0.4000000059604645,0.08825185149908066,0.78,0.0,1000,27.221741154789925,36735.34305956915
llama-128-ip,hnsw-hnswlib,none,128,256921,False,10,1,fig3,263422.72273125127,ef_search,1.1187818148565856,1.0,498.79830523973544,500.0,1.3501660043359631,1.0,144,1.2821295261967687,1.0,96,48,500,True,100,2026-08-17T15:53:44+00:00,,False,reference-machine,Intel(R) Xeon(R) CPU E5-2620 0 @ 2.00GHz,Linux-6.1.0-41-amd64-x86_64-with-glibc2.36,3.12.12,30,0.04620000347495079,0.0,0.0,0.20000000298023224,0.5,0.09841524064540863,0.729,0.0,1000,35.81992909312248,27917.419864239837
llama-128-ip,hnsw-hnswlib,none,128,256921,False,10,1,fig3,263422.72273125127,ef_search,1.1187818148565856,1.0,498.79830523973544,500.0,1.3501660043359631,1.0,144,1.2821295261967687,1.0,96,48,500,True,100,2026-08-17T15:53:44+00:00,,False,reference-machine,Intel(R) Xeon(R) CPU E5-2620 0 @ 2.00GHz,Linux-6.1.0-41-amd64-x86_64-with-glibc2.36,3.12.12,40,0.05249999836087227,0.0,0.0,0.30000001192092896,0.5,0.10446889698505402,0.694,0.0,1000,44.954318553209305,22244.803885000936
llama-128-ip,hnsw-hnswlib,none,128,256921,False,10,1,fig3,263422.72273125127,ef_search,1.1187818148565856,1.0,498.79830523973544,500.0,1.3501660043359631,1.0,144,1.2821295261967687,1.0,96,48,500,True,100,2026-08-17T15:53:44+00:00,,False,reference-machine,Intel(R) Xeon(R) CPU E5-2620 0 @ 2.00GHz,Linux-6.1.0-41-amd64-x86_64-with-glibc2.36,3.12.12,50,0.05960000306367874,0.0,0.0,0.30000001192092896,0.6000000238418579,0.11174900829792023,0.659,0.0,1000,52.71213827654719,18970.962527712945
llama-128-ip,hnsw-hnswlib,none,128,256921,False,10,1,fig3,263422.72273125127,ef_search,1.1187818148565856,1.0,498.79830523973544,500.0,1.3501660043359631,1.0,144,1.2821295261967687,1.0,96,48,500,True,100,2026-08-17T15:53:44+00:00,,False,reference-machine,Intel(R) Xeon(R) CPU E5-2620 0 @ 2.00GHz,Linux-6.1.0-41-amd64-x86_64-with-glibc2.36,3.12.12,60,0.06620000302791595,0.0,0.0,0.30000001192092896,0.6000000238418579,0.11703657358884811,0.629,0.0,1000,60.64415676519275,16489.634836079687
llama-128-ip,hnsw-hnswlib,none,128,256921,False,10,1,fig3,263422.72273125127,ef_search,1.1187818148565856,1.0,498.79830523973544,500.0,1.3501660043359631,1.0,144,1.2821295261967687,1.0,96,48,500,True,100,2026-08-17T15:53:44+00:00,,False,reference-machine,Intel(R) Xeon(R) CPU E5-2620 0 @ 2.00GHz,Linux-6.1.0-41-amd64-x86_64-with-glibc2.36,3.12.12,80,0.07920000702142715,0.0,0.0,0.30000001192092896,0.6000000238418579,0.1229933351278305,0.551,0.0,1000,77.69688917323947,12870.528159374779
llama-128-ip,hnsw-hnswlib,none,128,256921,False,10,1,fig3,263422.72273125127,ef_search,1.1187818148565856,1.0,498.79830523973544,500.0,1.3501660043359631,1.0,144,1.2821295261967687,1.0,96,48,500,True,100,2026-08-17T15:53:44+00:00,,False,reference-machine,Intel(R) Xeon(R) CPU E5-2620 0 @ 2.00GHz,Linux-6.1.0-41-amd64-x86_64-with-glibc2.36,3.12.12,100,0.08900000900030136,0.0,0.0,0.30000001192092896,0.6000000238418579,0.1277458518743515,0.507,0.0,1000,94.10950494930148,10625.919247356773
llama-128-ip,hnsw-hnswlib,none,128,256921,False,10,1,fig3,263422.72273125127,ef_search,1.1187818148565856,1.0,498.79830523973544,500.0,1.3501660043359631,1.0,144,1.2821295261967687,1.0,96,48,500,True,100,2026-08-17T15:53:44+00:00,,False,reference-machine,Intel(R) Xeon(R) CPU E5-2620 0 @ 2.00GHz,Linux-6.1.0-41-amd64-x86_64-with-glibc2.36,3.12.12,150,0.10740000754594803,0.0,0.10000000149011612,0.4000000059604645,0.6010000234842291,0.13749633729457855,0.439,0.0,1000,126.84253789484501,7883.790537438
llama-128-ip,hnsw-hnswlib,none,128,256921,False,10,1,fig3,263422.72273125127,ef_search,1.1187818148565856,1.0,498.79830523973544,500.0,1.3501660043359631,1.0,144,1.2821295261967687,1.0,96,48,500,True,100,2026-08-17T15:53:44+00:00,,False,reference-machine,Intel(R) Xeon(R) CPU E5-2620 0 @ 2.00GHz,Linux-6.1.0-41-amd64-x86_64-with-glibc2.36,3.12.12,200,0.11990001052618027,0.0,0.10000000149011612,0.4000000059604645,0.699999988079071,0.14104606211185455,0.392,0.0,1000,157.76276914402843,6338.631132210015
llama-128-ip,hnsw-hnswlib,none,128,256921,False,10,1,fig3,263422.72273125127,ef_search,1.1187818148565856,1.0,498.79830523973544,500.0,1.3501660043359631,1.0,144,1.2821295261967687,1.0,96,48,500,True,100,2026-08-17T15:53:44+00:00,,False,reference-machine,Intel(R) Xeon(R) CPU E5-2620 0 @ 2.00GHz,Linux-6.1.0-41-amd64-x86_64-with-glibc2.36,3.12.12,300,0.14030000567436218,0.0,0.10000000149011612,0.4000000059604645,0.699999988079071,0.14692144095897675,0.325,0.0,1000,214.71952414140105,4657.23833917153
llama-128-ip,hnsw-hnswlib,none,128,256921,False,10,1,fig3,263422.72273125127,ef_search,1.1187818148565856,1.0,498.79830523973544,500.0,1.3501660043359631,1.0,144,1.2821295261967687,1.0,96,48,500,True,100,2026-08-17T15:53:44+00:00,,False,reference-machine,Intel(R) Xeon(R) CPU E5-2620 0 @ 2.00GHz,Linux-6.1.0-41-amd64-x86_64-with-glibc2.36,3.12.12,400,0.15639999508857727,0.0,0.10000000149011612,0.4000000059604645,0.699999988079071,0.1511920690536499,0.283,0.0,1000,268.9810120500624,3717.7345433360224
llama-128-ip,hnsw-hnswlib,none,128,256921,False,10,1,fig3,263422.72273125127,ef_search,1.1187818148565856,1.0,498.79830523973544,500.0,1.3501660043359631,1.0,144,1.2821295261967687,1.0,96,48,500,True,100,2026-08-17T15:53:44+00:00,,False,reference-machine,Intel(R) Xeon(R) CPU E5-2620 0 @ 2.00GHz,Linux-6.1.0-41-amd64-x86_64-with-glibc2.36,3.12.12,500,0.16850000619888306,0.0,0.10000000149011612,0.5,0.699999988079071,0.1546536535024643,0.254,0.0,1000,319.90884663537145,3125.8904232173013
llama-128-ip,hnsw-hnswlib,none,128,256921,False,10,1,fig3,263422.72273125127,ef_search,1.1187818148565856,1.0,498.79830523973544,500.0,1.3501660043359631,1.0,144,1.2821295261967687,1.0,96,48,500,True,100,2026-08-17T15:53:44+00:00,,False,reference-machine,Intel(R) Xeon(R) CPU E5-2620 0 @ 2.00GHz,Linux-6.1.0-41-amd64-x86_64-with-glibc2.36,3.12.12,600,0.1794000118970871,0.0,0.20000000298023224,0.5,0.699999988079071,0.15733924508094788,0.233,0.0,1000,372.0884448848665,2687.5330684064247
llama-128-ip,hnsw-hnswlib,none,128,256921,False,10,1,fig3,263422.72273125127,ef_search,1.1187818148565856,1.0,498.79830523973544,500.0,1.3501660043359631,1.0,144,1.2821295261967687,1.0,96,48,500,True,100,2026-08-17T15:53:44+00:00,,False,reference-machine,Intel(R) Xeon(R) CPU E5-2620 0 @ 2.00GHz,Linux-6.1.0-41-amd64-x86_64-with-glibc2.36,3.12.12,800,0.19520001113414764,0.0,0.20000000298023224,0.5,0.699999988079071,0.16142168641090393,0.2,0.0,1000,474.108696449548,2109.2209602749067
llama-128-ip,hnsw-hnswlib,none,128,256921,False,10,1,fig3,263422.72273125127,ef_search,1.1187818148565856,1.0,498.79830523973544,500.0,1.3501660043359631,1.0,144,1.2821295261967687,1.0,96,48,500,True,100,2026-08-17T15:53:44+00:00,,False,reference-machine,Intel(R) Xeon(R) CPU E5-2620 0 @ 2.00GHz,Linux-6.1.0-41-amd64-x86_64-with-glibc2.36,3.12.12,1000,0.21139998733997345,0.0,0.20000000298023224,0.5,0.699999988079071,0.16361552476882935,0.169,0.0,1000,575.1319560222328,1738.7314155107445
llama-128-ip,flatnav,none,128,256921,False,10,1,fig3,171580.70442220196,ef_search,0.0,0.0,0.0,0.0,0.0,0.0,0,0.0,0.0,0,48,500,,100,2026-08-17T15:53:44+00:00,,False,reference-machine,Intel(R) Xeon(R) CPU E5-2620 0 @ 2.00GHz,Linux-6.1.0-41-amd64-x86_64-with-glibc2.36,3.12.12,10,0.023499999195337296,0.0,0.0,0.10000000149011612,0.30000001192092896,0.06616456806659698,0.841,0.0,1000,16.808966174721718,59492.05856002358
llama-128-ip,flatnav,none,128,256921,False,10,1,fig3,171580.70442220196,ef_search,0.0,0.0,0.0,0.0,0.0,0.0,0,0.0,0.0,0,48,500,,100,2026-08-17T15:53:44+00:00,,False,reference-machine,Intel(R) Xeon(R) CPU E5-2620 0 @ 2.00GHz,Linux-6.1.0-41-amd64-x86_64-with-glibc2.36,3.12.12,20,0.0340999998152256,0.0,0.0,0.20000000298023224,0.4000000059604645,0.08165286481380463,0.786,0.0,1000,26.31399780511856,38002.5873455641
llama-128-ip,flatnav,none,128,256921,False,10,1,fig3,171580.70442220196,ef_search,0.0,0.0,0.0,0.0,0.0,0.0,0,0.0,0.0,0,48,500,,100,2026-08-17T15:53:44+00:00,,False,reference-machine,Intel(R) Xeon(R) CPU E5-2620 0 @ 2.00GHz,Linux-6.1.0-41-amd64-x86_64-with-glibc2.36,3.12.12,30,0.040400002151727676,0.0,0.0,0.20000000298023224,0.4000000059604645,0.08959820866584778,0.749,0.0,1000,35.221023950725794,28392.13310206426
llama-128-ip,flatnav,none,128,256921,False,10,1,fig3,171580.70442220196,ef_search,0.0,0.0,0.0,0.0,0.0,0.0,0,0.0,0.0,0,48,500,,100,2026-08-17T15:53:44+00:00,,False,reference-machine,Intel(R) Xeon(R) CPU E5-2620 0 @ 2.00GHz,Linux-6.1.0-41-amd64-x86_64-with-glibc2.36,3.12.12,40,0.045499999076128006,0.0,0.0,0.20000000298023224,0.4000000059604645,0.09591532498598099,0.723,0.0,1000,43.09364082291722,23205.279964838788
llama-128-ip,flatnav,none,128,256921,False,10,1,fig3,171580.70442220196,ef_search,0.0,0.0,0.0,0.0,0.0,0.0,0,0.0,0.0,0,48,500,,100,2026-08-17T15:53:44+00:00,,False,reference-machine,Intel(R) Xeon(R) CPU E5-2620 0 @ 2.00GHz,Linux-6.1.0-41-amd64-x86_64-with-glibc2.36,3.12.12,50,0.05260000377893448,0.0,0.0,0.30000001192092896,0.5,0.10311760008335114,0.691,0.0,1000,51.12463794648647,19560.040719441902
llama-128-ip,flatnav,none,128,256921,False,10,1,fig3,171580.70442220196,ef_search,0.0,0.0,0.0,0.0,0.0,0.0,0,0.0,0.0,0,48,500,,100,2026-08-17T15:53:44+00:00,,False,reference-machine,Intel(R) Xeon(R) CPU E5-2620 0 @ 2.00GHz,Linux-6.1.0-41-amd64-x86_64-with-glibc2.36,3.12.12,60,0.05700000002980232,0.0,0.0,0.30000001192092896,0.6000000238418579,0.10849423706531525,0.67,0.0,1000,58.88196872547269,16983.12780033447
llama-128-ip,flatnav,none,128,256921,False,10,1,fig3,171580.70442220196,ef_search,0.0,0.0,0.0,0.0,0.0,0.0,0,0.0,0.0,0,48,500,,100,2026-08-17T15:53:44+00:00,,False,reference-machine,Intel(R) Xeon(R) CPU E5-2620 0 @ 2.00GHz,Linux-6.1.0-41-amd64-x86_64-with-glibc2.36,3.12.12,80,0.06520000100135803,0.0,0.0,0.30000001192092896,0.6000000238418579,0.1144069954752922,0.633,0.0,1000,74.64184612035751,13397.310650483283
llama-128-ip,flatnav,none,128,256921,False,10,1,fig3,171580.70442220196,ef_search,0.0,0.0,0.0,0.0,0.0,0.0,0,0.0,0.0,0,48,500,,100,2026-08-17T15:53:44+00:00,,False,reference-machine,Intel(R) Xeon(R) CPU E5-2620 0 @ 2.00GHz,Linux-6.1.0-41-amd64-x86_64-with-glibc2.36,3.12.12,100,0.07190001010894775,0.0,0.0,0.30000001192092896,0.6000000238418579,0.11832324415445328,0.595,0.0,1000,90.10650590062141,11097.977776464902
llama-128-ip,flatnav,none,128,256921,False,10,1,fig3,171580.70442220196,ef_search,0.0,0.0,0.0,0.0,0.0,0.0,0,0.0,0.0,0,48,500,,100,2026-08-17T15:53:44+00:00,,False,reference-machine,Intel(R) Xeon(R) CPU E5-2620 0 @ 2.00GHz,Linux-6.1.0-41-amd64-x86_64-with-glibc2.36,3.12.12,150,0.08460000902414322,0.0,0.0,0.30000001192092896,0.6000000238418579,0.12426922470331192,0.532,0.0,1000,125.7821312174201,7950.254859901004
llama-128-ip,flatnav,none,128,256921,False,10,1,fig3,171580.70442220196,ef_search,0.0,0.0,0.0,0.0,0.0,0.0,0,0.0,0.0,0,48,500,,100,2026-08-17T15:53:44+00:00,,False,reference-machine,Intel(R) Xeon(R) CPU E5-2620 0 @ 2.00GHz,Linux-6.1.0-41-amd64-x86_64-with-glibc2.36,3.12.12,200,0.09549999982118607,0.0,0.10000000149011612,0.30000001192092896,0.6000000238418579,0.12810054421424866,0.481,0.0,1000,161.01156594231725,6210.733956579568
llama-128-ip,flatnav,none,128,256921,False,10,1,fig3,171580.70442220196,ef_search,0.0,0.0,0.0,0.0,0.0,0.0,0,0.0,0.0,0,48,500,,100,2026-08-17T15:53:44+00:00,,False,reference-machine,Intel(R) Xeon(R) CPU E5-2620 0 @ 2.00GHz,Linux-6.1.0-41-amd64-x86_64-with-glibc2.36,3.12.12,300,0.11219999939203262,0.0,0.10000000149011612,0.4000000059604645,0.6000000238418579,0.13442900776863098,0.416,0.0,1000,227.3189378902316,4399.105544311855
llama-128-ip,flatnav,none,128,256921,False,10,1,fig3,171580.70442220196,ef_search,0.0,0.0,0.0,0.0,0.0,0.0,0,0.0,0.0,0,48,500,,100,2026-08-17T15:53:44+00:00,,False,reference-machine,Intel(R) Xeon(R) CPU E5-2620 0 @ 2.00GHz,Linux-6.1.0-41-amd64-x86_64-with-glibc2.36,3.12.12,400,0.1259000152349472,0.0,0.10000000149011612,0.4000000059604645,0.6000000238418579,0.13667184114456177,0.359,0.0,1000,294.67529570683837,3393.5657809430463
llama-128-ip,flatnav,none,128,256921,False,10,1,fig3,171580.70442220196,ef_search,0.0,0.0,0.0,0.0,0.0,0.0,0,0.0,0.0,0,48,500,,100,2026-08-17T15:53:44+00:00,,False,reference-machine,Intel(R) Xeon(R) CPU E5-2620 0 @ 2.00GHz,Linux-6.1.0-41-amd64-x86_64-with-glibc2.36,3.12.12,500,0.13860000669956207,0.0,0.10000000149011612,0.4000000059604645,0.6000000238418579,0.14110293984413147,0.323,0.0,1000,360.31020898371935,2775.386250699283
llama-128-ip,flatnav,none,128,256921,False,10,1,fig3,171580.70442220196,ef_search,0.0,0.0,0.0,0.0,0.0,0.0,0,0.0,0.0,0,48,500,,100,2026-08-17T15:53:44+00:00,,False,reference-machine,Intel(R) Xeon(R) CPU E5-2620 0 @ 2.00GHz,Linux-6.1.0-41-amd64-x86_64-with-glibc2.36,3.12.12,600,0.15239998698234558,0.0,0.10000000149011612,0.4000000059604645,0.6000000238418579,0.1432279348373413,0.279,0.0,1000,430.9668140485883,2320.364277253277
llama-128-ip,flatnav,none,128,256921,False,10,1,fig3,171580.70442220196,ef_search,0.0,0.0,0.0,0.0,0.0,0.0,0,0.0,0.0,0,48,500,,100,2026-08-17T15:53:44+00:00,,False,reference-machine,Intel(R) Xeon(R) CPU E5-2620 0 @ 2.00GHz,Linux-6.1.0-41-amd64-x86_64-with-glibc2.36,3.12.12,800,0.17019999027252197,0.0,0.10000000149011612,0.4000000059604645,0.6000000238418579,0.14625991880893707,0.227,0.0,1000,571.7446091584861,1749.0326694498008
llama-128-ip,flatnav,none,128,256921,False,10,1,fig3,171580.70442220196,ef_search,0.0,0.0,0.0,0.0,0.0,0.0,0,0.0,0.0,0,48,500,,100,2026-08-17T15:53:44+00:00,,False,reference-machine,Intel(R) Xeon(R) CPU E5-2620 0 @ 2.00GHz,Linux-6.1.0-41-amd64-x86_64-with-glibc2.36,3.12.12,1000,0.18540000915527344,0.0,0.20000000298023224,0.5,0.6000000238418579,0.14753590524196625,0.183,0.0,1000,686.0865489579737,1457.5420572212022
llama-128-ip,nsg-faiss,none,128,256921,False,10,1,fig3,373786.68602602556,search_l,0.0,0.0,0.0,0.0,0.0,0.0,0,0.0,0.0,0,,,,100,2026-08-17T15:53:44+00:00,,False,reference-machine,Intel(R) Xeon(R) CPU E5-2620 0 @ 2.00GHz,Linux-6.1.0-41-amd64-x86_64-with-glibc2.36,3.12.12,10,0.029600000008940697,0.0,0.0,0.20000000298023224,0.30000001192092896,0.07087904959917068,0.79,0.0,1000,25.9406971745193,38549.465084626456
llama-128-ip,nsg-faiss,none,128,256921,False,10,1,fig3,373786.68602602556,search_l,0.0,0.0,0.0,0.0,0.0,0.0,0,0.0,0.0,0,,,,100,2026-08-17T15:53:44+00:00,,False,reference-machine,Intel(R) Xeon(R) CPU E5-2620 0 @ 2.00GHz,Linux-6.1.0-41-amd64-x86_64-with-glibc2.36,3.12.12,20,0.04100000113248825,0.0,0.0,0.20000000298023224,0.4000000059604645,0.08306021988391876,0.727,0.0,1000,44.00677978992462,22723.771309187014
llama-128-ip,nsg-faiss,none,128,256921,False,10,1,fig3,373786.68602602556,search_l,0.0,0.0,0.0,0.0,0.0,0.0,0,0.0,0.0,0,,,,100,2026-08-17T15:53:44+00:00,,False,reference-machine,Intel(R) Xeon(R) CPU E5-2620 0 @ 2.00GHz,Linux-6.1.0-41-amd64-x86_64-with-glibc2.36,3.12.12,30,0.05270000547170639,0.0,0.0,0.20000000298023224,0.5,0.09587862342596054,0.665,0.0,1000,59.93709899485111,16684.157504618383
llama-128-ip,nsg-faiss,none,128,256921,False,10,1,fig3,373786.68602602556,search_l,0.0,0.0,0.0,0.0,0.0,0.0,0,0.0,0.0,0,,,,100,2026-08-17T15:53:44+00:00,,False,reference-machine,Intel(R) Xeon(R) CPU E5-2620 0 @ 2.00GHz,Linux-6.1.0-41-amd64-x86_64-with-glibc2.36,3.12.12,40,0.06520000100135803,0.0,0.0,0.30000001192092896,0.5,0.10222015529870987,0.589,0.0,1000,74.28844599053264,13461.043459267416
llama-128-ip,nsg-faiss,none,128,256921,False,10,1,fig3,373786.68602602556,search_l,0.0,0.0,0.0,0.0,0.0,0.0,0,0.0,0.0,0,,,,100,2026-08-17T15:53:44+00:00,,False,reference-machine,Intel(R) Xeon(R) CPU E5-2620 0 @ 2.00GHz,Linux-6.1.0-41-amd64-x86_64-with-glibc2.36,3.12.12,50,0.07150000333786011,0.0,0.0,0.30000001192092896,0.5,0.10391222685575485,0.548,0.0,1000,90.5832122080028,11039.573179451152
llama-128-ip,nsg-faiss,none,128,256921,False,10,1,fig3,373786.68602602556,search_l,0.0,0.0,0.0,0.0,0.0,0.0,0,0.0,0.0,0,,,,100,2026-08-17T15:53:44+00:00,,False,reference-machine,Intel(R) Xeon(R) CPU E5-2620 0 @ 2.00GHz,Linux-6.1.0-41-amd64-x86_64-with-glibc2.36,3.12.12,60,0.07800000160932541,0.0,0.0,0.30000001192092896,0.5,0.10759182274341583,0.517,0.0,1000,105.44076841324568,9483.997651466072
llama-128-ip,nsg-faiss,none,128,256921,False,10,1,fig3,373786.68602602556,search_l,0.0,0.0,0.0,0.0,0.0,0.0,0,0.0,0.0,0,,,,100,2026-08-17T15:53:44+00:00,,False,reference-machine,Intel(R) Xeon(R) CPU E5-2620 0 @ 2.00GHz,Linux-6.1.0-41-amd64-x86_64-with-glibc2.36,3.12.12,80,0.08950000256299973,0.0,0.10000000149011612,0.30000001192092896,0.5,0.11592993885278702,0.477,0.0,1000,132.818799931556,7529.054625665333
llama-128-ip,nsg-faiss,none,128,256921,False,10,1,fig3,373786.68602602556,search_l,0.0,0.0,0.0,0.0,0.0,0.0,0,0.0,0.0,0,,,,100,2026-08-17T15:53:44+00:00,,False,reference-machine,Intel(R) Xeon(R) CPU E5-2620 0 @ 2.00GHz,Linux-6.1.0-41-amd64-x86_64-with-glibc2.36,3.12.12,100,0.09880000352859497,0.0,0.10000000149011612,0.30000001192092896,0.5,0.11999400705099106,0.438,0.0,1000,161.94345522671938,6174.994837549989
llama-128-ip,nsg-faiss,none,128,256921,False,10,1,fig3,373786.68602602556,search_l,0.0,0.0,0.0,0.0,0.0,0.0,0,0.0,0.0,0,,,,100,2026-08-17T15:53:44+00:00,,False,reference-machine,Intel(R) Xeon(R) CPU E5-2620 0 @ 2.00GHz,Linux-6.1.0-41-amd64-x86_64-with-glibc2.36,3.12.12,150,0.11980000138282776,0.0,0.10000000149011612,0.4000000059604645,0.6000000238418579,0.1317116618156433,0.373,0.0,1000,234.39015401527286,4266.390814073359
llama-128-ip,nsg-faiss,none,128,256921,False,10,1,fig3,373786.68602602556,search_l,0.0,0.0,0.0,0.0,0.0,0.0,0,0.0,0.0,0,,,,100,2026-08-17T15:53:44+00:00,,False,reference-machine,Intel(R) Xeon(R) CPU E5-2620 0 @ 2.00GHz,Linux-6.1.0-41-amd64-x86_64-with-glibc2.36,3.12.12,200,0.14329999685287476,0.0,0.10000000149011612,0.4000000059604645,0.6000000238418579,0.14350996911525726,0.312,0.0,1000,299.9922838062048,3333.4190710251755
llama-128-ip,nsg-faiss,none,128,256921,False,10,1,fig3,373786.68602602556,search_l,0.0,0.0,0.0,0.0,0.0,0.0,0,0.0,0.0,0,,,,100,2026-08-17T15:53:44+00:00,,False,reference-machine,Intel(R) Xeon(R) CPU E5-2620 0 @ 2.00GHz,Linux-6.1.0-41-amd64-x86_64-with-glibc2.36,3.12.12,300,0.16710001230239868,0.0,0.10000000149011612,0.5,0.6000000238418579,0.1542970985174179,0.264,0.0,1000,450.75865602120757,2218.4820782519846
llama-128-ip,nsg-faiss,none,128,256921,False,10,1,fig3,373786.68602602556,search_l,0.0,0.0,0.0,0.0,0.0,0.0,0,0.0,0.0,0,,,,100,2026-08-17T15:53:44+00:00,,False,reference-machine,Intel(R) Xeon(R) CPU E5-2620 0 @ 2.00GHz,Linux-6.1.0-41-amd64-x86_64-with-glibc2.36,3.12.12,400,0.18960000574588776,0.0,0.20000000298023224,0.5,0.699999988079071,0.1610957533121109,0.211,0.0,1000,607.4769236147404,1646.1530654524029
llama-128-ip,nsg-faiss,none,128,256921,False,10,1,fig3,373786.68602602556,search_l,0.0,0.0,0.0,0.0,0.0,0.0,0,0.0,0.0,0,,,,100,2026-08-17T15:53:44+00:00,,False,reference-machine,Intel(R) Xeon(R) CPU E5-2620 0 @ 2.00GHz,Linux-6.1.0-41-amd64-x86_64-with-glibc2.36,3.12.12,500,0.20879998803138733,0.0,0.20000000298023224,0.5,0.699999988079071,0.1680552363395691,0.182,0.0,1000,782.5691965408623,1277.8422718658392
llama-128-ip,nsg-faiss,none,128,256921,False,10,1,fig3,373786.68602602556,search_l,0.0,0.0,0.0,0.0,0.0,0.0,0,0.0,0.0,0,,,,100,2026-08-17T15:53:44+00:00,,False,reference-machine,Intel(R) Xeon(R) CPU E5-2620 0 @ 2.00GHz,Linux-6.1.0-41-amd64-x86_64-with-glibc2.36,3.12.12,600,0.22599999606609344,0.0,0.20000000298023224,0.6000000238418579,0.699999988079071,0.17281202971935272,0.152,0.001,1000,956.4088741317391,1045.577918657263
llama-128-ip,nsg-faiss,none,128,256921,False,10,1,fig3,373786.68602602556,search_l,0.0,0.0,0.0,0.0,0.0,0.0,0,0.0,0.0,0,,,,100,2026-08-17T15:53:44+00:00,,False,reference-machine,Intel(R) Xeon(R) CPU E5-2620 0 @ 2.00GHz,Linux-6.1.0-41-amd64-x86_64-with-glibc2.36,3.12.12,800,0.25949999690055847,0.0,0.20000000298023224,0.6000000238418579,0.800000011920929,0.1827286332845688,0.115,0.001,1000,1338.489682879299,747.110726956703
llama-128-ip,nsg-faiss,none,128,256921,False,10,1,fig3,373786.68602602556,search_l,0.0,0.0,0.0,0.0,0.0,0.0,0,0.0,0.0,0,,,,100,2026-08-17T15:53:44+00:00,,False,reference-machine,Intel(R) Xeon(R) CPU E5-2620 0 @ 2.00GHz,Linux-6.1.0-41-amd64-x86_64-with-glibc2.36,3.12.12,1000,0.287200003862381,0.0,0.30000001192092896,0.6000000238418579,0.800000011920929,0.18851037323474884,0.083,0.002,1000,1772.5802580825984,564.1493497629839
llama-128-ip,roargraph,none,128,256921,False,10,1,fig3,207685.05465611815,l_pq,0.0,0.0,0.0,0.0,0.0,0.0,0,0.0,0.0,0,,,,100,2026-08-17T19:37:13+00:00,,False,reference-machine,Intel(R) Xeon(R) CPU E5-2620 0 @ 2.00GHz,Linux-6.1.0-41-amd64-x86_64-with-glibc2.36,3.12.12,10,0.08420000225305557,0.0,0.0,0.30000001192092896,0.5010000002384176,0.11674913763999939,0.502,0.0,1000,29.256850015372038,34180.029616126936
llama-128-ip,roargraph,none,128,256921,False,10,1,fig3,207685.05465611815,l_pq,0.0,0.0,0.0,0.0,0.0,0.0,0,0.0,0.0,0,,,,100,2026-08-17T19:37:13+00:00,,False,reference-machine,Intel(R) Xeon(R) CPU E5-2620 0 @ 2.00GHz,Linux-6.1.0-41-amd64-x86_64-with-glibc2.36,3.12.12,20,0.11100000888109207,0.0,0.10000000149011612,0.4000000059604645,0.6000000238418579,0.13061010837554932,0.401,0.0,1000,42.99093456938863,23260.717870321492
llama-128-ip,roargraph,none,128,256921,False,10,1,fig3,207685.05465611815,l_pq,0.0,0.0,0.0,0.0,0.0,0.0,0,0.0,0.0,0,,,,100,2026-08-17T19:37:13+00:00,,False,reference-machine,Intel(R) Xeon(R) CPU E5-2620 0 @ 2.00GHz,Linux-6.1.0-41-amd64-x86_64-with-glibc2.36,3.12.12,30,0.13500002026557922,0.0,0.10000000149011612,0.4000000059604645,0.6000000238418579,0.1417568325996399,0.327,0.0,1000,56.14654766395688,17810.534068543402
llama-128-ip,roargraph,none,128,256921,False,10,1,fig3,207685.05465611815,l_pq,0.0,0.0,0.0,0.0,0.0,0.0,0,0.0,0.0,0,,,,100,2026-08-17T19:37:13+00:00,,False,reference-machine,Intel(R) Xeon(R) CPU E5-2620 0 @ 2.00GHz,Linux-6.1.0-41-amd64-x86_64-with-glibc2.36,3.12.12,40,0.1511000096797943,0.0,0.10000000149011612,0.4000000059604645,0.6000000238418579,0.14628325402736664,0.278,0.0,1000,67.966986913234,14713.025329143846
llama-128-ip,roargraph,none,128,256921,False,10,1,fig3,207685.05465611815,l_pq,0.0,0.0,0.0,0.0,0.0,0.0,0,0.0,0.0,0,,,,100,2026-08-17T19:37:13+00:00,,False,reference-machine,Intel(R) Xeon(R) CPU E5-2620 0 @ 2.00GHz,Linux-6.1.0-41-amd64-x86_64-with-glibc2.36,3.12.12,50,0.1616000086069107,0.0,0.10000000149011612,0.4000000059604645,0.6000000238418579,0.14968447387218475,0.249,0.0,1000,79.5376650057733,12572.659757203259
llama-128-ip,roargraph,none,128,256921,False,10,1,fig3,207685.05465611815,l_pq,0.0,0.0,0.0,0.0,0.0,0.0,0,0.0,0.0,0,,,,100,2026-08-17T19:37:13+00:00,,False,reference-machine,Intel(R) Xeon(R) CPU E5-2620 0 @ 2.00GHz,Linux-6.1.0-41-amd64-x86_64-with-glibc2.36,3.12.12,60,0.1712000072002411,0.0,0.10000000149011612,0.5,0.699999988079071,0.15404726564884186,0.227,0.0,1000,90.37440735846758,11065.079475802566
llama-128-ip,roargraph,none,128,256921,False,10,1,fig3,207685.05465611815,l_pq,0.0,0.0,0.0,0.0,0.0,0.0,0,0.0,0.0,0,,,,100,2026-08-17T19:37:13+00:00,,False,reference-machine,Intel(R) Xeon(R) CPU E5-2620 0 @ 2.00GHz,Linux-6.1.0-41-amd64-x86_64-with-glibc2.36,3.12.12,80,0.186599999666214,0.0,0.20000000298023224,0.5,0.699999988079071,0.1606251448392868,0.201,0.0,1000,109.67311915010214,9118.00455525814
llama-128-ip,roargraph,none,128,256921,False,10,1,fig3,207685.05465611815,l_pq,0.0,0.0,0.0,0.0,0.0,0.0,0,0.0,0.0,0,,,,100,2026-08-17T19:37:13+00:00,,False,reference-machine,Intel(R) Xeon(R) CPU E5-2620 0 @ 2.00GHz,Linux-6.1.0-41-amd64-x86_64-with-glibc2.36,3.12.12,100,0.19760000705718994,0.0,0.20000000298023224,0.5,0.699999988079071,0.16289333999156952,0.178,0.0,1000,130.3560771048069,7671.295594420161
llama-128-ip,roargraph,none,128,256921,False,10,1,fig3,207685.05465611815,l_pq,0.0,0.0,0.0,0.0,0.0,0.0,0,0.0,0.0,0,,,,100,2026-08-17T19:37:13+00:00,,False,reference-machine,Intel(R) Xeon(R) CPU E5-2620 0 @ 2.00GHz,Linux-6.1.0-41-amd64-x86_64-with-glibc2.36,3.12.12,150,0.21930000185966492,0.0,0.20000000298023224,0.5,0.800000011920929,0.16952142119407654,0.146,0.001,1000,175.8964010514319,5685.164642496587
llama-128-ip,roargraph,none,128,256921,False,10,1,fig3,207685.05465611815,l_pq,0.0,0.0,0.0,0.0,0.0,0.0,0,0.0,0.0,0,,,,100,2026-08-17T19:37:13+00:00,,False,reference-machine,Intel(R) Xeon(R) CPU E5-2620 0 @ 2.00GHz,Linux-6.1.0-41-amd64-x86_64-with-glibc2.36,3.12.12,200,0.23570001125335693,0.0,0.20000000298023224,0.5050000011920883,0.800000011920929,0.17226581275463104,0.125,0.001,1000,219.3275559693575,4559.390613643236
llama-128-ip,roargraph,none,128,256921,False,10,1,fig3,207685.05465611815,l_pq,0.0,0.0,0.0,0.0,0.0,0.0,0,0.0,0.0,0,,,,100,2026-08-17T19:37:13+00:00,,False,reference-machine,Intel(R) Xeon(R) CPU E5-2620 0 @ 2.00GHz,Linux-6.1.0-41-amd64-x86_64-with-glibc2.36,3.12.12,300,0.2574999928474426,0.0,0.20000000298023224,0.6000000238418579,0.800000011920929,0.1730426400899887,0.095,0.001,1000,313.3232803083956,3191.5917611220175
llama-128-ip,roargraph,none,128,256921,False,10,1,fig3,207685.05465611815,l_pq,0.0,0.0,0.0,0.0,0.0,0.0,0,0.0,0.0,0,,,,100,2026-08-17T19:37:13+00:00,,False,reference-machine,Intel(R) Xeon(R) CPU E5-2620 0 @ 2.00GHz,Linux-6.1.0-41-amd64-x86_64-with-glibc2.36,3.12.12,400,0.271699994802475,0.0,0.30000001192092896,0.6000000238418579,0.800000011920929,0.17575298249721527,0.08,0.001,1000,408.55199098587036,2447.6688942009946
llama-128-ip,roargraph,none,128,256921,False,10,1,fig3,207685.05465611815,l_pq,0.0,0.0,0.0,0.0,0.0,0.0,0,0.0,0.0,0,,,,100,2026-08-17T19:37:13+00:00,,False,reference-machine,Intel(R) Xeon(R) CPU E5-2620 0 @ 2.00GHz,Linux-6.1.0-41-amd64-x86_64-with-glibc2.36,3.12.12,500,0.28299999237060547,0.0,0.30000001192092896,0.6000000238418579,0.800000011920929,0.1767229437828064,0.07,0.001,1000,510.05659718066454,1960.5667400980506
llama-128-ip,roargraph,none,128,256921,False,10,1,fig3,207685.05465611815,l_pq,0.0,0.0,0.0,0.0,0.0,0.0,0,0.0,0.0,0,,,,100,2026-08-17T19:37:13+00:00,,False,reference-machine,Intel(R) Xeon(R) CPU E5-2620 0 @ 2.00GHz,Linux-6.1.0-41-amd64-x86_64-with-glibc2.36,3.12.12,600,0.2935999929904938,0.0,0.30000001192092896,0.6000000238418579,0.800000011920929,0.1765192300081253,0.062,0.001,1000,614.5039796829224,1627.3287611839219
llama-128-ip,roargraph,none,128,256921,False,10,1,fig3,207685.05465611815,l_pq,0.0,0.0,0.0,0.0,0.0,0.0,0,0.0,0.0,0,,,,100,2026-08-17T19:37:13+00:00,,False,reference-machine,Intel(R) Xeon(R) CPU E5-2620 0 @ 2.00GHz,Linux-6.1.0-41-amd64-x86_64-with-glibc2.36,3.12.12,800,0.30730000138282776,0.0,0.30000001192092896,0.6000000238418579,0.800000011920929,0.1773603856563568,0.051,0.001,1000,836.408106610179,1195.588603334838
llama-128-ip,roargraph,none,128,256921,False,10,1,fig3,207685.05465611815,l_pq,0.0,0.0,0.0,0.0,0.0,0.0,0,0.0,0.0,0,,,,100,2026-08-17T19:37:13+00:00,,False,reference-machine,Intel(R) Xeon(R) CPU E5-2620 0 @ 2.00GHz,Linux-6.1.0-41-amd64-x86_64-with-glibc2.36,3.12.12,1000,0.31709998846054077,0.0,0.30000001192092896,0.6000000238418579,0.800000011920929,0.17977093160152435,0.046,0.001,1000,1082.401196938008,923.8718534577457
llama-128-ip,hnsw-hnswlib,bachrach,129,256921,False,10,1,fig3,445640.5440508388,ef_search,21.97786676623891,20.0,498.8705344895906,500.0,42.6348760903157,39.0,143,42.12280428614243,39.0,96,48,500,True,100,2026-08-17T15:53:44+00:00,,False,reference-machine,Intel(R) Xeon(R) CPU E5-2620 0 @ 2.00GHz,Linux-6.1.0-41-amd64-x86_64-with-glibc2.36,3.12.12,10,0.23579999804496765,0.0,0.20000000298023224,0.6000000238418579,0.800000011920929,0.20702260732650757,0.22,0.001,1000,61.95937190204859,16139.608412765989
llama-128-ip,hnsw-hnswlib,bachrach,129,256921,False,10,1,fig3,445640.5440508388,ef_search,21.97786676623891,20.0,498.8705344895906,500.0,42.6348760903157,39.0,143,42.12280428614243,39.0,96,48,500,True,100,2026-08-17T15:53:44+00:00,,False,reference-machine,Intel(R) Xeon(R) CPU E5-2620 0 @ 2.00GHz,Linux-6.1.0-41-amd64-x86_64-with-glibc2.36,3.12.12,20,0.3402999937534332,0.0,0.30000001192092896,0.699999988079071,0.8999999761581421,0.23079408705234528,0.113,0.007,1000,99.12633476778865,10088.136541541457
llama-128-ip,hnsw-hnswlib,bachrach,129,256921,False,10,1,fig3,445640.5440508388,ef_search,21.97786676623891,20.0,498.8705344895906,500.0,42.6348760903157,39.0,143,42.12280428614243,39.0,96,48,500,True,100,2026-08-17T15:53:44+00:00,,False,reference-machine,Intel(R) Xeon(R) CPU E5-2620 0 @ 2.00GHz,Linux-6.1.0-41-amd64-x86_64-with-glibc2.36,3.12.12,30,0.41499999165534973,0.0,0.4000000059604645,0.800000011920929,1.0,0.24546892940998077,0.079,0.011,1000,135.99273515865207,7353.333976505277
llama-128-ip,hnsw-hnswlib,bachrach,129,256921,False,10,1,fig3,445640.5440508388,ef_search,21.97786676623891,20.0,498.8705344895906,500.0,42.6348760903157,39.0,143,42.12280428614243,39.0,96,48,500,True,100,2026-08-17T15:53:44+00:00,,False,reference-machine,Intel(R) Xeon(R) CPU E5-2620 0 @ 2.00GHz,Linux-6.1.0-41-amd64-x86_64-with-glibc2.36,3.12.12,40,0.4790000021457672,0.0,0.5,0.8999999761581421,1.0,0.2497178465127945,0.05,0.02,1000,170.8311941474676,5853.731837387756
llama-128-ip,hnsw-hnswlib,bachrach,129,256921,False,10,1,fig3,445640.5440508388,ef_search,21.97786676623891,20.0,498.8705344895906,500.0,42.6348760903157,39.0,143,42.12280428614243,39.0,96,48,500,True,100,2026-08-17T15:53:44+00:00,,False,reference-machine,Intel(R) Xeon(R) CPU E5-2620 0 @ 2.00GHz,Linux-6.1.0-41-amd64-x86_64-with-glibc2.36,3.12.12,50,0.527199923992157,0.0,0.5,0.8999999761581421,1.0,0.24984027445316315,0.041,0.031,1000,204.07386077567935,4900.186609882454
llama-128-ip,hnsw-hnswlib,bachrach,129,256921,False,10,1,fig3,445640.5440508388,ef_search,21.97786676623891,20.0,498.8705344895906,500.0,42.6348760903157,39.0,143,42.12280428614243,39.0,96,48,500,True,100,2026-08-17T15:53:44+00:00,,False,reference-machine,Intel(R) Xeon(R) CPU E5-2620 0 @ 2.00GHz,Linux-6.1.0-41-amd64-x86_64-with-glibc2.36,3.12.12,60,0.5674999952316284,0.0,0.6000000238418579,0.8999999761581421,1.0,0.24636101722717285,0.03,0.042,1000,239.48248894885182,4175.6706487779065
llama-128-ip,hnsw-hnswlib,bachrach,129,256921,False,10,1,fig3,445640.5440508388,ef_search,21.97786676623891,20.0,498.8705344895906,500.0,42.6348760903157,39.0,143,42.12280428614243,39.0,96,48,500,True,100,2026-08-17T15:53:44+00:00,,False,reference-machine,Intel(R) Xeon(R) CPU E5-2620 0 @ 2.00GHz,Linux-6.1.0-41-amd64-x86_64-with-glibc2.36,3.12.12,80,0.6205999851226807,0.0,0.699999988079071,1.0,1.0,0.24210667610168457,0.026,0.067,1000,307.02778324484825,3257.034231337041
llama-128-ip,hnsw-hnswlib,bachrach,129,256921,False,10,1,fig3,445640.5440508388,ef_search,21.97786676623891,20.0,498.8705344895906,500.0,42.6348760903157,39.0,143,42.12280428614243,39.0,96,48,500,True,100,2026-08-17T15:53:44+00:00,,False,reference-machine,Intel(R) Xeon(R) CPU E5-2620 0 @ 2.00GHz,Linux-6.1.0-41-amd64-x86_64-with-glibc2.36,3.12.12,100,0.6626999974250793,0.0,0.699999988079071,1.0,1.0,0.23570895195007324,0.019,0.093,1000,376.6502565704286,2654.982925288445
llama-128-ip,hnsw-hnswlib,bachrach,129,256921,False,10,1,fig3,445640.5440508388,ef_search,21.97786676623891,20.0,498.8705344895906,500.0,42.6348760903157,39.0,143,42.12280428614243,39.0,96,48,500,True,100,2026-08-17T15:53:44+00:00,,False,reference-machine,Intel(R) Xeon(R) CPU E5-2620 0 @ 2.00GHz,Linux-6.1.0-41-amd64-x86_64-with-glibc2.36,3.12.12,150,0.739799976348877,0.0,0.800000011920929,1.0,1.0,0.21673938632011414,0.009,0.161,1000,545.0358046218753,1834.7418491043193
llama-128-ip,hnsw-hnswlib,bachrach,129,256921,False,10,1,fig3,445640.5440508388,ef_search,21.97786676623891,20.0,498.8705344895906,500.0,42.6348760903157,39.0,143,42.12280428614243,39.0,96,48,500,True,100,2026-08-17T15:53:44+00:00,,False,reference-machine,Intel(R) Xeon(R) CPU E5-2620 0 @ 2.00GHz,Linux-6.1.0-41-amd64-x86_64-with-glibc2.36,3.12.12,200,0.7914999723434448,0.0,0.800000011920929,1.0,1.0,0.19291901588439941,0.006,0.216,1000,713.7894732877612,1400.9733085498365
llama-128-ip,hnsw-hnswlib,bachrach,129,256921,False,10,1,fig3,445640.5440508388,ef_search,21.97786676623891,20.0,498.8705344895906,500.0,42.6348760903157,39.0,143,42.12280428614243,39.0,96,48,500,True,100,2026-08-17T15:53:44+00:00,,False,reference-machine,Intel(R) Xeon(R) CPU E5-2620 0 @ 2.00GHz,Linux-6.1.0-41-amd64-x86_64-with-glibc2.36,3.12.12,300,0.8466999530792236,0.0,0.8999999761581421,1.0,1.0,0.1625088006258011,0.002,0.31,1000,1041.7903610505164,959.8860167909636
llama-128-ip,hnsw-hnswlib,bachrach,129,256921,False,10,1,fig3,445640.5440508388,ef_search,21.97786676623891,20.0,498.8705344895906,500.0,42.6348760903157,39.0,143,42.12280428614243,39.0,96,48,500,True,100,2026-08-17T15:53:44+00:00,,False,reference-machine,Intel(R) Xeon(R) CPU E5-2620 0 @ 2.00GHz,Linux-6.1.0-41-amd64-x86_64-with-glibc2.36,3.12.12,400,0.8858000040054321,0.0,0.8999999761581421,1.0,1.0,0.13549302518367767,0.001,0.396,1000,1361.2841749563813,734.6004738739009
llama-128-ip,hnsw-hnswlib,bachrach,129,256921,False,10,1,fig3,445640.5440508388,ef_search,21.97786676623891,20.0,498.8705344895906,500.0,42.6348760903157,39.0,143,42.12280428614243,39.0,96,48,500,True,100,2026-08-17T15:53:44+00:00,,False,reference-machine,Intel(R) Xeon(R) CPU E5-2620 0 @ 2.00GHz,Linux-6.1.0-41-amd64-x86_64-with-glibc2.36,3.12.12,500,0.9085000157356262,0.30000001192092896,0.8999999761581421,1.0,1.0,0.11444540321826935,0.0,0.461,1000,1668.8396069221199,599.2187600606649
llama-128-ip,hnsw-hnswlib,bachrach,129,256921,False,10,1,fig3,445640.5440508388,ef_search,21.97786676623891,20.0,498.8705344895906,500.0,42.6348760903157,39.0,143,42.12280428614243,39.0,96,48,500,True,100,2026-08-17T15:53:44+00:00,,False,reference-machine,Intel(R) Xeon(R) CPU E5-2620 0 @ 2.00GHz,Linux-6.1.0-41-amd64-x86_64-with-glibc2.36,3.12.12,600,0.9244999885559082,0.30000001192092896,1.0,1.0,1.0,0.1023217961192131,0.0,0.523,1000,1966.5796817280352,508.4970669082166
llama-128-ip,hnsw-hnswlib,bachrach,129,256921,False,10,1,fig3,445640.5440508388,ef_search,21.97786676623891,20.0,498.8705344895906,500.0,42.6348760903157,39.0,143,42.12280428614243,39.0,96,48,500,True,100,2026-08-17T15:53:44+00:00,,False,reference-machine,Intel(R) Xeon(R) CPU E5-2620 0 @ 2.00GHz,Linux-6.1.0-41-amd64-x86_64-with-glibc2.36,3.12.12,800,0.9460999965667725,0.5,1.0,1.0,1.0,0.08249115198850632,0.0,0.622,1000,2564.097838010639,390.00071883990677
llama-128-ip,hnsw-hnswlib,bachrach,129,256921,False,10,1,fig3,445640.5440508388,ef_search,21.97786676623891,20.0,498.8705344895906,500.0,42.6348760903157,39.0,143,42.12280428614243,39.0,96,48,500,True,100,2026-08-17T15:53:44+00:00,,False,reference-machine,Intel(R) Xeon(R) CPU E5-2620 0 @ 2.00GHz,Linux-6.1.0-41-amd64-x86_64-with-glibc2.36,3.12.12,1000,0.9580999612808228,0.5,1.0,1.0,1.0,0.07248716801404953,0.0,0.686,1000,3144.380933139473,318.0276249167943
llama-128-ip,flatnav,bachrach,129,256921,False,10,1,fig3,329897.8952053003,ef_search,0.0,0.0,0.0,0.0,0.0,0.0,0,0.0,0.0,0,48,500,,100,2026-08-17T15:53:44+00:00,,False,reference-machine,Intel(R) Xeon(R) CPU E5-2620 0 @ 2.00GHz,Linux-6.1.0-41-amd64-x86_64-with-glibc2.36,3.12.12,10,0.20830000936985016,0.0,0.20000000298023224,0.6000000238418579,0.800000011920929,0.1998026818037033,0.268,0.001,1000,52.65974625945091,18989.837039340626
llama-128-ip,flatnav,bachrach,129,256921,False,10,1,fig3,329897.8952053003,ef_search,0.0,0.0,0.0,0.0,0.0,0.0,0,0.0,0.0,0,48,500,,100,2026-08-17T15:53:44+00:00,,False,reference-machine,Intel(R) Xeon(R) CPU E5-2620 0 @ 2.00GHz,Linux-6.1.0-41-amd64-x86_64-with-glibc2.36,3.12.12,20,0.3197000026702881,0.0,0.30000001192092896,0.699999988079071,0.8999999761581421,0.23482315242290497,0.144,0.008,1000,88.81836384534836,11258.932913256682
llama-128-ip,flatnav,bachrach,129,256921,False,10,1,fig3,329897.8952053003,ef_search,0.0,0.0,0.0,0.0,0.0,0.0,0,0.0,0.0,0,48,500,,100,2026-08-17T15:53:44+00:00,,False,reference-machine,Intel(R) Xeon(R) CPU E5-2620 0 @ 2.00GHz,Linux-6.1.0-41-amd64-x86_64-with-glibc2.36,3.12.12,30,0.3912000060081482,0.0,0.4000000059604645,0.800000011920929,0.8999999761581421,0.24860119819641113,0.101,0.009,1000,115.35649187862873,8668.779569442358
llama-128-ip,flatnav,bachrach,129,256921,False,10,1,fig3,329897.8952053003,ef_search,0.0,0.0,0.0,0.0,0.0,0.0,0,0.0,0.0,0,48,500,,100,2026-08-17T15:53:44+00:00,,False,reference-machine,Intel(R) Xeon(R) CPU E5-2620 0 @ 2.00GHz,Linux-6.1.0-41-amd64-x86_64-with-glibc2.36,3.12.12,40,0.4600999653339386,0.0,0.5,0.8999999761581421,1.0,0.25297823548316956,0.065,0.019,1000,146.81181032210588,6811.441108218711
llama-128-ip,flatnav,bachrach,129,256921,False,10,1,fig3,329897.8952053003,ef_search,0.0,0.0,0.0,0.0,0.0,0.0,0,0.0,0.0,0,48,500,,100,2026-08-17T15:53:44+00:00,,False,reference-machine,Intel(R) Xeon(R) CPU E5-2620 0 @ 2.00GHz,Linux-6.1.0-41-amd64-x86_64-with-glibc2.36,3.12.12,50,0.5022000074386597,0.0,0.5,0.8999999761581421,1.0,0.25572478771209717,0.051,0.028,1000,174.93918491527438,5716.272203304907
llama-128-ip,flatnav,bachrach,129,256921,False,10,1,fig3,329897.8952053003,ef_search,0.0,0.0,0.0,0.0,0.0,0.0,0,0.0,0.0,0,48,500,,100,2026-08-17T15:53:44+00:00,,False,reference-machine,Intel(R) Xeon(R) CPU E5-2620 0 @ 2.00GHz,Linux-6.1.0-41-amd64-x86_64-with-glibc2.36,3.12.12,60,0.5394999980926514,0.0,0.6000000238418579,0.8999999761581421,1.0,0.256104975938797,0.04,0.038,1000,205.0008000805974,4878.02974235634
llama-128-ip,flatnav,bachrach,129,256921,False,10,1,fig3,329897.8952053003,ef_search,0.0,0.0,0.0,0.0,0.0,0.0,0,0.0,0.0,0,48,500,,100,2026-08-17T15:53:44+00:00,,False,reference-machine,Intel(R) Xeon(R) CPU E5-2620 0 @ 2.00GHz,Linux-6.1.0-41-amd64-x86_64-with-glibc2.36,3.12.12,80,0.5989000201225281,0.0,0.6000000238418579,1.0,1.0,0.24965734779834747,0.028,0.063,1000,262.21906766295433,3813.605200081632
llama-128-ip,flatnav,bachrach,129,256921,False,10,1,fig3,329897.8952053003,ef_search,0.0,0.0,0.0,0.0,0.0,0.0,0,0.0,0.0,0,48,500,,100,2026-08-17T15:53:44+00:00,,False,reference-machine,Intel(R) Xeon(R) CPU E5-2620 0 @ 2.00GHz,Linux-6.1.0-41-amd64-x86_64-with-glibc2.36,3.12.12,100,0.6456999778747559,0.0,0.699999988079071,1.0,1.0,0.23891736567020416,0.017,0.085,1000,320.7628899253905,3117.567622091821
llama-128-ip,flatnav,bachrach,129,256921,False,10,1,fig3,329897.8952053003,ef_search,0.0,0.0,0.0,0.0,0.0,0.0,0,0.0,0.0,0,48,500,,100,2026-08-17T15:53:44+00:00,,False,reference-machine,Intel(R) Xeon(R) CPU E5-2620 0 @ 2.00GHz,Linux-6.1.0-41-amd64-x86_64-with-glibc2.36,3.12.12,150,0.7264000177383423,0.0,0.800000011920929,1.0,1.0,0.2196429818868637,0.008,0.152,1000,465.62078688293695,2147.6704394888043
llama-128-ip,flatnav,bachrach,129,256921,False,10,1,fig3,329897.8952053003,ef_search,0.0,0.0,0.0,0.0,0.0,0.0,0,0.0,0.0,0,48,500,,100,2026-08-17T15:53:44+00:00,,False,reference-machine,Intel(R) Xeon(R) CPU E5-2620 0 @ 2.00GHz,Linux-6.1.0-41-amd64-x86_64-with-glibc2.36,3.12.12,200,0.776699960231781,0.0,0.800000011920929,1.0,1.0,0.2018095701932907,0.005,0.209,1000,612.2327749617398,1633.365675436917
llama-128-ip,flatnav,bachrach,129,256921,False,10,1,fig3,329897.8952053003,ef_search,0.0,0.0,0.0,0.0,0.0,0.0,0,0.0,0.0,0,48,500,,100,2026-08-17T15:53:44+00:00,,False,reference-machine,Intel(R) Xeon(R) CPU E5-2620 0 @ 2.00GHz,Linux-6.1.0-41-amd64-x86_64-with-glibc2.36,3.12.12,300,0.8374000191688538,0.0,0.8999999761581421,1.0,1.0,0.17006245255470276,0.003,0.291,1000,897.5875191390514,1114.09748762904
llama-128-ip,flatnav,bachrach,129,256921,False,10,1,fig3,329897.8952053003,ef_search,0.0,0.0,0.0,0.0,0.0,0.0,0,0.0,0.0,0,48,500,,100,2026-08-17T15:53:44+00:00,,False,reference-machine,Intel(R) Xeon(R) CPU E5-2620 0 @ 2.00GHz,Linux-6.1.0-41-amd64-x86_64-with-glibc2.36,3.12.12,400,0.8784999847412109,0.10000000149011612,0.8999999761581421,1.0,1.0,0.13931170105934143,0.0,0.377,1000,1177.5119700469077,849.2482670559721
llama-128-ip,flatnav,bachrach,129,256921,False,10,1,fig3,329897.8952053003,ef_search,0.0,0.0,0.0,0.0,0.0,0.0,0,0.0,0.0,0,48,500,,100,2026-08-17T15:53:44+00:00,,False,reference-machine,Intel(R) Xeon(R) CPU E5-2620 0 @ 2.00GHz,Linux-6.1.0-41-amd64-x86_64-with-glibc2.36,3.12.12,500,0.9013999700546265,0.20000000298023224,0.8999999761581421,1.0,1.0,0.12254811078310013,0.0,0.444,1000,1448.6134969629347,690.3152580702392
llama-128-ip,flatnav,bachrach,129,256921,False,10,1,fig3,329897.8952053003,ef_search,0.0,0.0,0.0,0.0,0.0,0.0,0,0.0,0.0,0,48,500,,100,2026-08-17T15:53:44+00:00,,False,reference-machine,Intel(R) Xeon(R) CPU E5-2620 0 @ 2.00GHz,Linux-6.1.0-41-amd64-x86_64-with-glibc2.36,3.12.12,600,0.9185000061988831,0.30000001192092896,1.0,1.0,1.0,0.10976224392652512,0.0,0.509,1000,1713.2265786640346,583.6939564525055
llama-128-ip,flatnav,bachrach,129,256921,False,10,1,fig3,329897.8952053003,ef_search,0.0,0.0,0.0,0.0,0.0,0.0,0,0.0,0.0,0,48,500,,100,2026-08-17T15:53:44+00:00,,False,reference-machine,Intel(R) Xeon(R) CPU E5-2620 0 @ 2.00GHz,Linux-6.1.0-41-amd64-x86_64-with-glibc2.36,3.12.12,800,0.9427999258041382,0.5,1.0,1.0,1.0,0.08466498553752899,0.0,0.608,1000,2241.6081209667027,446.10830530393775
llama-128-ip,flatnav,bachrach,129,256921,False,10,1,fig3,329897.8952053003,ef_search,0.0,0.0,0.0,0.0,0.0,0.0,0,0.0,0.0,0,48,500,,100,2026-08-17T15:53:44+00:00,,False,reference-machine,Intel(R) Xeon(R) CPU E5-2620 0 @ 2.00GHz,Linux-6.1.0-41-amd64-x86_64-with-glibc2.36,3.12.12,1000,0.9548999667167664,0.5,1.0,1.0,1.0,0.07599993795156479,0.0,0.674,1000,2762.7072827890515,361.9637904564628
llama-128-ip,nsg-faiss,bachrach,129,256921,False,10,1,fig3,938459.470519796,search_l,0.0,0.0,0.0,0.0,0.0,0.0,0,0.0,0.0,0,,,,100,2026-08-17T15:53:44+00:00,,False,reference-machine,Intel(R) Xeon(R) CPU E5-2620 0 @ 2.00GHz,Linux-6.1.0-41-amd64-x86_64-with-glibc2.36,3.12.12,10,0.2501000165939331,0.0,0.20000000298023224,0.699999988079071,0.800000011920929,0.21707138419151306,0.239,0.002,1000,65.9444760531187,15164.27242813323
llama-128-ip,nsg-faiss,bachrach,129,256921,False,10,1,fig3,938459.470519796,search_l,0.0,0.0,0.0,0.0,0.0,0.0,0,0.0,0.0,0,,,,100,2026-08-17T15:53:44+00:00,,False,reference-machine,Intel(R) Xeon(R) CPU E5-2620 0 @ 2.00GHz,Linux-6.1.0-41-amd64-x86_64-with-glibc2.36,3.12.12,20,0.3824999928474426,0.0,0.4000000059604645,0.800000011920929,1.0,0.24589377641677856,0.093,0.011,1000,110.55094143375754,9045.60365593271
llama-128-ip,nsg-faiss,bachrach,129,256921,False,10,1,fig3,938459.470519796,search_l,0.0,0.0,0.0,0.0,0.0,0.0,0,0.0,0.0,0,,,,100,2026-08-17T15:53:44+00:00,,False,reference-machine,Intel(R) Xeon(R) CPU E5-2620 0 @ 2.00GHz,Linux-6.1.0-41-amd64-x86_64-with-glibc2.36,3.12.12,30,0.4580000042915344,0.0,0.5,0.8999999761581421,1.0,0.25015196204185486,0.059,0.018,1000,147.3938450217247,6784.543817637757
llama-128-ip,nsg-faiss,bachrach,129,256921,False,10,1,fig3,938459.470519796,search_l,0.0,0.0,0.0,0.0,0.0,0.0,0,0.0,0.0,0,,,,100,2026-08-17T15:53:44+00:00,,False,reference-machine,Intel(R) Xeon(R) CPU E5-2620 0 @ 2.00GHz,Linux-6.1.0-41-amd64-x86_64-with-glibc2.36,3.12.12,40,0.5108999609947205,0.0,0.5,0.8999999761581421,1.0,0.2541479468345642,0.04,0.028,1000,183.09563398361206,5461.626682422721
llama-128-ip,nsg-faiss,bachrach,129,256921,False,10,1,fig3,938459.470519796,search_l,0.0,0.0,0.0,0.0,0.0,0.0,0,0.0,0.0,0,,,,100,2026-08-17T15:53:44+00:00,,False,reference-machine,Intel(R) Xeon(R) CPU E5-2620 0 @ 2.00GHz,Linux-6.1.0-41-amd64-x86_64-with-glibc2.36,3.12.12,50,0.5554999709129333,0.0,0.6000000238418579,0.8999999761581421,1.0,0.2529619336128235,0.035,0.045,1000,220.46921169385314,4535.780721113182
llama-128-ip,nsg-faiss,bachrach,129,256921,False,10,1,fig3,938459.470519796,search_l,0.0,0.0,0.0,0.0,0.0,0.0,0,0.0,0.0,0,,,,100,2026-08-17T15:53:44+00:00,,False,reference-machine,Intel(R) Xeon(R) CPU E5-2620 0 @ 2.00GHz,Linux-6.1.0-41-amd64-x86_64-with-glibc2.36,3.12.12,60,0.5949000120162964,0.0,0.6000000238418579,1.0,1.0,0.2525153160095215,0.027,0.069,1000,253.81384836509824,3939.895346299431
llama-128-ip,nsg-faiss,bachrach,129,256921,False,10,1,fig3,938459.470519796,search_l,0.0,0.0,0.0,0.0,0.0,0.0,0,0.0,0.0,0,,,,100,2026-08-17T15:53:44+00:00,,False,reference-machine,Intel(R) Xeon(R) CPU E5-2620 0 @ 2.00GHz,Linux-6.1.0-41-amd64-x86_64-with-glibc2.36,3.12.12,80,0.6548000574111938,0.0,0.699999988079071,1.0,1.0,0.2432631403207779,0.016,0.116,1000,318.15130496397614,3143.1585676294135
llama-128-ip,nsg-faiss,bachrach,129,256921,False,10,1,fig3,938459.470519796,search_l,0.0,0.0,0.0,0.0,0.0,0.0,0,0.0,0.0,0,,,,100,2026-08-17T15:53:44+00:00,,False,reference-machine,Intel(R) Xeon(R) CPU E5-2620 0 @ 2.00GHz,Linux-6.1.0-41-amd64-x86_64-with-glibc2.36,3.12.12,100,0.7026000022888184,0.0,0.699999988079071,1.0,1.0,0.23080995678901672,0.011,0.143,1000,391.0899646580219,2556.9564304070627
llama-128-ip,nsg-faiss,bachrach,129,256921,False,10,1,fig3,938459.470519796,search_l,0.0,0.0,0.0,0.0,0.0,0.0,0,0.0,0.0,0,,,,100,2026-08-17T15:53:44+00:00,,False,reference-machine,Intel(R) Xeon(R) CPU E5-2620 0 @ 2.00GHz,Linux-6.1.0-41-amd64-x86_64-with-glibc2.36,3.12.12,150,0.7684000134468079,0.0,0.800000011920929,1.0,1.0,0.21156899631023407,0.009,0.219,1000,574.9029936268926,1739.423887308877
llama-128-ip,nsg-faiss,bachrach,129,256921,False,10,1,fig3,938459.470519796,search_l,0.0,0.0,0.0,0.0,0.0,0.0,0,0.0,0.0,0,,,,100,2026-08-17T15:53:44+00:00,,False,reference-machine,Intel(R) Xeon(R) CPU E5-2620 0 @ 2.00GHz,Linux-6.1.0-41-amd64-x86_64-with-glibc2.36,3.12.12,200,0.7929999232292175,0.0,0.8999999761581421,1.0,1.0,0.22434569895267487,0.012,0.286,1000,653.9459340274334,1529.1784044612616
llama-128-ip,nsg-faiss,bachrach,129,256921,False,10,1,fig3,938459.470519796,search_l,0.0,0.0,0.0,0.0,0.0,0.0,0,0.0,0.0,0,,,,100,2026-08-17T15:53:44+00:00,,False,reference-machine,Intel(R) Xeon(R) CPU E5-2620 0 @ 2.00GHz,Linux-6.1.0-41-amd64-x86_64-with-glibc2.36,3.12.12,300,0.8647999167442322,0.0,0.8999999761581421,1.0,1.0,0.16799095273017883,0.002,0.399,1000,1025.544122327119,975.0921274170481
llama-128-ip,nsg-faiss,bachrach,129,256921,False,10,1,fig3,938459.470519796,search_l,0.0,0.0,0.0,0.0,0.0,0.0,0,0.0,0.0,0,,,,100,2026-08-17T15:53:44+00:00,,False,reference-machine,Intel(R) Xeon(R) CPU E5-2620 0 @ 2.00GHz,Linux-6.1.0-41-amd64-x86_64-with-glibc2.36,3.12.12,400,0.9059000015258789,0.10000000149011612,1.0,1.0,1.0,0.13013526797294617,0.0,0.503,1000,1398.6258278600872,714.9875113703648
llama-128-ip,nsg-faiss,bachrach,129,256921,False,10,1,fig3,938459.470519796,search_l,0.0,0.0,0.0,0.0,0.0,0.0,0,0.0,0.0,0,,,,100,2026-08-17T15:53:44+00:00,,False,reference-machine,Intel(R) Xeon(R) CPU E5-2620 0 @ 2.00GHz,Linux-6.1.0-41-amd64-x86_64-with-glibc2.36,3.12.12,500,0.9282999038696289,0.20000000298023224,1.0,1.0,1.0,0.10482895374298096,0.0,0.56,1000,1773.908105213195,563.7270595140644
llama-128-ip,nsg-faiss,bachrach,129,256921,False,10,1,fig3,938459.470519796,search_l,0.0,0.0,0.0,0.0,0.0,0.0,0,0.0,0.0,0,,,,100,2026-08-17T15:53:44+00:00,,False,reference-machine,Intel(R) Xeon(R) CPU E5-2620 0 @ 2.00GHz,Linux-6.1.0-41-amd64-x86_64-with-glibc2.36,3.12.12,600,0.9452999234199524,0.30000001192092896,1.0,1.0,1.0,0.08728063851594925,0.0,0.632,1000,2153.236113023013,464.41725268858727
llama-128-ip,nsg-faiss,bachrach,129,256921,False,10,1,fig3,938459.470519796,search_l,0.0,0.0,0.0,0.0,0.0,0.0,0,0.0,0.0,0,,,,100,2026-08-17T15:53:44+00:00,,False,reference-machine,Intel(R) Xeon(R) CPU E5-2620 0 @ 2.00GHz,Linux-6.1.0-41-amd64-x86_64-with-glibc2.36,3.12.12,800,0.9624999761581421,0.5,1.0,1.0,1.0,0.06829165667295456,0.0,0.718,1000,2978.310096077621,335.76087369712826
llama-128-ip,nsg-faiss,bachrach,129,256921,False,10,1,fig3,938459.470519796,search_l,0.0,0.0,0.0,0.0,0.0,0.0,0,0.0,0.0,0,,,,100,2026-08-17T15:53:44+00:00,,False,reference-machine,Intel(R) Xeon(R) CPU E5-2620 0 @ 2.00GHz,Linux-6.1.0-41-amd64-x86_64-with-glibc2.36,3.12.12,1000,0.972000002861023,0.6000000238418579,1.0,1.0,1.0,0.05617828667163849,0.0,0.768,1000,3857.890767045319,259.2089979690845
llama-128-ip,roargraph,bachrach,129,256921,False,10,1,fig3,360987.29494726285,l_pq,0.0,0.0,0.0,0.0,0.0,0.0,0,0.0,0.0,0,,,,100,2026-08-17T19:37:13+00:00,,False,reference-machine,Intel(R) Xeon(R) CPU E5-2620 0 @ 2.00GHz,Linux-6.1.0-41-amd64-x86_64-with-glibc2.36,3.12.12,10,0.15220001339912415,0.0,0.10000000149011612,0.6000000238418579,0.800000011920929,0.1904078722000122,0.426,0.002,1000,77.28961575776339,12938.34870565461
llama-128-ip,roargraph,bachrach,129,256921,False,10,1,fig3,360987.29494726285,l_pq,0.0,0.0,0.0,0.0,0.0,0.0,0,0.0,0.0,0,,,,100,2026-08-17T19:37:13+00:00,,False,reference-machine,Intel(R) Xeon(R) CPU E5-2620 0 @ 2.00GHz,Linux-6.1.0-41-amd64-x86_64-with-glibc2.36,3.12.12,20,0.2412000149488449,0.0,0.20000000298023224,0.699999988079071,0.8010000115633001,0.2238360047340393,0.245,0.005,1000,129.4295210391283,7726.212628861435
llama-128-ip,roargraph,bachrach,129,256921,False,10,1,fig3,360987.29494726285,l_pq,0.0,0.0,0.0,0.0,0.0,0.0,0,0.0,0.0,0,,,,100,2026-08-17T19:37:13+00:00,,False,reference-machine,Intel(R) Xeon(R) CPU E5-2620 0 @ 2.00GHz,Linux-6.1.0-41-amd64-x86_64-with-glibc2.36,3.12.12,30,0.2937999963760376,0.0,0.30000001192092896,0.800000011920929,0.8999999761581421,0.23516283929347992,0.165,0.006,1000,174.056151881814,5745.272368649232
llama-128-ip,roargraph,bachrach,129,256921,False,10,1,fig3,360987.29494726285,l_pq,0.0,0.0,0.0,0.0,0.0,0.0,0,0.0,0.0,0,,,,100,2026-08-17T19:37:13+00:00,,False,reference-machine,Intel(R) Xeon(R) CPU E5-2620 0 @ 2.00GHz,Linux-6.1.0-41-amd64-x86_64-with-glibc2.36,3.12.12,40,0.33580002188682556,0.0,0.30000001192092896,0.800000011920929,0.8999999761581421,0.23999658226966858,0.123,0.006,1000,215.29503306373954,4644.78899382664
llama-128-ip,roargraph,bachrach,129,256921,False,10,1,fig3,360987.29494726285,l_pq,0.0,0.0,0.0,0.0,0.0,0.0,0,0.0,0.0,0,,,,100,2026-08-17T19:37:13+00:00,,False,reference-machine,Intel(R) Xeon(R) CPU E5-2620 0 @ 2.00GHz,Linux-6.1.0-41-amd64-x86_64-with-glibc2.36,3.12.12,50,0.3703000247478485,0.0,0.4000000059604645,0.800000011920929,0.8999999761581421,0.2404327541589737,0.093,0.008,1000,254.76506166160107,3925.185005659365
llama-128-ip,roargraph,bachrach,129,256921,False,10,1,fig3,360987.29494726285,l_pq,0.0,0.0,0.0,0.0,0.0,0.0,0,0.0,0.0,0,,,,100,2026-08-17T19:37:13+00:00,,False,reference-machine,Intel(R) Xeon(R) CPU E5-2620 0 @ 2.00GHz,Linux-6.1.0-41-amd64-x86_64-with-glibc2.36,3.12.12,60,0.4011000096797943,0.0,0.4000000059604645,0.800000011920929,0.8999999761581421,0.23951782286167145,0.071,0.008,1000,296.32497811689973,3374.673327759436
llama-128-ip,roargraph,bachrach,129,256921,False,10,1,fig3,360987.29494726285,l_pq,0.0,0.0,0.0,0.0,0.0,0.0,0,0.0,0.0,0,,,,100,2026-08-17T19:37:13+00:00,,False,reference-machine,Intel(R) Xeon(R) CPU E5-2620 0 @ 2.00GHz,Linux-6.1.0-41-amd64-x86_64-with-glibc2.36,3.12.12,80,0.4415000081062317,0.0,0.4000000059604645,0.800000011920929,0.9009999763965597,0.23699738085269928,0.047,0.01,1000,370.1646300032735,2701.5006809028637
llama-128-ip,roargraph,bachrach,129,256921,False,10,1,fig3,360987.29494726285,l_pq,0.0,0.0,0.0,0.0,0.0,0.0,0,0.0,0.0,0,,,,100,2026-08-17T19:37:13+00:00,,False,reference-machine,Intel(R) Xeon(R) CPU E5-2620 0 @ 2.00GHz,Linux-6.1.0-41-amd64-x86_64-with-glibc2.36,3.12.12,100,0.47620001435279846,0.0,0.5,0.800000011920929,0.9009999763965597,0.23085397481918335,0.033,0.01,1000,446.0284598171711,2242.0094009469803
llama-128-ip,roargraph,bachrach,129,256921,False,10,1,fig3,360987.29494726285,l_pq,0.0,0.0,0.0,0.0,0.0,0.0,0,0.0,0.0,0,,,,100,2026-08-17T19:37:13+00:00,,False,reference-machine,Intel(R) Xeon(R) CPU E5-2620 0 @ 2.00GHz,Linux-6.1.0-41-amd64-x86_64-with-glibc2.36,3.12.12,150,0.5333000421524048,0.0,0.6000000238418579,0.8999999761581421,1.0,0.22257833182811737,0.023,0.012,1000,636.9214742444456,1570.052259874359
llama-128-ip,roargraph,bachrach,129,256921,False,10,1,fig3,360987.29494726285,l_pq,0.0,0.0,0.0,0.0,0.0,0.0,0,0.0,0.0,0,,,,100,2026-08-17T19:37:13+00:00,,False,reference-machine,Intel(R) Xeon(R) CPU E5-2620 0 @ 2.00GHz,Linux-6.1.0-41-amd64-x86_64-with-glibc2.36,3.12.12,200,0.5758000016212463,0.0,0.6000000238418579,0.8999999761581421,1.0,0.21520772576332092,0.017,0.015,1000,825.1860719174147,1211.8478898660821
llama-128-ip,roargraph,bachrach,129,256921,False,10,1,fig3,360987.29494726285,l_pq,0.0,0.0,0.0,0.0,0.0,0.0,0,0.0,0.0,0,,,,100,2026-08-17T19:37:13+00:00,,False,reference-machine,Intel(R) Xeon(R) CPU E5-2620 0 @ 2.00GHz,Linux-6.1.0-41-amd64-x86_64-with-glibc2.36,3.12.12,300,0.62909996509552,0.0,0.699999988079071,0.8999999761581421,1.0,0.20401760935783386,0.013,0.023,1000,1195.372807327658,836.5591001150277
llama-128-ip,roargraph,bachrach,129,256921,False,10,1,fig3,360987.29494726285,l_pq,0.0,0.0,0.0,0.0,0.0,0.0,0,0.0,0.0,0,,,,100,2026-08-17T19:37:13+00:00,,False,reference-machine,Intel(R) Xeon(R) CPU E5-2620 0 @ 2.00GHz,Linux-6.1.0-41-amd64-x86_64-with-glibc2.36,3.12.12,400,0.6620999574661255,0.0,0.699999988079071,0.8999999761581421,1.0,0.1894560307264328,0.007,0.029,1000,1580.0331346690655,632.8981197026908
llama-128-ip,roargraph,bachrach,129,256921,False,10,1,fig3,360987.29494726285,l_pq,0.0,0.0,0.0,0.0,0.0,0.0,0,0.0,0.0,0,,,,100,2026-08-17T19:37:13+00:00,,False,reference-machine,Intel(R) Xeon(R) CPU E5-2620 0 @ 2.00GHz,Linux-6.1.0-41-amd64-x86_64-with-glibc2.36,3.12.12,500,0.6866999864578247,0.0,0.699999988079071,0.8999999761581421,1.0,0.17808175086975098,0.005,0.036,1000,1958.4837649017572,510.59907563245116
llama-128-ip,roargraph,bachrach,129,256921,False,10,1,fig3,360987.29494726285,l_pq,0.0,0.0,0.0,0.0,0.0,0.0,0,0.0,0.0,0,,,,100,2026-08-17T19:37:13+00:00,,False,reference-machine,Intel(R) Xeon(R) CPU E5-2620 0 @ 2.00GHz,Linux-6.1.0-41-amd64-x86_64-with-glibc2.36,3.12.12,600,0.7031999826431274,0.0,0.699999988079071,0.8999999761581421,1.0,0.1713760793209076,0.004,0.036,1000,2336.2087262794375,428.04394519686787
llama-128-ip,roargraph,bachrach,129,256921,False,10,1,fig3,360987.29494726285,l_pq,0.0,0.0,0.0,0.0,0.0,0.0,0,0.0,0.0,0,,,,100,2026-08-17T19:37:13+00:00,,False,reference-machine,Intel(R) Xeon(R) CPU E5-2620 0 @ 2.00GHz,Linux-6.1.0-41-amd64-x86_64-with-glibc2.36,3.12.12,800,0.7270999550819397,0.0,0.699999988079071,0.8999999761581421,1.0,0.15676602721214294,0.002,0.04,1000,3116.489485837519,320.87385647998167
llama-128-ip,roargraph,bachrach,129,256921,False,10,1,fig3,360987.29494726285,l_pq,0.0,0.0,0.0,0.0,0.0,0.0,0,0.0,0.0,0,,,,100,2026-08-17T19:37:13+00:00,,False,reference-machine,Intel(R) Xeon(R) CPU E5-2620 0 @ 2.00GHz,Linux-6.1.0-41-amd64-x86_64-with-glibc2.36,3.12.12,1000,0.7437000274658203,0.20000000298023224,0.800000011920929,0.8999999761581421,1.0,0.1462884396314621,0.0,0.048,1000,3912.0418657548726,255.62098625624978
